-1.242464 21.300704 5
7.975574 -20.711939 3
7.024217 -9.961158 3
-15.917278 3.324964 2
23.378808 4.340431 4
-14.039076 7.901679 2
21.367502 5.267781 4
-2.913290 -21.064749 3
-5.264140 1.193628 1
-5.443632 8.044130 1
11.193307 16.897254 5
3.067765 -12.049347 3
-2.389811 -4.838948 1
-23.267150 -1.886782 0
24.485341 2.726980 4
-1.395407 -15.793385 3
17.171926 -2.436197 4
5.597178 -12.997076 3
-2.936910 -14.291193 3
-13.708296 8.795822 2
6.388511 19.489908 5
0.075813 -10.261926 3
-8.087460 -8.847418 0
-19.219050 -4.543597 0
17.495562 4.654117 4
6.157147 -5.359393 1
21.306391 8.080977 4
4.783487 -5.144980 1
0.420956 -7.402934 1
-14.433589 9.382692 2
0.251855 26.631770 5
-13.580187 7.417393 2
-5.020980 -3.689701 1
-6.009172 -11.213945 0
17.994299 3.550174 4
-3.202317 -9.566446 1
6.213336 15.868536 5
-13.471965 9.963922 2
-0.070442 -11.724993 3
-20.773550 12.784981 2
-4.367965 -10.773394 3
25.125495 0.783498 4
2.845619 -9.386613 3
5.681084 -10.296968 3
-3.592927 -18.916869 3
-20.784317 3.083379 2
2.991817 -11.483672 3
1.674615 -10.750303 3
4.941662 20.807642 5
3.978212 20.873355 5
0.962647 -6.815279 1
6.205494 -7.286624 1
6.935837 -13.321725 3
1.628697 -10.105694 3
10.803699 -9.127668 3
10.264316 13.968057 5
3.215267 -9.638931 3
6.747011 -11.704295 3
22.374773 10.577790 4
-19.389594 -8.159170 0
-23.617273 3.663825 2
4.795645 -11.758408 3
-23.927057 0.568139 2
-21.506529 -8.852534 0
28.158966 7.342685 4
21.391895 11.120808 4
21.301695 8.252324 4
14.674052 17.154923 5
19.438499 -4.399145 4
-7.776530 -19.182058 3
7.985156 -10.835283 3
-6.105899 -5.703596 1
6.309701 20.023255 5
-18.469869 11.762780 2
-1.300861 0.890757 1
2.990478 -9.243365 3
2.711477 -11.296845 3
6.621721 -14.000322 3
-3.381188 22.825891 5
-1.311816 23.779406 5
0.221619 -15.519941 3
1.314738 -19.631165 3
21.680489 7.087053 4
-20.302207 -5.421164 0
-3.727234 -2.336490 1
7.460981 -20.885574 3
6.539194 -3.769386 1
18.103889 -13.293178 3
22.153973 2.310187 4
-24.134652 -1.742598 0
3.200732 -14.061933 3
-20.685453 -14.931023 0
-20.180520 12.024140 2
12.643448 -20.301767 3
-0.239682 -17.459423 3
20.227169 -4.704138 4
3.101783 -10.398596 3
22.593273 0.792563 4
-24.682378 -5.150945 0
19.879987 -19.228507 3
22.739616 4.989445 4
8.571775 23.508381 5
0.138961 -3.924301 1
-14.343245 -23.019184 0
24.435131 1.242703 4
-16.377907 11.468937 2
18.049939 -1.344809 4
-0.809975 -9.244320 1
3.697170 -11.302072 3
0.902124 -7.022235 1
16.773753 -1.387535 4
18.768967 2.728917 4
2.338063 -17.626169 3
-2.005862 -10.540103 3
3.581273 -11.294597 3
2.828076 -7.454207 1
-4.892803 -4.589343 1
-3.121345 -16.190128 3
0.260888 -15.962160 3
-11.967807 11.410510 2
-3.314340 -3.744713 1
16.671730 -12.216048 3
0.095252 -18.773002 3
-3.601093 -14.872078 3
24.512501 1.224135 4
-16.231506 -0.572247 0
7.673122 21.082522 5
1.829080 -10.788255 3
-15.325235 13.922364 2
4.366447 -15.688282 3
1.930001 24.111881 5
-3.901104 3.879585 1
-8.374819 -7.693358 0
-19.615758 -11.986999 0
18.462327 -14.990665 3
-0.909488 -13.236609 3
14.567133 17.247282 5
1.080144 -18.019884 3
1.228178 -5.196281 1
-18.320618 13.978717 2
3.623788 21.442993 5
2.807081 -7.258271 1
-10.059072 -11.451521 0
-26.945372 0.760734 2
22.351926 -10.777743 4
-4.388127 -17.546273 3
18.026196 10.334094 4
4.874987 -20.383180 3
4.163483 -0.233093 1
-18.433622 11.916169 2
8.092495 22.230296 5
-2.291423 -2.504743 1
-11.976118 -14.193986 0
-16.982766 -7.925544 0
19.582336 -12.419102 4
6.378583 -2.173776 1
19.923174 6.905394 4
3.789379 -19.589978 3
7.145246 -12.251191 3
-16.182695 11.555134 2
6.026076 20.826071 5
-13.062214 8.227601 2
1.501271 -15.417840 3
5.163378 -11.070824 3
18.211504 15.389526 4
2.436954 -10.318524 3
4.334878 22.659606 5
-14.506045 12.466873 2
3.739943 -6.826610 1
-16.897801 12.658316 2
4.125977 -12.551955 3
25.344002 -12.558203 4
-2.272210 -3.426016 1
0.078248 -20.037704 3
-2.227336 -19.549861 3
-21.501731 -8.641543 0
-2.408507 -9.729030 1
-2.023009 3.600466 1
2.822876 24.325250 5
10.894733 16.197847 5
-9.623865 -9.773046 0
-9.759953 -12.596955 0
0.847898 -22.065565 3
-5.047307 -0.973552 1
0.238989 -4.717351 1
10.678264 21.467190 5
2.116068 -7.344286 1
-3.263352 -8.899761 1
15.703210 13.257589 4
-26.137655 3.550023 2
-19.184549 -2.186575 0
8.894058 -21.127047 3
-21.976379 2.224072 2
-23.049850 -2.398005 0
20.350973 -10.495990 4
23.695692 5.459078 4
18.485240 13.331332 4
18.959031 16.678902 4
21.131047 -12.683028 4
-10.347609 10.459288 2
7.253805 -9.927300 3
-0.137298 -12.348536 3
5.743806 24.512910 5
-14.944617 5.347717 2
2.873215 -3.921926 1
-8.973124 -12.256102 0
-0.077870 -14.714098 3
-5.461637 -12.591309 3
14.915451 16.404280 5
11.214994 20.683282 5
1.436915 -5.370162 1
1.237204 -23.606613 3
17.388494 15.879130 4
-20.426731 -6.701476 0
-5.387635 -9.300223 0
1.003418 -10.743255 3
5.741689 -19.702653 3
-18.302580 -9.618806 0
-1.603896 -0.218318 1
-19.902230 -8.791097 0
-14.083317 5.219879 2
7.539634 -10.927792 3
-1.682714 -21.688008 3
19.499693 2.260751 4
1.773204 2.957082 1
26.314508 -11.814603 4
-17.848904 -9.106233 0
3.978854 -10.980061 3
24.814583 -13.171532 4
0.148344 25.071215 5
-0.208834 -10.988435 3
-13.580386 -9.069573 0
17.453350 13.727404 4
-13.909229 9.510069 2
9.896742 21.564807 5
9.527870 -9.752174 3
-0.226970 -20.873738 3
7.618830 -8.639578 3
20.794939 -12.964756 4
22.218527 -15.953937 3
5.579710 -20.447423 3
1.500567 1.404430 1
5.399485 -15.750435 3
-1.284896 -0.546042 1
-4.207976 -12.124358 3
4.410650 -11.097676 3
3.164762 -12.875253 3
17.568409 -8.241486 4
1.328707 -7.475733 1
-0.329039 -8.075012 1
22.655815 -13.377822 4
-8.995438 12.677295 2
7.871894 23.183533 5
-1.793936 -2.939004 1
-4.017105 8.378535 1
5.231724 -5.305497 1
5.668863 18.800177 5
10.803172 -21.276894 3
-10.686168 -4.212338 0
-19.444006 3.363665 2
21.003211 -1.569853 4
-11.543249 11.222739 2
14.599322 15.591980 5
-5.707117 -22.362273 3
-6.602216 1.648580 1
-7.938978 -8.650080 0
3.104860 20.793676 5
8.722355 -18.532782 3
-10.720765 -6.661683 0
-15.684939 -1.181962 0
26.433375 -3.959496 4
-6.193637 -17.541961 3
18.399377 15.182648 4
1.054829 -17.754848 3
1.765850 -9.181842 3
-4.314804 -17.145729 3
0.624456 20.833136 5
13.467572 -18.036719 3
-13.259768 -5.214019 0
-22.554461 0.800289 2
23.398010 -1.000232 4
-8.866391 1.549500 1
15.052966 15.348473 5
7.357769 -14.380185 3
7.001320 -7.638633 3
-23.498846 8.650202 2
5.811686 18.472206 5
-17.482959 10.626981 2
-7.563670 5.136113 1
-6.992580 12.787876 2
17.787797 9.984333 4
-8.619889 14.446434 2
-3.217569 18.978973 5
-15.210408 6.716889 2
-2.647991 -1.802710 1
-15.982750 13.868573 2
-1.056860 -1.733402 1
27.521058 4.077701 4
14.189659 -18.866697 3
-4.129849 -17.725291 3
1.364540 -13.754120 3
-20.546450 0.007630 2
-7.043445 1.478655 1
9.658290 -16.946352 3
3.677941 20.506178 5
-0.621422 24.827863 5
-12.440026 -1.549056 0
-10.049264 -5.367394 0
-5.319464 -19.579861 3
-8.161834 4.372737 1
-13.291906 -8.997864 0
1.122069 21.362812 5
5.531522 -11.468964 3
-12.317365 -3.689473 0
5.455649 13.558684 5
-16.315961 -3.340990 0
-20.748611 -1.960534 0
1.897233 -16.587342 3
-25.411490 0.600875 2
-20.419776 -1.722862 0
28.936434 2.704816 4
14.113274 17.010563 5
14.658473 14.989364 5
19.164506 11.150548 4
25.986545 2.502226 4
-3.236916 -11.367867 3
11.316975 -20.424134 3
5.408367 1.121734 1
2.021357 20.758332 5
-6.938673 -13.625176 0
-5.412736 2.732423 1
-15.580592 -7.852032 0
-4.807354 4.535624 1
-15.041276 -3.788897 0
3.447673 24.506122 5
0.554659 18.048337 5
8.300841 -25.310941 3
2.670966 -14.299582 3
20.672497 5.298543 4
-20.487510 -0.607906 0
-15.995500 -6.268174 0
6.897825 -20.544882 3
0.998661 -14.253419 3
26.403552 -4.105661 4
13.851037 16.777929 5
-25.257802 -2.725379 0
10.908997 -23.001730 3
-16.088139 -2.678336 0
-7.257154 -6.061202 0
10.231104 -20.770959 3
-1.964265 -17.365958 3
17.385598 11.175435 4
1.960103 -4.373013 1
30.398190 7.809263 4
-10.474688 0.991573 0
3.455346 -25.271383 3
20.749357 -6.338570 4
1.092243 20.389634 5
-10.224506 11.605441 2
-22.423567 3.886592 2
17.221632 17.635652 5
-7.867421 -13.371584 0
14.937945 15.610888 5
15.202000 -12.630994 3
4.361358 -16.937895 3
-7.950361 -1.261782 1
29.543010 9.417927 4
28.014787 -0.692357 4
0.138018 -16.037900 3
-13.813045 -5.036494 0
-6.970659 1.156301 1
-11.404784 -6.748945 0
-12.915180 -11.080282 0
-13.417816 11.473901 2
5.184654 -11.939002 3
0.750189 -1.015348 1
-2.122813 -13.816694 3
28.808526 1.742925 4
-6.873230 8.221341 2
-4.886976 1.737166 1
26.770173 -1.264023 4
2.311704 7.574772 1
2.491111 23.959264 5
3.404952 -11.952938 3
-0.183375 -8.217287 1
-23.689161 -1.869967 0
-5.287445 25.013071 5
-5.998354 2.439990 1
-7.642866 -11.192178 0
-21.269968 1.718021 2
17.858529 -3.761066 4
-10.163708 -2.926181 0
20.694775 10.952139 4
2.578746 -8.597373 3
0.110846 -1.121845 1
-19.455270 9.673466 2
-0.740358 24.838484 5
2.486415 -10.518600 3
-7.098567 -1.946796 1
-17.392462 8.252491 2
22.053087 -9.620271 4
-1.509912 -8.137482 1
13.953028 8.059848 4
3.371623 -5.449743 1
-3.660281 -8.252569 1
-13.672460 11.060157 2
4.533738 24.059469 5
4.511662 -8.415741 3
-6.083819 -5.873770 1
-9.335975 13.691838 2
22.123983 -8.122724 4
-0.456933 -5.956203 1
16.242261 10.182705 4
6.321146 -4.757999 1
5.118912 6.860833 1
-14.626462 11.370180 2
7.517166 16.952483 5
-10.586119 10.716522 2
-15.268580 1.088939 2
-3.479736 0.471505 1
10.066780 11.132883 5
-12.221878 5.194272 2
-2.747666 22.528422 5
-13.219910 10.173381 2
-4.753111 1.496232 1
-20.742047 11.825303 2
-5.503820 -1.858051 1
19.247106 -6.457176 4
-1.333763 -3.423969 1
7.200759 -1.848047 1
-4.342780 -16.618258 3
-20.751864 6.639835 2
-1.527044 -4.494783 1
1.513633 -7.785118 1
2.746539 26.468578 5
5.400843 21.471951 5
-10.338203 -6.216411 0
-11.597953 -8.608122 0
2.533095 -7.084580 1
-6.963296 2.589684 1
-12.490880 -5.149690 0
-5.293307 26.183614 5
-0.318758 -3.317915 1
-11.777934 -1.999186 0
11.085064 7.345938 4
-14.127160 4.507711 2
-11.383048 9.669563 2
6.202416 -0.751966 1
-13.884164 9.593472 2
-12.831919 9.168125 2
22.531502 -4.816221 4
19.301114 12.787833 4
16.735249 8.024112 4
17.504460 11.861602 4
20.209654 -6.168084 4
-21.085969 10.850687 2
-0.459933 -8.101287 1
-5.311301 6.263279 1
2.147756 18.897235 5
-11.903136 6.984616 2
-5.803665 0.198506 1
-5.594110 -9.854173 0
-6.745696 -3.507609 1
-8.891500 -8.360461 0
-0.918743 23.858188 5
0.101661 27.173443 5
6.475797 -12.766366 3
8.935959 0.750086 1
21.052538 9.422380 4
-13.626502 8.172447 2
-6.026775 -2.910039 1
12.737132 -12.166310 3
-5.284335 -14.053198 3
17.427912 1.068150 4
13.591039 10.914151 4
-12.846909 8.046047 2
-0.320051 -10.569452 3
-15.965376 3.905944 2
-11.818942 8.804146 2
1.470929 -11.216980 3
-1.545135 -2.281677 1
12.829690 13.271483 5
-2.358811 9.125286 1
21.334747 -4.382126 4
-15.262890 3.463599 2
1.329316 -5.764149 1
20.778014 -7.082337 4
2.872132 22.413432 5
-7.050865 -3.145663 1
-12.032943 6.280102 2
20.853791 11.251325 4
-6.655202 10.773070 2
21.168751 -3.886700 4
2.242132 -3.641521 1
4.876746 -6.269825 1
-5.057476 -2.056531 1
14.954733 -3.346672 4
21.629040 -4.030349 4
2.856552 -2.379522 1
-6.506724 -4.213332 1
-1.343938 8.196542 1
-11.093937 -6.845897 0
2.998457 -9.786803 3
0.468901 -9.817287 3
-1.387617 -11.185391 3
-11.005176 13.245515 2
8.423691 -1.300915 1
20.340921 -1.849112 4
-2.490354 -4.099120 1
0.601343 -9.399456 3
18.931376 -9.536402 4
-12.823093 9.464273 2
0.555412 22.312019 5
-5.925574 8.722605 2
-14.707621 12.650080 2
-7.926983 -2.247473 1
-3.556234 23.981058 5
-0.822444 -5.700484 1
-3.036644 -3.735523 1
-13.982829 13.522803 2
19.363800 -6.429488 4
-2.004086 6.348767 1
13.965946 12.406332 4
-5.817104 -18.486990 3
3.534640 -7.980983 1
-7.984606 9.969525 2
0.170772 22.040857 5
-0.261588 -4.032524 1
-5.145769 -7.523781 1
-19.299445 6.315330 2
11.842437 -7.615666 3
-9.952532 14.506057 2
12.644268 14.674852 5
-7.196741 -22.225615 3
3.914248 -2.944020 1
-8.666236 14.084956 2
-6.480702 18.389442 5
1.621513 -6.371906 1
-8.145094 -2.983381 1
-12.094713 2.296794 2
22.370507 -1.408201 4
-13.626072 10.871385 2
13.120312 17.225551 5
-2.481139 -15.902673 3
-3.841081 -2.196771 1
-13.654865 9.376099 2
0.219233 22.116989 5
-6.162755 -4.818085 1
-11.865767 2.318502 2
-11.268852 14.367024 2
14.019327 11.828556 4
-11.518260 11.836110 2
-6.201588 23.107458 5
-19.437108 12.572804 2
6.052271 -1.613091 1
-8.383116 6.143429 2
0.452091 -5.680350 1
19.270872 -2.747033 4
7.487973 -3.564806 1
3.764741 -16.590935 3
-4.369343 -20.233734 3
-17.921565 5.721836 2
-13.251665 12.158920 2
11.940920 -2.769932 4
-2.481858 24.673313 5
-4.927012 29.227898 5
-10.382002 -8.208780 0
-5.040284 -5.237827 1
-5.783731 -16.594612 3
3.193442 0.215997 1
-12.717194 -5.477011 0
3.642201 21.211199 5
9.668311 -2.927279 1
-6.186580 -5.766584 1
12.990639 8.200017 4
-15.084788 7.945255 2
-19.644158 10.327741 2
-1.344585 -19.299261 3
-10.994931 7.747119 2
-11.788679 6.606313 2
24.760303 -2.613480 4
12.795997 15.139821 5
18.386957 12.258183 4
12.507771 16.070934 5
14.702609 -9.109051 3
-13.902884 13.973865 2
12.113860 -1.081507 4
-8.336399 7.456433 2
1.702811 18.880183 5
-19.064892 10.131592 2
-7.961548 13.566751 2
-10.493312 -4.152181 0
1.020572 -1.204525 1
-12.993244 -2.854035 0
-8.690885 18.079526 2
-1.790478 20.111906 5
8.287910 -5.271974 1
-5.376324 -20.942821 3
14.424139 12.410957 4
-14.134947 5.791645 2
-3.220948 -0.138711 1
4.984411 -4.737853 1
-2.102653 -20.898915 3
16.904364 -6.461282 4
17.772230 6.108175 4
-9.385010 1.243146 1
8.951086 -1.658302 1
-8.296209 4.497182 1
-10.177181 14.646048 2
0.511192 -9.257633 3
2.714596 -19.350158 3
16.428099 14.487085 4
2.404013 -6.213777 1
18.473792 -2.065975 4
-19.466221 4.320466 2
7.935712 -11.535241 3
19.809244 -3.608569 4
-8.750576 19.154651 2
-11.452914 17.139975 2
-16.950511 6.498636 2
17.498622 12.541579 4
-9.239770 11.327427 2
14.502809 13.943957 5
-0.227700 -6.159336 1
-4.588600 -20.339040 3
-10.554568 6.604304 2
15.692490 0.215706 4
24.343980 -0.746796 4
-2.910782 -17.458924 3
-7.637197 -8.704793 0
6.527515 -2.389228 1
-18.983467 -9.236681 0
-7.460149 -5.162257 0
-1.834730 2.610715 1
-6.355398 -22.179235 3
-20.845401 12.372078 2
-12.276023 13.286279 2
12.516775 -6.253484 4
1.989772 -1.608825 1
3.608600 -10.416135 3
15.023500 -4.428319 4
-18.411764 16.403158 2
-2.946454 24.668201 5
2.443221 -6.676244 1
-13.711488 11.451896 2
5.690964 -6.475000 1
3.173196 23.444839 5
10.273547 -26.104979 3
-11.272559 -5.636738 0
-15.869071 -1.519677 0
23.261442 -10.446527 4
4.483034 1.584138 1
16.786835 12.664960 4
-1.616172 -17.752297 3
-5.980564 1.198145 1
2.389804 2.552752 1
-0.861636 11.506142 5
13.680098 -16.053842 3
-10.485988 -2.939341 0
-18.584101 7.662466 2
27.129339 -9.223452 4
2.476546 0.180210 1
19.348195 13.762186 4
2.115261 -18.866590 3
-1.312821 3.820275 1
7.554512 1.639685 1
7.584390 21.169327 5
18.086152 -11.133358 4
-14.488336 -2.811233 0
-14.567008 -3.195652 0
17.060685 -3.616989 4
0.795602 -2.730045 1
17.375260 13.788749 4
4.026253 -12.867630 3
-3.223243 3.506048 1
1.679112 7.323419 1
4.984114 19.327017 5
10.352136 3.057724 4
18.282006 3.172873 4
6.350833 -13.740569 3
20.334288 18.231796 4
8.358579 -8.136566 3
-0.044692 24.941046 5
0.959047 -4.421731 1
-3.701751 -2.490568 1
8.368572 1.336010 1
-3.716717 0.082588 1
18.314939 -10.652431 4
10.263064 -22.184454 3
14.532599 -7.269189 4
7.953718 -8.355025 3
-11.698568 6.686378 2
4.361816 -9.625930 3
10.439173 -19.615862 3
7.600544 22.409879 5
-0.075319 13.221733 5
-15.035854 -5.825098 0
-10.838874 -8.282165 0
4.203219 -16.219767 3
-0.544354 -6.221371 1
-10.127131 -8.495950 0
14.661274 9.530122 4
0.688529 -24.234674 3
-9.785708 -3.035252 0
11.813823 18.131799 5
-24.351457 6.584281 2
-21.963910 -0.084072 2
0.626903 -17.031789 3
-24.423142 6.373240 2
-23.341139 -4.041497 0
15.787011 -5.939971 4
15.406698 14.821170 5
17.525144 8.813591 4
15.155370 15.862571 5
22.430083 -6.678599 4
5.301261 -0.359400 1
15.217446 -14.179626 3
9.784282 6.029606 4
8.384880 19.950603 5
5.158297 -3.012028 1
11.520623 1.836417 4
-13.564419 -9.865169 0
-3.356924 1.778834 1
-6.118187 -5.582801 1
5.683848 17.753242 5
3.842015 23.176089 5
0.654738 -26.248191 3
3.678708 -13.616953 3
17.922884 15.611527 4
-20.924331 2.177213 2
-9.701497 1.367190 1
7.951529 -14.978685 3
9.749384 -9.915997 3
25.177116 -6.755089 4
19.933654 8.777351 4
-21.214237 4.775242 2
9.890031 -16.849832 3
-5.128848 -3.566644 1
0.963257 2.601855 1
13.827041 -18.479255 3
7.767106 -14.616478 3
15.262015 16.864338 5
0.360118 -8.625390 1
19.614783 -5.659419 4
-9.669995 -0.179263 0
14.774381 -17.520815 3
7.686260 -11.845679 3
4.147646 22.535637 5
-3.683743 6.820487 1
-16.817310 -9.021540 0
23.078787 10.537304 4
9.810912 -2.779408 1
18.241705 8.157180 4
10.783380 -22.185312 3
5.628496 -12.495438 3
0.945232 -11.029649 3
14.900435 -0.757686 4
16.046398 -9.786437 4
12.646136 -8.189082 3
-13.804822 -9.848958 0
9.990266 -9.492750 3
-13.306870 -7.437551 0
-12.464755 -8.606128 0
7.930309 -8.319318 3
-2.428072 -19.856588 3
9.146026 -0.317851 1
3.878270 -0.185239 1
23.461994 2.627471 4
-2.730999 4.835199 1
7.189007 -4.677031 1
13.846126 -11.445389 3
1.628434 3.564050 1
3.383375 17.331880 5
-0.952320 4.739661 1
8.346806 -10.959711 3
3.555865 -3.700570 1
-3.178800 19.642018 5
2.466953 -26.849001 3
-11.557652 -8.733966 0
-5.425496 2.012874 1
28.285310 3.152086 4
-3.830706 -19.707290 3
9.106142 20.987943 5
-2.326964 -16.244803 3
4.274115 0.959798 1
-19.440977 13.897693 2
-4.077017 26.572975 5
-2.396889 -20.546048 3
-13.493499 -9.748500 0
-21.119164 -1.601076 0
29.796871 -4.144143 4
-1.465824 -8.252033 1
7.882243 19.749027 5
-2.870088 -21.400486 3
8.259202 -3.838025 1
-8.866730 14.902475 2
4.204220 17.952141 5
4.180720 -26.247327 3
-9.831257 -4.891488 0
-22.219849 1.745821 2
25.822760 2.397040 4
-1.372833 -10.525574 3
14.542893 11.374157 4
-6.869831 -22.778464 3
10.248497 -7.963040 3
-11.388468 13.694602 2
3.974544 25.328941 5
-16.601880 15.431573 2
-7.842510 -21.691152 3
8.272471 -12.355047 3
11.102622 18.514015 5
-4.499441 -21.550234 3
3.506767 23.540916 5
-11.020300 9.188150 2
-5.789813 1.477978 1
-17.700642 14.545763 2
-5.567003 3.346284 1
28.954934 3.086634 4
12.414640 -9.529955 3
-8.293646 -18.043342 3
-3.103421 -17.051695 3
-20.510347 0.262175 2
-1.369886 -16.444428 3
7.565770 -18.830679 3
1.782182 17.813836 5
5.329623 17.273265 5
-12.605759 -11.936964 0
-0.220606 5.931592 1
2.780055 -16.508358 3
0.929277 4.952437 1
-9.319212 -6.724650 0
3.600723 21.801569 5
-0.032630 -3.011980 1
-7.371942 -8.917345 0
20.522996 6.230942 4
-13.919865 -6.509679 0
-12.372456 -5.774082 0
-7.355677 -20.597790 3
-18.631565 -1.458906 0
-16.283436 -7.089244 0
27.081479 -0.995826 4
19.722594 12.849416 4
13.876547 15.097528 5
11.269102 17.186340 5
28.855260 -0.733254 4
-16.484680 16.677252 2
0.873927 -21.475605 3
-2.952559 -13.577193 3
6.808616 22.568982 5
-12.545511 11.035495 2
-3.761112 -16.986883 3
-3.776912 -3.914409 1
-6.095009 -6.816268 1
-3.051591 -1.933882 1
11.661058 13.089851 5
-5.188335 21.288471 5
10.955673 -12.789963 3
-5.247480 -18.784731 3
19.012130 18.342149 5
-21.434227 -0.440586 0
-11.726434 -12.347074 0
9.338460 -19.613725 3
0.810357 -17.382103 3
25.360939 13.605954 4
11.160642 17.381986 5
-19.219032 -0.942409 0
10.303117 -25.315348 3
-21.400463 1.270807 2
-12.624691 8.312567 2
9.037872 -22.529894 3
-1.226625 -21.227998 3
13.314172 17.036247 5
1.893463 -3.742436 1
25.468960 2.354564 4
-13.942335 1.738004 2
5.710601 -26.002114 3
25.584329 4.382602 4
-2.901891 22.781283 5
-4.280684 -14.662989 3
-17.455902 -1.675664 0
18.884861 2.363645 4
-16.915228 12.734661 2
17.435002 16.199933 4
6.174550 -26.174606 3
-0.020320 -18.567176 3
1.775986 -12.067848 3
27.285128 -0.547053 4
28.707058 -0.364119 4
-2.236158 -19.228287 3
-3.990930 -2.813578 1
-1.568736 -5.500212 1
-7.357994 -6.891200 0
-13.455147 -5.395890 0
-9.308942 -15.049702 0
-7.810119 -20.212275 3
-14.861280 13.810271 2
-2.090019 -13.071671 3
29.465877 3.928558 4
-1.740450 -3.491808 1
0.162547 7.631267 1
26.442740 9.450718 4
-11.435531 16.015808 2
6.750326 20.862130 5
1.094143 -4.382606 1
-20.876884 12.067973 2
10.442180 -6.781834 3
2.968815 -5.777877 1
-12.324838 -11.265192 0
-19.204071 8.964806 2
28.245531 9.671043 4
-9.446960 3.458224 2
12.451283 17.782758 5
5.178306 -8.525690 3
-8.943737 4.962136 2
-19.463447 10.802664 2
-3.548415 24.914554 5
-1.882168 -6.995232 1
-7.000468 1.132127 1
-17.906917 7.791906 2
28.709927 6.944061 4
-13.137635 13.582621 2
15.833558 17.147239 5
-3.109184 -13.860393 3
-9.618135 0.899560 1
-20.154368 13.971516 2
-4.374153 22.690360 5
7.704894 -5.218928 1
-15.910385 -11.047416 0
-20.282990 6.162879 2
20.412501 5.573298 4
-13.248519 13.588741 2
10.349938 16.034182 5
0.378073 -13.087179 3
-7.183326 3.861343 1
-21.760300 9.036030 2
0.730387 24.523241 5
-24.957641 13.089663 2
-15.055256 16.892368 2
-13.744117 12.730699 2
15.362151 16.432299 5
-15.869016 15.071218 2
-6.381452 22.770107 5
-17.698596 14.895893 2
-11.371574 5.100725 2
-21.270552 14.252523 2
-6.501918 -1.697023 1
22.774556 3.566478 4
-7.896805 0.995163 1
3.481575 -14.824969 3
2.751450 -12.729012 3
-14.413066 6.435648 2
-14.694125 17.870038 2
-5.154033 2.437120 1
-14.011798 -13.545863 0
2.439249 -12.739780 3
-11.488938 3.783906 2
-13.127205 -6.044173 0
-4.564471 23.033051 5
-0.270794 -0.092614 1
-11.240709 -10.762608 0
9.565442 17.130024 5
-20.037817 4.548009 2
-19.651794 8.074433 2
0.628711 -13.973074 3
-13.963446 10.800437 2
-17.113578 12.485461 2
16.828997 6.664867 4
17.399968 15.948288 4
14.039874 15.722338 5
13.316552 15.143396 5
19.998183 -0.199676 4
-18.378832 10.664690 2
-4.998899 -3.604646 1
-14.382108 11.286287 2
-10.256772 24.183023 5
-21.102602 10.042362 2
-14.819835 14.488598 2
-16.390868 -3.620818 0
-8.768292 6.201525 2
-12.083420 -10.566521 0
-7.024239 19.846502 5
-7.135953 23.982481 5
-2.558440 -2.362831 1
-2.658436 -17.739227 3
10.670921 16.656131 5
-7.897528 14.167618 2
-11.858984 -11.229446 0
3.806163 -4.546423 1
21.689469 14.013763 4
19.874823 8.271114 4
-21.697362 8.449347 2
-1.974706 -5.404606 1
-12.773490 10.313274 2
-13.801211 14.239473 2
-2.243815 -5.807369 1
5.427943 -14.168790 3
16.590841 11.863233 4
-6.426920 4.903961 1
13.641785 6.709274 4
-17.137695 4.084039 2
-3.951177 -1.444975 1
22.430509 -1.427556 4
-4.211082 23.046095 5
-12.252994 3.729752 2
-17.462937 12.148051 2
15.664438 16.099925 5
-22.685625 14.479379 2
15.971909 16.512532 5
-0.341751 -0.830328 1
3.244080 -12.374890 3
-13.793846 16.420154 2
27.182509 3.237642 4
20.542262 4.768899 4
-1.482581 -14.957042 3
-12.173834 -5.862617 0
-7.767442 7.392252 2
-11.180087 -7.321936 0
-13.676987 -11.317306 0
-12.556215 18.647981 2
1.280056 -14.163307 3
-17.680903 16.217184 2
-16.848873 12.734758 2
13.668366 -3.938772 4
24.490129 -2.878274 4
-10.818240 7.102654 2
-12.346188 20.083276 2
-9.099755 0.948515 1
-21.163584 10.484240 2
-11.686317 4.819380 2
0.942237 21.121990 5
6.545741 -16.017115 3
-11.526552 -4.199573 0
-23.102520 5.380433 2
16.969604 -1.915867 4
1.750528 -12.096787 3
12.694664 16.655093 5
-5.342185 -18.249604 3
1.541256 -3.882902 1
-12.904705 -1.020652 0
3.804873 26.313290 5
8.801092 -16.906452 3
-8.734438 -7.636844 0
-23.314924 5.367164 2
14.518353 1.064016 4
-4.600236 -10.635408 3
11.047638 19.404497 5
-0.040789 -15.975017 3
-11.232268 -15.304330 0
-10.898543 7.617792 2
2.085751 22.826062 5
8.628822 -24.745845 3
-15.195024 -3.052010 0
-24.527582 3.247776 2
21.230785 1.021198 4
-4.149180 6.236479 1
17.196120 12.459937 4
-1.256473 -14.438516 3
-8.261205 0.691471 1
-12.440466 7.377896 2
-2.831108 23.982132 5
-7.933787 -0.116047 1
3.294043 -4.837081 1
1.223605 -7.689032 1
18.865116 5.969097 4
9.199309 -10.949359 3
7.098537 25.647205 5
-13.077872 6.820934 2
-4.566548 -0.533713 1
-8.578178 4.834650 2
-3.835460 -6.527725 1
16.419006 6.677279 4
9.216141 -19.751343 3
-4.966113 -15.253641 3
-3.030527 -14.730078 3
-24.118966 2.542842 2
-6.642149 -1.007113 1
12.559019 -22.363165 3
4.604870 18.375400 5
0.329067 19.988337 5
-5.529461 -15.183113 3
-9.439883 -17.313473 0
-15.501885 -7.882807 0
-5.056677 27.370755 5
17.173132 -11.610571 3
-14.310858 -5.213988 0
16.614160 7.086216 4
-31.191685 8.281264 2
-28.331489 3.119938 2
-3.784426 -19.796351 3
-28.843514 7.489792 2
-28.793636 4.345449 2
18.095296 0.208004 4
15.433887 12.517355 4
17.281839 8.032431 4
19.729159 11.119853 4
5.150288 -7.730019 3
-9.727804 10.391199 2
6.826713 -25.256407 3
3.720346 0.861869 1
-3.283514 22.179589 5
-11.249930 -4.475249 0
2.431002 -12.653497 3
-12.946118 -3.686609 0
-10.190525 -2.498076 0
-19.167267 -0.808563 0
1.360676 28.116481 5
-0.762712 30.010745 5
13.183395 -19.274289 3
-4.560050 -15.927246 3
23.647509 7.647417 4
-24.865071 4.773885 2
-16.817078 -7.628188 0
5.136415 -23.834313 3
2.403291 -15.256401 3
17.363646 -1.458091 4
17.793267 11.964282 4
-27.905800 4.209688 2
1.291346 -22.218852 3
-3.192587 -13.092016 3
-7.766702 4.863551 1
7.960497 -23.282902 3
1.468711 -15.833296 3
13.679085 12.188841 4
-6.459099 -3.674156 1
20.109614 -6.316047 4
-27.128384 6.092712 2
14.512228 -15.719497 3
23.280231 2.895077 4
-0.829122 21.849868 5
1.445003 -2.267289 1
-27.525585 4.671825 2
19.330268 7.934364 4
-19.505139 9.370841 2
15.116871 15.777917 5
11.668896 -21.656454 3
-7.714524 -19.479236 3
3.407751 11.451200 5
26.059258 9.133758 4
14.341518 3.139486 4
-2.157315 -14.936895 3
-15.351056 -6.454272 0
-5.110202 -9.936371 0
-6.057915 -9.646853 0
-9.174956 -3.931679 0
1.966238 -9.438128 3
-7.461595 -18.051592 3
-17.099757 0.659726 2
9.320108 2.487774 1
23.743947 3.276764 4
-6.034447 -5.421555 1
-8.463655 -5.282835 0
17.561456 -7.216364 4
-2.270552 2.418107 1
-0.338401 26.154787 5
-0.435833 -11.881995 3
-17.359015 -1.118931 0
-4.354878 -6.962041 1
0.364027 22.750925 5
5.705468 -14.526822 3
-12.228388 -6.638949 0
-26.188198 6.117572 2
26.736805 1.802263 4
-0.796067 14.221929 5
5.424643 19.662796 5
-7.038504 -19.045093 3
-11.936816 2.328052 2
-14.676716 16.457945 2
2.390112 18.357153 5
6.279213 -10.887050 3
-16.405381 -12.454243 0
-25.320305 1.860277 2
27.271103 9.049459 4
-5.617757 11.050070 2
17.926189 13.438154 4
-1.395918 -17.002136 3
-0.013712 -8.894421 1
-16.997064 10.146059 2
2.370226 17.637900 5
8.419414 -15.551483 3
-18.173840 -13.437042 0
-25.855448 10.767287 2
20.962757 1.065733 4
-3.885609 -10.684580 3
17.789834 12.398992 4
-0.511654 -15.918724 3
-3.247713 -16.151849 3
-6.488040 12.649793 2
-0.991302 12.191807 5
-17.938612 13.702981 2
-6.692278 4.905934 1
-9.142710 -10.311603 0
17.429840 12.476622 4
-6.013680 -17.433126 3
3.068367 22.757433 5
-16.407352 12.250367 2
-4.365199 -7.940178 1
-18.034413 11.513648 2
-3.173356 -10.291111 3
28.026931 10.202136 4
5.438486 -22.423878 3
-5.926496 -16.590942 3
-6.022521 -19.991564 3
-11.588152 -26.108954 3
8.105703 8.710423 5
4.898690 -16.619300 3
-0.762573 22.844971 5
-0.282786 19.470768 5
-18.790066 -11.309058 0
-15.444901 -11.075967 0
-1.725244 -20.605253 3
-2.226257 -13.514654 3
-12.956910 -7.194063 0
0.538374 16.539593 5
6.968888 -26.450725 3
-18.877875 -9.208424 0
13.823106 14.050432 5
-26.524699 12.123390 2
-23.891869 -5.623389 0
-4.256294 -19.012068 3
-23.407457 -2.740528 0
-28.390843 6.492332 2
26.265145 12.645076 4
15.618671 11.522790 4
18.976158 12.062649 4
19.306451 10.900277 4
27.370690 3.826881 4
-17.235214 11.280880 2
10.061679 -17.467994 3
8.120644 -7.046189 3
2.662111 13.657386 5
-14.510258 8.570064 2
-6.236852 7.699974 2
-19.769004 -11.715818 0
-8.857895 -16.286594 0
-17.169367 -9.110473 0
-3.852953 11.808322 5
-3.498232 17.245442 5
5.478810 -26.881957 3
-7.950547 -17.089808 3
13.559672 12.773672 5
-23.625119 -10.845860 0
-19.768161 -7.352663 0
0.059140 -20.350145 3
-2.683905 -17.042881 3
28.979237 1.187808 4
15.195027 11.213469 4
-23.011336 -1.311332 0
10.707518 -22.566065 3
-21.968244 -0.273235 2
-19.399982 11.234260 2
12.349000 -19.345768 3
-2.146133 -18.684120 3
17.135716 9.587248 4
-10.466393 -14.695099 0
27.797603 6.517160 4
-23.147085 0.894884 2
14.611435 -7.842827 4
29.483329 6.767378 4
2.549524 19.303354 5
-3.369176 -9.641671 1
-23.283533 -12.997542 0
15.367757 13.837169 4
-22.240631 11.002054 2
16.640484 11.551229 4
13.454769 -3.400494 4
-8.969068 -17.104877 0
-0.495694 -8.362890 1
23.818261 6.171024 4
29.940778 8.050657 4
-0.755297 -18.740655 3
-9.199682 -0.408254 1
-1.379218 -5.612829 1
-15.826152 -6.084889 0
-21.878658 -10.871438 0
4.810765 -1.655080 1
-7.515268 -21.311161 3
-18.590331 7.695028 2
-3.619739 -9.060438 1
28.078583 10.042330 4
0.955941 -17.203231 3
-4.244283 -12.886528 3
16.388437 1.771789 4
-23.384419 13.570023 2
-2.581872 7.416116 1
-5.277551 -17.679321 3
-12.100496 8.831253 2
-4.605627 -13.060204 3
3.144808 24.053461 5
-1.763426 1.913554 1
-10.940960 -5.351217 0
-30.222745 0.184315 2
23.470188 11.093146 4
-9.554813 16.207965 2
9.396451 0.821139 1
-4.587891 -18.434844 3
2.692738 -9.994845 3
-20.644779 13.924327 2
8.264397 24.301744 5
6.711690 -17.122365 3
-8.478704 0.132580 1
-25.883101 5.934005 2
20.587735 17.929413 4
-12.544069 6.182689 2
10.861276 2.779608 4
-8.887410 -17.302437 0
1.613775 -13.372894 3
-21.354086 11.648177 2
5.246965 27.897350 5
-2.680888 7.135093 1
-10.081178 -5.578992 0
-21.230867 6.156012 2
18.310019 7.272074 4
1.945799 4.645458 1
11.012126 8.719570 4
-12.623479 -18.350490 0
2.853166 -13.824312 3
-20.140686 13.435007 2
-2.797019 28.918824 5
-19.340386 13.003393 2
-4.925688 5.059347 1
1.324794 4.106687 1
11.897853 9.039355 4
-6.024509 -4.352134 1
9.340212 13.622134 5
-14.144793 11.281764 2
-1.518323 -15.080038 3
-11.701220 11.111706 2
2.928051 -14.088715 3
24.636786 12.411822 4
10.276833 -23.556220 3
-9.110597 -12.994563 0
-12.677501 -15.979702 0
-26.583148 5.038762 2
-4.157926 6.516253 1
5.694774 -26.859604 3
6.455640 26.098354 5
6.471197 25.272463 5
-17.769741 -0.420528 0
-15.171262 8.578030 2
-10.052817 -19.154774 0
-0.749409 -13.329143 3
-12.299407 0.943585 0
-0.735944 24.583574 5
1.992817 1.755539 1
-15.145417 1.645149 2
16.735689 11.918015 4
-18.229573 -2.948747 0
-24.332214 6.150391 2
-6.304586 -19.111762 3
-25.486252 9.175145 2
-28.385970 12.033118 2
23.401068 10.741504 4
13.103676 11.189527 4
13.756180 11.257778 4
14.948251 11.203031 4
29.472928 6.586854 4
-14.761885 10.989143 2
4.130153 -24.427948 3
-0.412601 13.554157 5
4.988804 20.292299 5
-19.357211 13.291041 2
8.878996 7.561887 4
-17.593139 -7.843993 0
3.005662 -6.662548 1
-12.634692 10.875428 2
-1.436613 22.136649 5
-0.897500 22.721945 5
4.294202 -7.837228 1
-8.388080 -20.514360 3
13.891703 4.235581 4
-25.040568 2.299024 2
-10.195744 -5.198813 0
1.436033 -19.968729 3
-1.403113 -18.475613 3
24.698348 10.413859 4
16.729980 4.770309 4
-21.846073 -8.894872 0
2.569318 -25.376432 3
-23.677361 3.367813 2
-19.539172 13.866496 2
7.687197 -23.108487 3
0.086170 -15.337846 3
11.746603 1.793221 4
-6.638420 -16.436153 3
21.033011 13.252723 4
-22.664742 9.329669 2
10.826650 -21.886694 3
28.835974 2.018432 4
5.177204 26.759575 5
10.504773 -3.640992 1
-26.353971 1.415477 2
11.445002 7.745421 4
-18.104701 10.783907 2
10.504121 14.491864 5
11.172224 -17.921118 3
-2.774938 -17.463139 3
-1.975484 -7.326476 1
25.224205 11.224465 4
26.480385 11.217815 4
0.669429 -15.042022 3
-13.714820 5.566091 2
-7.868290 -12.699686 0
-14.124095 -2.586094 0
-14.676130 -2.802832 0
-0.992512 13.596212 5
-6.685481 -18.153891 3
-18.849530 7.542450 2
-11.349284 -2.432163 0
25.395151 9.088481 4
4.910908 -18.118911 3
3.652207 -10.833118 3
28.761999 9.725086 4
-10.029626 10.798887 2
9.273349 16.680870 5
-3.442073 -11.681783 3
-7.419133 19.973882 5
-4.816848 -1.368728 1
-9.763946 -4.816242 0
-17.853081 5.187036 2
18.038979 -2.944272 4
-12.591729 7.053903 2
11.690113 18.622243 5
5.847075 -10.857241 3
-12.456437 4.136837 2
-21.490987 10.406739 2
-3.609510 19.285569 5
-5.569740 4.640325 1
-6.468805 -4.680149 1
-21.345940 7.360632 2
25.668872 -0.496983 4
-13.002528 12.766667 2
9.721384 19.848621 5
1.717737 -10.414271 3
-8.037226 -0.165795 1
-22.951449 10.721176 2
-1.393201 18.128827 5
-3.075045 -0.778692 1
-13.289634 -7.433293 0
-18.593326 1.004714 2
25.010301 -3.659134 4
-8.578872 15.311085 2
11.321953 19.795590 5
2.403699 -12.897894 3
-8.588495 0.684255 1
-22.053573 10.817844 2
-0.540093 20.724581 5
-24.569596 13.530286 2
-13.880436 13.579387 2
-13.941489 11.919319 2
13.214669 15.814483 5
-8.046698 12.308417 2
-1.798196 21.659865 5
-20.550362 11.829290 2
-4.139531 4.527647 1
-22.375191 13.236470 2
-7.137193 2.666239 1
26.680304 0.614820 4
-5.047194 10.395535 2
-3.009395 -14.865717 3
5.545042 -9.543395 3
-21.471238 3.274098 2
-16.737875 14.051314 2
-6.820047 10.696067 2
-1.659586 22.761240 5
-3.771549 20.307364 5
-15.361537 -12.462900 0
-12.936807 -8.207887 0
6.362887 -11.139800 3
4.265927 5.085130 1
-13.458172 -9.602231 0
-5.341738 28.615728 5
-7.721207 10.542512 2
-11.382977 -11.063193 0
10.523157 24.752244 5
-18.419444 3.217959 2
-20.002445 6.741566 2
-0.882364 -16.844668 3
-23.242344 5.167605 2
-27.859990 5.608629 2
23.531236 -2.222206 4
16.280436 16.139645 5
10.590584 20.243306 5
17.070050 15.471323 4
25.714951 -2.505386 4
-21.712301 13.291368 2
-7.317647 10.495191 2
-6.420971 11.691329 2
-5.775679 24.323988 5
-24.946974 11.047984 2
-3.861099 11.018592 5
-11.552087 -10.744030 0
-7.073057 0.210008 1
-14.352367 -9.609172 0
-6.642091 26.955652 5
-1.013780 20.747869 5
-7.774900 14.126344 2
-4.683352 -11.214437 3
14.370832 20.671077 5
-20.442872 3.175829 2
-6.547156 -1.139043 1
-8.584300 -0.235085 1
-1.498283 -13.630258 3
26.820520 1.021677 4
14.169859 17.965560 5
-22.037899 1.080582 2
-3.027991 0.180203 1
-21.355371 6.276315 2
-19.002237 13.187022 2
-7.391929 6.227206 2
-2.271292 -11.669212 3
14.636475 18.700508 5
-5.707707 -0.915304 1
25.173666 -4.026559 4
-19.434851 8.021884 2
-5.346052 14.238208 5
24.426410 -5.030953 4
-2.379458 22.870271 5
-14.721137 10.795909 2
-21.693069 0.559535 2
16.958320 17.090923 5
-24.313809 10.645260 2
18.455454 13.410190 4
-7.536165 4.449428 1
1.818627 -8.353033 1
-14.871887 12.172322 2
26.758299 -0.036475 4
18.572694 -7.418118 4
-0.483137 -13.037753 3
-16.956849 -11.147367 0
-0.771589 2.114068 1
-18.474054 -8.393820 0
-11.087158 -10.588891 0
-5.316232 11.822185 2
2.438864 -10.451004 3
-22.909752 13.307749 2
-8.651729 4.652501 2
26.988215 -2.364711 4
1.316779 -1.470831 1
-3.423132 -8.778135 1
27.532815 -5.456846 4
-16.739569 4.481019 2
-3.396808 19.490196 5
2.872338 -7.654040 1
-20.118977 9.446517 2
-0.206669 -3.639813 1
6.624084 23.660344 5
9.944765 -23.762124 3
-4.886423 -6.408339 1
-16.631783 -6.686326 0
22.300609 -1.476303 4
3.278731 -8.692123 3
6.610995 -4.498983 1
-7.164486 -18.761124 3
9.897489 -5.499322 1
0.464144 3.358953 1
6.665843 23.428653 5
9.416306 -18.805741 3
-4.026349 2.895309 1
-17.489252 -5.450356 0
24.090125 -0.498952 4
12.409137 -7.460550 3
15.292608 4.400700 4
-8.617426 -5.322847 0
7.570332 19.013330 5
17.302107 -14.234861 3
-4.477414 -6.733507 1
-23.212105 -6.512115 0
20.563730 -2.218255 4
0.020316 -11.071137 3
19.047049 -4.673184 4
-8.155253 -21.435534 3
2.465618 -5.371914 1
-5.778656 -1.130694 1
20.124454 4.526799 4
-4.129630 0.816081 1
-3.139279 -19.939075 3
0.663503 -7.624688 1
17.320417 7.268149 4
7.682932 -10.180792 3
4.009636 25.064420 5
0.908257 -11.682544 3
15.030772 -6.638038 4
-7.247350 -18.876346 3
3.836299 0.423876 1
27.285404 1.144669 4
6.128345 -25.550762 3
0.195178 -17.898510 3
-3.194473 -14.689896 3
-16.476565 -25.264242 0
1.596144 0.523547 1
9.232440 -23.018468 3
15.819784 13.116393 4
0.445213 13.729216 5
-7.053663 11.300778 2
-16.666554 -11.013241 0
6.379114 -7.933470 3
2.727055 -9.665030 3
-4.688380 3.025303 1
10.560757 19.696786 5
16.155657 -20.186228 3
-10.387639 -4.899136 0
15.913766 2.382387 4
-11.969387 -21.500560 0
-13.520768 -27.569903 0
-7.070019 -16.811369 3
-7.653868 -20.708136 3
-13.940033 -19.166809 0
16.187688 -6.281731 4
21.311365 7.012616 4
21.950600 1.527139 4
17.245498 6.923990 4
-7.077569 -17.942723 3
-0.900488 -2.212877 1
14.425171 -22.407700 3
1.722312 -12.944576 3
17.322050 15.214383 4
-18.155941 12.195840 2
7.922429 -5.849664 1
-8.882667 -1.012912 1
2.549748 -7.842317 1
2.410428 28.746671 5
10.403527 -22.766175 3
-0.035592 -17.909117 3
15.619496 6.448854 4
-22.694874 -9.352960 0
-9.145027 -9.152660 0
4.825551 -22.394354 3
1.618353 -14.106609 3
-1.227916 -16.967629 3
14.446364 1.880555 4
-16.847091 -2.592357 0
7.410572 -26.337202 3
-13.557473 -5.239836 0
0.438891 -13.439993 3
8.741905 -25.794029 3
-9.258347 -15.967322 0
19.256160 6.815529 4
7.762214 -0.922389 1
28.319038 4.273024 4
-20.595145 -5.381239 0
6.188655 -26.521580 3
26.165303 -3.053379 4
11.161655 20.796424 5
4.566713 -11.495485 3
-19.651563 -0.086959 0
17.842815 -1.795185 4
-18.974442 12.690878 2
21.195077 -1.810553 4
5.059854 -24.205371 3
8.548332 -18.294796 3
-0.624645 -16.567580 3
23.714587 0.151590 4
16.438226 -9.751398 4
4.569094 -19.227708 3
-2.629606 -6.922205 1
-14.593273 -2.622214 0
9.902518 -6.077441 1
-2.253159 -13.344746 3
-12.465470 0.836236 0
8.818864 -11.375702 3
-7.721617 -13.970616 0
26.671582 0.657568 4
-1.731892 -15.521277 3
2.672691 21.037048 5
8.731439 -9.209208 3
0.484556 -15.759085 3
9.590249 -11.466436 3
-2.551848 21.224892 5
10.976408 -9.280399 3
-12.845974 -8.213910 0
-6.523270 2.244782 1
14.055265 -2.723063 4
-5.655692 8.752835 2
20.353832 11.427074 4
-3.033911 -21.760706 3
-10.408054 -3.242238 0
-22.117673 12.458644 2
0.163125 23.544087 5
16.141238 -17.081695 3
-0.949578 -10.600139 3
-8.391359 -13.917397 0
29.134198 4.489289 4
1.325368 3.122720 1
15.983698 15.275705 5
8.733796 -13.323841 3
-0.776314 -9.729171 3
-19.533778 12.515332 2
2.387150 20.658874 5
11.685839 -10.373535 3
-7.961369 -11.006665 0
-4.799970 -4.619754 1
27.758439 5.287613 4
8.031068 8.679835 5
21.586998 12.522071 4
-0.122705 -23.126827 3
-5.281222 -0.773449 1
-16.847615 12.355588 2
-0.040196 23.817586 5
-16.548666 11.999389 2
2.987871 1.685820 1
1.123067 1.265987 1
16.066441 16.077463 5
-2.567576 -2.657826 1
10.324316 20.315160 5
-21.736940 7.965951 2
0.418366 5.286730 1
-23.154219 12.794157 2
-0.645119 -9.105135 1
27.108813 2.168865 4
9.005935 -12.336020 3
4.731774 -14.505862 3
3.712369 -15.948931 3
-3.868149 -21.378129 3
2.061583 4.786176 1
10.598618 -20.338439 3
0.992834 18.360783 5
3.366440 23.107995 5
-5.910367 3.185170 1
-11.232550 -9.866604 0
4.536003 -18.126551 3
-6.852849 -11.829662 0
-7.107514 -2.691013 1
9.593461 10.617186 5
10.390484 -16.063152 3
-4.270490 -2.695079 1
19.593482 13.182849 4
-8.866694 -11.719866 0
-4.981297 -15.469509 3
4.239724 -17.197404 3
-0.013695 7.858514 1
-7.979130 -15.349784 0
28.984899 -0.227549 4
20.869387 7.656539 4
17.604929 11.920932 4
13.165390 21.898061 5
25.142318 0.153500 4
-18.115860 15.319983 2
10.260877 -18.479283 3
-3.618153 5.443061 1
1.796196 16.802271 5
-19.997497 10.235421 2
6.699647 12.042848 5
-10.253713 -13.074572 0
-0.141425 -1.566706 1
-14.554352 -9.751634 0
4.047981 18.297834 5
-1.414663 18.068023 5
12.796681 -11.231955 3
10.972409 -15.741286 3
22.922027 10.012078 4
-15.502455 -16.029960 0
-9.463102 -8.622499 0
1.911746 -18.374213 3
12.617048 -19.090213 3
23.588858 6.055608 4
24.054159 6.105997 4
-19.824209 -7.883047 0
4.574753 -22.677679 3
-10.913024 -1.159427 0
-19.297231 12.671438 2
17.205645 -14.916647 3
-0.554260 -20.853916 3
17.643743 14.565299 4
0.194617 -12.033843 3
28.483332 12.221813 4
-1.544112 -3.691419 1
12.478373 -13.185051 3
23.566334 3.415216 4
10.085648 16.999394 5
-8.420164 12.725861 2
-18.673129 -3.726447 0
24.478800 0.570109 4
-19.242438 5.105668 2
15.971734 17.024062 5
10.568218 -14.223333 3
-3.093177 -23.756447 3
-0.945280 10.051636 5
20.244558 2.318245 4
26.800272 2.199524 4
3.323270 -19.365125 3
-10.222485 -10.106483 0
0.371564 -0.502437 1
-6.815167 -11.651790 0
-7.873975 -7.615001 0
1.517441 11.426792 5
3.953595 -18.771524 3
-16.658164 7.844554 2
-3.980102 13.950771 5
28.158883 7.777581 4
3.629411 -18.036249 3
0.101932 -18.565825 3
31.685727 2.804688 4
-14.646389 13.373959 2
6.478449 20.611902 5
10.834588 -6.916753 3
-4.889103 12.436993 5
-0.360556 6.369190 1
-1.268506 21.365413 5
7.960016 -20.672675 3
6.997752 -9.902471 3
-15.919972 3.342112 2
23.308465 4.299906 4
-14.087474 7.881806 2
21.331018 5.370342 4
-2.943829 -21.082716 3
-5.192959 1.116196 1
-5.483785 8.008066 1
11.303530 16.950423 5
3.117369 -11.971155 3
-2.453093 -4.822542 1
-23.319786 -1.934475 0
24.425137 2.691223 4
-1.332039 -15.820173 3
17.110576 -2.288499 4
5.644200 -12.957838 3
-2.843510 -14.217244 3
-13.634270 8.908584 2
6.418297 19.490794 5
-0.028744 -10.313718 3
-8.030268 -8.787694 0
-19.216218 -4.546575 0
17.504310 4.632346 4
6.111967 -5.397927 1
21.354272 8.173669 4
4.775935 -5.225040 1
0.505310 -7.342229 1
-14.589630 9.365503 2
0.294000 26.613066 5
-13.648007 7.304374 2
-5.049605 -3.690103 1
-6.025794 -11.158365 0
18.063320 3.372836 4
-3.141215 -9.532624 1
6.158157 15.821292 5
-13.396124 10.017759 2
0.004891 -11.693176 3
-20.668312 12.912596 2
-4.394184 -10.738058 3
24.968710 0.783641 4
2.766064 -9.282419 3
5.615068 -10.391851 3
-3.595061 -18.885410 3
-20.896165 3.058995 2
3.091001 -11.303927 3
1.683929 -10.725832 3
5.000970 20.790706 5
4.002721 20.822859 5
0.962166 -6.730223 1
6.245818 -7.355632 1
6.900020 -13.348083 3
1.673241 -10.047557 3
10.720134 -9.236554 3
10.387602 13.993673 5
3.235585 -9.557477 3
6.708391 -11.765568 3
22.396584 10.632948 4
-19.402635 -8.140952 0
-23.579924 3.576074 2
4.737385 -11.832433 3
-23.945180 0.615342 2
-21.637788 -8.792511 0
28.215143 7.415976 4
21.402316 11.118750 4
21.375068 8.225902 4
14.796011 17.047996 5
19.442616 -4.393131 4
-7.692216 -19.204270 3
7.872741 -10.867766 3
-6.126994 -5.594164 1
6.333494 20.205444 5
-18.425275 11.856803 2
-1.350901 0.992955 1
3.053269 -9.265795 3
2.694666 -11.325378 3
6.519204 -14.005518 3
-3.486672 22.877652 5
-1.265502 23.808537 5
0.185552 -15.603420 3
1.336353 -19.574679 3
21.686336 7.091353 4
-20.229217 -5.333840 0
-3.596198 -2.371453 1
7.445397 -20.856902 3
6.528421 -3.717333 1
18.135379 -13.183203 3
21.986664 2.243581 4
-24.096684 -1.766137 0
3.243784 -14.062697 3
-20.679745 -14.851266 0
-20.142413 11.993456 2
12.635380 -20.155479 3
-0.137832 -17.477899 3
20.061685 -4.707289 4
3.032207 -10.346520 3
22.653139 0.638344 4
-24.690360 -5.263210 0
19.873304 -19.107453 3
22.743164 4.895544 4
8.564131 23.486645 5
-0.000814 -3.852823 1
-14.247539 -23.052753 0
24.576132 1.261814 4
-16.476347 11.506260 2
18.062692 -1.408223 4
-0.826595 -9.097083 1
3.770079 -11.267653 3
0.841706 -6.963000 1
16.762100 -1.403059 4
18.799610 2.690680 4
2.448754 -17.637908 3
-2.018994 -10.494579 3
3.704117 -11.204456 3
2.809559 -7.485837 1
-5.042676 -4.651514 1
-3.151846 -16.192405 3
0.370555 -15.956270 3
-11.895554 11.597678 2
-3.276917 -3.667156 1
16.664548 -12.089948 3
0.019458 -18.824846 3
-3.668682 -14.938964 3
24.592687 1.218308 4
-16.200940 -0.494563 0
7.599116 21.077551 5
1.773379 -10.803652 3
-15.353094 13.884835 2
4.376621 -15.673066 3
2.027908 24.166336 5
-4.036568 3.807481 1
-8.354590 -7.647695 0
-19.698057 -12.035159 0
18.347349 -14.936076 3
-1.116796 -13.155361 3
14.588293 17.158393 5
1.082137 -17.975066 3
1.217387 -5.308518 1
-18.360445 13.994221 2
3.590864 21.454113 5
2.745398 -7.270438 1
-10.074139 -11.570871 0
-26.969984 0.876156 2
22.355980 -10.876571 4
-4.388951 -17.478131 3
18.046561 10.360109 4
4.853995 -20.392909 3
4.166315 -0.288489 1
-18.469774 11.822487 2
8.117208 22.260296 5
-2.237848 -2.494032 1
-12.033265 -14.166040 0
-16.942249 -8.084513 0
19.662317 -12.469194 4
6.316632 -2.223037 1
20.049231 6.812778 4
3.752837 -19.634525 3
7.148527 -12.256265 3
-16.187208 11.589237 2
6.014880 20.851398 5
-12.947246 8.368876 2
1.576763 -15.460580 3
5.078342 -10.950077 3
18.254258 15.506831 4
2.422925 -10.254795 3
4.276733 22.459055 5
-14.533453 12.251922 2
3.634291 -6.830032 1
-16.899361 12.685367 2
3.981165 -12.565026 3
25.381837 -12.625011 4
-2.283894 -3.468805 1
0.101042 -20.006858 3
-2.192551 -19.641980 3
-21.640928 -8.630437 0
-2.449337 -9.594885 1
-1.951518 3.652889 1
2.881062 24.151754 5
10.720317 16.223816 5
-9.684500 -9.649277 0
-9.791678 -12.540993 0
0.718711 -22.184249 3
-5.029839 -0.974667 1
0.310558 -4.564213 1
10.587586 21.426944 5
2.124042 -7.404151 1
-3.287852 -8.853029 1
15.612326 13.301717 4
-26.159438 3.399948 2
-19.151106 -2.200336 0
8.888405 -21.059574 3
-21.809963 2.300256 2
-23.021873 -2.451210 0
20.380031 -10.490751 4
23.740744 5.412735 4
18.384619 13.342894 4
18.863519 16.664297 4
21.067334 -12.789187 4
-10.296567 10.448447 2
7.157985 -9.845087 3
-0.086489 -12.397886 3
5.627553 24.441430 5
-15.033411 5.369785 2
2.944605 -3.922977 1
-9.108245 -12.250155 0
-0.085254 -14.673230 3
-5.453766 -12.553999 3
14.868597 16.275032 5
11.318389 20.704044 5
1.461125 -5.416130 1
1.114900 -23.627205 3
17.277243 15.926285 4
-20.368500 -6.768374 0
-5.316829 -9.346815 0
1.089610 -10.730185 3
5.711455 -19.817636 3
-18.229780 -9.563599 0
-1.567678 -0.295947 1
-19.852046 -8.791411 0
-14.030327 5.181644 2
7.583383 -10.792403 3
-1.654019 -21.725317 3
19.501136 2.286366 4
1.699103 2.895465 1
26.212796 -11.885146 4
-17.800499 -9.031679 0
3.913175 -11.049626 3
24.833935 -13.099188 4
0.112443 25.136345 5
-0.339426 -11.003346 3
-13.562063 -9.047845 0
17.446716 13.716100 4
-13.959591 9.590499 2
9.874901 21.545669 5
9.518032 -9.760680 3
-0.271109 -20.905267 3
7.710015 -8.716280 3
20.790381 -12.864678 4
22.225405 -16.004602 3
5.570785 -20.397243 3
1.496476 1.402849 1
5.417999 -15.810253 3
-1.332272 -0.550504 1
-4.280554 -12.002484 3
4.468243 -11.012123 3
3.076918 -12.805259 3
17.634609 -8.143060 4
1.368206 -7.485968 1
-0.333432 -7.950090 1
22.772658 -13.226400 4
-8.949249 12.730461 2
8.010041 23.264104 5
-1.687596 -2.868494 1
-3.980840 8.390033 1
5.309861 -5.357995 1
5.658582 18.714805 5
10.896890 -21.227502 3
-10.603662 -4.308463 0
-19.409317 3.283567 2
20.921320 -1.608227 4
-11.620004 11.276552 2
14.577961 15.683068 5
-5.684653 -22.389928 3
-6.692515 1.700282 1
-7.883133 -8.648032 0
3.160640 20.717636 5
8.725679 -18.650628 3
-10.736817 -6.661087 0
-15.808893 -1.189022 0
26.462948 -3.941068 4
-6.189672 -17.555422 3
18.324671 15.170657 4
1.138594 -17.753018 3
1.782818 -9.149486 3
-4.251840 -17.055140 3
0.649756 20.856107 5
13.492104 -18.175405 3
-13.314430 -5.212329 0
-22.431006 0.891288 2
23.387083 -1.024111 4
-8.947537 1.504356 1
14.998861 15.373233 5
7.419653 -14.386623 3
7.062404 -7.718429 3
-23.392451 8.676712 2
5.745971 18.516109 5
-17.362611 10.682543 2
-7.491833 5.186836 1
-7.018674 12.792589 2
17.824483 9.977711 4
-8.521283 14.442928 2
-3.194625 19.006413 5
-15.154477 6.745703 2
-2.654337 -1.760599 1
-16.007538 13.777140 2
-1.184923 -1.724505 1
27.637394 4.089002 4
14.116688 -18.816691 3
-4.255329 -17.649834 3
1.325249 -13.631083 3
-20.509069 0.053131 2
-7.088669 1.388719 1
9.683511 -16.800606 3
3.663961 20.567008 5
-0.669302 24.829541 5
-12.358006 -1.491333 0
-10.097880 -5.455677 0
-5.231317 -19.565098 3
-8.145813 4.392013 1
-13.203222 -8.816650 0
1.112585 21.368375 5
5.515011 -11.542354 3
-12.292197 -3.564833 0
5.478866 13.495918 5
-16.286469 -3.412389 0
-20.635499 -1.977346 0
1.898648 -16.638977 3
-25.315540 0.534725 2
-20.426520 -1.641755 0
28.936577 2.734473 4
14.164677 16.859493 5
14.677503 14.988312 5
19.165014 11.223233 4
26.064678 2.538775 4
-3.302825 -11.295616 3
11.374754 -20.460143 3
5.348764 1.082463 1
2.033695 20.679265 5
-6.911722 -13.672331 0
-5.546065 2.686429 1
-15.464186 -7.748225 0
-4.783142 4.488223 1
-14.903471 -3.670020 0
3.429355 24.637424 5
0.518486 18.030380 5
8.155972 -25.244466 3
2.625108 -14.255912 3
20.594266 5.285808 4
-20.527948 -0.573319 0
-16.023222 -6.206471 0
6.884627 -20.652084 3
0.977801 -14.222573 3
26.398919 -4.089971 4
13.973661 16.852454 5
-25.256759 -2.743499 0
10.958818 -23.186578 3
-15.914738 -2.644532 0
-7.201242 -6.109173 0
10.106052 -20.754705 3
-2.017296 -17.392152 3
17.378209 11.280949 4
2.043040 -4.500439 1
30.354769 7.785614 4
-10.347247 1.002527 0
3.428919 -25.224368 3
20.677209 -6.337192 4
1.121104 20.305738 5
-10.190711 11.604635 2
-22.322820 3.763675 2
17.146003 17.630218 5
-7.837709 -13.323085 0
14.929774 15.782247 5
15.149082 -12.645066 3
4.370193 -16.978469 3
-7.795094 -1.202205 1
29.537731 9.384760 4
28.192654 -0.702697 4
0.110764 -15.977599 3
-13.585426 -5.008401 0
-7.001849 1.134222 1
-11.500617 -6.742520 0
-13.002180 -11.117583 0
-13.421394 11.443590 2
5.103233 -12.001068 3
0.917486 -1.085301 1
-2.129307 -13.907397 3
28.900976 1.697263 4
-6.859762 8.299877 2
-4.950574 1.759971 1
26.756029 -1.181154 4
2.273515 7.577828 1
2.410111 23.969968 5
3.447216 -11.915007 3
-0.110794 -8.284938 1
-23.727460 -1.845861 0
-5.218820 24.948935 5
-6.111178 2.409168 1
-7.675041 -11.246462 0
-21.325539 1.702462 2
17.745245 -3.726868 4
-10.111786 -2.871982 0
20.866937 10.874672 4
2.503638 -8.474569 3
0.169810 -1.069547 1
-19.469607 9.723986 2
-0.714932 25.042537 5
2.445669 -10.496688 3
-7.125756 -1.929696 1
-17.380592 8.247059 2
21.914874 -9.776692 4
-1.470461 -8.035694 1
14.002951 8.044802 4
3.312538 -5.441149 1
-3.807238 -8.257501 1
-13.725605 11.087060 2
4.457009 24.016770 5
4.474847 -8.504420 3
-6.111548 -5.923815 1
-9.260149 13.648953 2
22.123659 -8.110275 4
-0.464321 -5.873259 1
16.189379 10.195886 4
6.206224 -4.693379 1
5.080476 6.786710 1
-14.585688 11.375616 2
7.526884 16.913805 5
-10.568864 10.819873 2
-15.254378 1.199206 2
-3.500860 0.473559 1
9.973909 11.116185 5
-12.250694 5.232796 2
-2.612651 22.531168 5
-13.210827 10.255056 2
-4.828525 1.477656 1
-20.754215 11.783899 2
-5.493537 -1.853032 1
19.162670 -6.356059 4
-1.440533 -3.391890 1
7.131256 -1.933958 1
-4.377139 -16.623827 3
-20.632639 6.655973 2
-1.521705 -4.543641 1
1.449255 -7.811086 1
2.707018 26.463217 5
5.416287 21.393476 5
-10.412964 -6.188668 0
-11.643799 -8.572721 0
2.487867 -7.180033 1
-7.029549 2.635346 1
-12.472592 -5.040600 0
-5.400436 26.178234 5
-0.257717 -3.371561 1
-11.802055 -1.964891 0
11.197915 7.300171 4
-14.150520 4.592494 2
-11.447960 9.731916 2
6.158670 -0.545642 1
-13.883466 9.731106 2
-12.862686 9.179979 2
22.585385 -4.849684 4
19.361825 12.782644 4
16.795837 8.098586 4
17.574928 11.802976 4
20.234671 -6.061164 4
-21.058149 10.983996 2
-0.456623 -8.114883 1
-5.339742 6.147983 1
2.131764 18.786708 5
-11.865466 7.077600 2
-5.753966 0.298101 1
-5.614307 -9.914228 0
-6.833208 -3.510023 1
-9.062695 -8.388151 0
-0.906339 23.843200 5
0.113748 27.037035 5
6.466189 -12.745466 3
8.885239 0.671598 1
21.051959 9.438475 4
-13.626367 8.150841 2
-5.992678 -2.868745 1
12.590003 -12.074029 3
-5.184839 -14.140871 3
17.395198 1.073257 4
13.581542 10.880361 4
-12.762654 8.029190 2
-0.336591 -10.668069 3
-15.900621 3.784666 2
-11.820072 8.851922 2
1.386500 -11.196964 3
-1.452087 -2.340159 1
12.765070 13.282308 5
-2.349060 9.197395 1
21.269781 -4.504762 4
-15.183275 3.380419 2
1.235761 -5.872716 1
20.762635 -7.041735 4
2.877104 22.479745 5
-7.084120 -3.195095 1
-12.145294 6.373280 2
20.907290 11.308626 4
-6.633879 10.825125 2
21.178087 -3.929940 4
2.233793 -3.576025 1
4.890776 -6.254047 1
-5.038237 -2.093930 1
15.003828 -3.378419 4
21.570651 -4.087471 4
2.772491 -2.382558 1
-6.453388 -4.073621 1
-1.478281 8.185759 1
-11.185225 -6.801706 0
3.034502 -9.921461 3
0.505996 -9.934738 3
-1.396022 -11.153798 3
-11.091213 13.308213 2
8.459529 -1.345228 1
20.276672 -1.872330 4
-2.580845 -4.088627 1
0.561743 -9.359469 3
19.055477 -9.513207 4
-12.795257 9.470732 2
0.623615 22.337059 5
-5.919200 8.709902 2
-14.666826 12.655407 2
-7.960791 -2.206250 1
-3.557933 23.953922 5
-0.869617 -5.614015 1
-3.057836 -3.837582 1
-14.025784 13.457061 2
19.300679 -6.470208 4
-1.997351 6.302894 1
14.035818 12.279137 4
-5.768500 -18.404152 3
3.500637 -7.939140 1
-7.922674 9.898706 2
0.148156 21.913110 5
-0.247547 -4.044596 1
-5.118284 -7.414701 1
-19.239953 6.401740 2
11.767715 -7.576135 3
-9.974815 14.495691 2
12.662904 14.740203 5
-7.184151 -22.183123 3
3.824942 -2.897728 1
-8.635503 14.015453 2
-6.487188 18.315221 5
1.711239 -6.409344 1
-8.150034 -2.999496 1
-12.128997 2.242240 2
22.314751 -1.391277 4
-13.668987 10.883534 2
13.139632 17.250985 5
-2.529889 -16.041455 3
-3.777271 -2.157004 1
-13.691711 9.347558 2
0.179640 22.170697 5
-6.137790 -4.781982 1
-11.982307 2.345357 2
-11.304652 14.400667 2
14.181137 11.748163 4
-11.608886 11.715931 2
-6.217725 23.134578 5
-19.447509 12.657747 2
6.031293 -1.630735 1
-8.386634 6.263158 2
0.331795 -5.713549 1
19.176666 -2.833150 4
7.380232 -3.585687 1
3.732359 -16.585066 3
-4.309084 -20.225360 3
-17.969189 5.694662 2
-13.254373 12.142103 2
12.006069 -2.827781 4
-2.467233 24.651899 5
-4.942441 29.250220 5
-10.291911 -8.244332 0
-5.042168 -5.263864 1
-5.773287 -16.631167 3
3.246052 0.305890 1
-12.654221 -5.492101 0
3.654186 21.169993 5
9.747140 -2.930194 1
-6.284609 -5.841665 1
12.886410 8.258196 4
-15.058038 8.029837 2
-19.709669 10.268002 2
-1.375439 -19.186985 3
-10.933684 7.755176 2
-11.782820 6.739067 2
24.768265 -2.503803 4
12.783983 15.190671 5
18.331946 12.400271 4
12.510914 16.071949 5
14.691295 -9.210859 3
-13.991120 13.988422 2
12.108931 -1.187365 4
-8.488508 7.482800 2
1.655572 18.893601 5
-19.130703 10.249071 2
-7.980788 13.620909 2
-10.572431 -4.195157 0
1.070662 -1.228022 1
-12.948070 -2.924795 0
-8.591963 18.156100 2
-1.803360 20.167159 5
8.310535 -5.352966 1
-5.560130 -20.938980 3
14.356003 12.417785 4
-14.246050 5.766545 2
-3.247499 -0.127117 1
4.977829 -4.672883 1
-2.114030 -20.851973 3
16.909416 -6.476477 4
17.698873 6.073253 4
-9.398935 1.159724 1
8.936622 -1.731487 1
-8.305905 4.539088 2
-10.225147 14.685537 2
0.364460 -9.247586 3
2.728978 -19.324131 3
16.338342 14.364655 4
2.326293 -6.191917 1
18.560748 -1.977557 4
-19.451628 4.255717 2
7.875378 -11.578630 3
19.925157 -3.602894 4
-8.744719 19.156706 2
-11.541606 17.142781 2
-16.964257 6.477760 2
17.475096 12.693662 4
-9.171217 11.221903 2
14.437120 13.961866 5
-0.224629 -6.322649 1
-4.638005 -20.395300 3
-10.585411 6.697826 2
15.670284 0.267347 4
24.437901 -0.828312 4
-2.884734 -17.456535 3
-7.612266 -8.705220 0
6.545965 -2.392989 1
-18.993925 -9.275077 0
-7.409081 -5.097133 0
-1.839683 2.608053 1
-6.423663 -22.254784 3
-20.825826 12.467517 2
-12.256549 13.249113 2
12.405772 -6.243360 4
2.128364 -1.555043 1
3.640079 -10.456203 3
15.047265 -4.287935 4
-18.467296 16.386059 2
-2.886917 24.739723 5
2.541715 -6.730201 1
-13.802435 11.465301 2
5.641197 -6.584497 1
3.044719 23.384888 5
10.371365 -26.048390 3
-11.213597 -5.595149 0
-15.912431 -1.494380 0
23.265918 -10.432599 4
4.458850 1.593994 1
16.806490 12.643729 4
-1.653215 -17.679058 3
-5.861669 1.275561 1
2.445750 2.577032 1
-0.890685 11.459157 5
13.656875 -16.019686 3
-10.516637 -3.043841 0
-18.656500 7.813433 2
27.235257 -9.303519 4
2.418017 0.339910 1
19.330430 13.805296 4
2.071327 -18.885942 3
-1.249042 3.872060 1
7.758390 1.662939 1
7.478186 21.137764 5
18.089267 -11.097756 4
-14.532915 -2.779331 0
-14.628034 -3.329756 0
16.952405 -3.710151 4
0.778728 -2.649009 1
17.321007 13.739126 4
4.043024 -12.930510 3
-3.302007 3.475435 1
1.632053 7.207750 1
4.899435 19.363944 5
10.301110 3.032154 4
18.179269 3.216400 4
6.354403 -13.662671 3
20.299651 18.172786 4
8.414469 -8.013670 3
-0.007016 24.983374 5
0.943487 -4.487251 1
-3.667865 -2.636564 1
8.493681 1.321859 1
-3.754408 0.044454 1
18.410758 -10.692930 4
10.214036 -22.246078 3
14.580287 -7.173037 4
7.843949 -8.376400 3
-11.767514 6.782380 2
4.360781 -9.652681 3
10.277732 -19.463968 3
7.680096 22.406001 5
-0.039676 13.167140 5
-15.114680 -5.923490 0
-10.914351 -8.226944 0
4.123447 -16.241205 3
-0.540224 -6.147364 1
-9.987905 -8.380684 0
14.654608 9.439651 4
0.584989 -24.240540 3
-9.696335 -3.037065 0
11.918613 18.091825 5
-24.391157 6.577129 2
-21.880743 -0.114175 2
0.560859 -16.994981 3
-24.332120 6.401107 2
-23.356920 -4.094772 0
15.712871 -5.934460 4
15.447124 14.787536 5
17.532793 8.715048 4
15.189536 15.644014 5
22.393444 -6.654686 4
5.310389 -0.316167 1
15.092354 -14.161124 3
9.736532 6.007168 4
8.477749 20.074371 5
5.203400 -3.111741 1
11.593302 1.877030 4
-13.722801 -9.823164 0
-3.451247 1.769547 1
-6.173286 -5.619177 1
5.775050 17.835121 5
3.792272 23.190377 5
0.624537 -26.322853 3
3.761197 -13.534183 3
17.917925 15.693917 4
-20.975593 2.169100 2
-9.709312 1.352873 1
8.031122 -14.897528 3
9.759617 -9.893761 3
25.261172 -6.794419 4
19.959623 8.785464 4
-21.291746 4.836559 2
9.848879 -16.877889 3
-5.163314 -3.759893 1
1.015500 2.624214 1
13.844157 -18.427510 3
7.723668 -14.615078 3
15.180198 16.865703 5
0.311352 -8.717708 1
19.436977 -5.602577 4
-9.787862 -0.150591 0
14.773709 -17.535515 3
7.721231 -11.804420 3
4.334062 22.512881 5
-3.604046 6.832279 1
-16.882407 -8.916489 0
23.056278 10.566898 4
9.839258 -2.793610 1
18.164362 8.233203 4
10.737872 -22.159292 3
5.707924 -12.527575 3
0.935119 -11.082610 3
14.930834 -0.668715 4
16.016718 -9.893879 4
12.643478 -8.312963 3
-13.905434 -9.767430 0
10.049121 -9.398237 3
-13.309848 -7.475705 0
-12.398426 -8.625221 0
7.816840 -8.377741 3
-2.445861 -19.852618 3
9.252487 -0.352054 1
3.959646 -0.222563 1
23.344460 2.643746 4
-2.662653 4.860760 1
7.210389 -4.701878 1
13.811460 -11.397263 3
1.663648 3.542491 1
3.322193 17.304349 5
-0.986248 4.722320 1
8.394007 -11.048792 3
3.484237 -3.504203 1
-3.330581 19.817326 5
2.512395 -26.752640 3
-11.587457 -8.666048 0
-5.317705 2.008407 1
28.254035 3.092982 4
-3.918451 -19.901738 3
9.001387 21.037941 5
-2.292589 -16.261104 3
4.264471 0.955934 1
-19.460042 13.869348 2
-4.112551 26.535203 5
-2.487741 -20.495594 3
-13.559172 -9.742685 0
-21.093978 -1.663777 0
29.767200 -4.180931 4
-1.428991 -8.142369 1
8.056005 19.841794 5
-2.882758 -21.284275 3
8.365775 -3.738377 1
-8.926768 14.960606 2
4.216643 17.966635 5
4.160838 -26.307330 3
-9.902206 -4.799447 0
-22.178110 1.801733 2
25.695780 2.532142 4
-1.302591 -10.457716 3
14.546340 11.393052 4
-6.834555 -22.758541 3
10.326665 -7.898022 3
-11.379581 13.629124 2
3.886314 25.204723 5
-16.516349 15.551778 2
-7.768716 -21.771168 3
8.225378 -12.399997 3
11.095450 18.513301 5
-4.385308 -21.440805 3
3.635377 23.527238 5
-11.099109 9.151185 2
-5.743778 1.441927 1
-17.720017 14.636271 2
-5.563579 3.337846 1
28.930341 3.187084 4
12.374836 -9.475532 3
-8.180533 -18.033806 3
-3.128683 -17.157978 3
-20.533640 0.199402 2
-1.288103 -16.475333 3
7.525784 -18.890819 3
1.819794 17.757741 5
5.432170 17.251608 5
-12.522137 -11.820562 0
-0.188830 5.909588 1
2.815158 -16.546060 3
0.973203 4.952279 1
-9.393366 -6.679411 0
3.724029 21.629985 5
-0.020069 -3.056783 1
-7.383905 -8.900993 0
20.477729 6.324436 4
-13.902181 -6.658063 0
-12.326832 -5.767827 0
-7.437496 -20.593044 3
-18.679413 -1.647819 0
-16.317019 -7.026266 0
26.982144 -0.903188 4
19.641233 12.723625 4
13.890005 15.005923 5
11.220292 17.271391 5
28.855341 -0.720142 4
-16.627513 16.666300 2
0.908948 -21.457287 3
-2.966869 -13.539389 3
6.653632 22.344448 5
-12.432109 11.049412 2
-3.765642 -17.044798 3
-3.789496 -3.864756 1
-6.046669 -6.853253 1
-3.163428 -2.004635 1
11.688553 13.074916 5
-5.168512 21.158112 5
10.990001 -12.794674 3
-5.247331 -18.674598 3
18.991375 18.414218 5
-21.443586 -0.430422 0
-11.751549 -12.368832 0
9.354479 -19.708878 3
0.804023 -17.361973 3
25.297235 13.553391 4
11.100992 17.383098 5
-19.123288 -0.927186 0
10.318055 -25.281903 3
-21.455371 1.224816 2
-12.614978 8.250640 2
8.982716 -22.673514 3
-1.187653 -21.297593 3
13.293516 17.087977 5
1.933926 -3.668843 1
25.388887 2.465629 4
-13.888280 1.620492 2
5.686645 -26.064121 3
25.763085 4.365891 4
-2.849340 22.699209 5
-4.270810 -14.610182 3
-17.362958 -1.780865 0
18.877821 2.333530 4
-16.876414 12.786619 2
17.370130 16.228350 4
6.225097 -26.080517 3
-0.015919 -18.649833 3
1.605479 -11.979447 3
27.289679 -0.621298 4
28.702707 -0.366510 4
-2.258766 -19.290541 3
-4.162994 -2.749639 1
-1.585143 -5.498173 1
-7.370463 -7.024603 0
-13.438774 -5.253769 0
-9.319904 -15.074866 0
-7.832487 -20.173729 3
-14.763899 13.870021 2
-2.085614 -12.900352 3
29.495157 3.914558 4
-1.687175 -3.453070 1
0.220114 7.704477 1
26.419359 9.425100 4
-11.401878 16.042991 2
6.811049 20.922487 5
1.007660 -4.286449 1
-20.854755 12.032309 2
10.450183 -6.816321 3
2.926059 -5.755923 1
-12.208749 -11.218225 0
-19.316379 9.062185 2
28.186310 9.669575 4
-9.405488 3.523515 2
12.547067 17.709953 5
5.118496 -8.549888 3
-9.009561 5.034178 2
-19.579713 10.853697 2
-3.600680 24.935749 5
-1.813241 -6.983548 1
-6.967043 1.055454 1
-17.944758 7.797085 2
28.802490 6.924372 4
-13.070980 13.584358 2
15.735630 17.164819 5
-3.138385 -14.038249 3
-9.632136 0.822662 1
-20.045271 13.938911 2
-4.398356 22.729422 5
7.915739 -5.259010 1
-15.932841 -11.081466 0
-20.127278 6.173181 2
20.422990 5.453327 4
-13.134433 13.582840 2
10.280248 15.972074 5
0.317238 -12.957966 3
-7.134191 3.851352 1
-21.745441 8.922428 2
0.709514 24.455235 5
-24.990574 13.260021 2
-15.115048 16.806436 2
-13.826591 12.579754 2
15.393830 16.528594 5
-15.797164 14.959493 2
-6.463742 22.766377 5
-17.695181 14.918535 2
-11.444878 5.188594 2
-21.223588 14.152891 2
-6.546272 -1.792032 1
22.665149 3.658697 4
-7.868305 1.000595 1
3.540864 -14.709719 3
2.718643 -12.796578 3
-14.364491 6.509547 2
-14.705563 17.802585 2
-5.121699 2.466000 1
-13.945764 -13.673790 0
2.372601 -12.558549 3
-11.526146 3.888859 2
-13.139286 -5.998043 0
-4.542796 22.915598 5
-0.322547 -0.157342 1
-11.243454 -10.840138 0
9.663161 17.088191 5
-20.085422 4.527940 2
-19.656880 7.997660 2
0.578511 -14.096794 3
-13.867015 10.792222 2
-17.046746 12.423116 2
16.733347 6.621775 4
17.492328 15.993676 4
13.940009 15.749061 5
13.298898 15.132284 5
19.803288 -0.213365 4
-18.234197 10.628053 2
-5.074564 -3.500561 1
-14.335995 11.284424 2
-10.217505 24.058555 5
-21.027042 10.008827 2
-14.900147 14.444927 2
-16.348039 -3.605543 0
-8.778564 6.182630 2
-12.135647 -10.489547 0
-7.031197 19.817007 5
-7.272283 23.922678 5
-2.516955 -2.346801 1
-2.545011 -17.742826 3
10.630652 16.625715 5
-7.887173 14.154693 2
-12.016411 -11.159961 0
3.762988 -4.586665 1
21.653058 14.004548 4
19.906833 8.210020 4
-21.557612 8.550424 2
-1.919875 -5.364205 1
-12.753155 10.258478 2
-13.721341 14.237080 2
-2.180091 -5.828734 1
5.242591 -14.142769 3
16.533374 11.811238 4
-6.488937 4.940531 1
13.775181 6.623832 4
-17.155949 4.143005 2
-3.872235 -1.495746 1
22.443000 -1.506800 4
-4.021002 23.017244 5
-12.272467 3.670078 2
-17.465821 12.219621 2
15.750865 16.155830 5
-22.651973 14.532083 2
15.912190 16.643305 5
-0.364601 -0.902884 1
3.266422 -12.325280 3
-13.847642 16.432456 2
27.197264 3.124291 4
20.578045 4.949483 4
-1.455290 -15.013993 3
-12.138800 -5.935800 0
-7.760560 7.442125 2
-11.315835 -7.228375 0
-13.653435 -11.346987 0
-12.543065 18.613197 2
1.362537 -14.237523 3
-17.586440 16.245541 2
-16.842307 12.814694 2
13.612580 -3.821222 4
24.482118 -2.929606 4
-10.829374 7.172619 2
-12.319442 20.045977 2
-9.037093 1.059206 1
-21.209849 10.492202 2
-11.847337 4.774276 2
1.055600 21.106118 5
6.563760 -15.949091 3
-11.553161 -4.228781 0
-23.080523 5.396833 2
16.917288 -1.806726 4
1.593164 -12.014244 3
12.695273 16.617432 5
-5.359044 -18.311908 3
1.594858 -3.908068 1
-12.825292 -0.937834 0
3.741610 26.174780 5
8.789624 -16.942504 3
-8.632436 -7.715166 0
-23.389224 5.326725 2
14.496758 1.067484 4
-4.582115 -10.518634 3
11.134865 19.372654 5
-0.038425 -15.927054 3
-11.155677 -15.377815 0
-10.916408 7.672169 2
2.043687 22.979618 5
8.709785 -24.673380 3
-15.266141 -3.111528 0
-24.544879 3.198370 2
21.184735 1.032506 4
-4.099165 6.138654 1
17.185222 12.360763 4
-1.318927 -14.465969 3
-8.379025 0.743090 1
-12.386665 7.413753 2
-2.893951 23.974063 5
-7.824447 -0.145061 1
3.374788 -4.886240 1
1.233044 -7.678393 1
18.883502 6.059690 4
9.115882 -10.855672 3
7.154843 25.672862 5
-13.064764 6.893379 2
-4.565364 -0.625302 1
-8.581981 4.878381 2
-3.860484 -6.496168 1
16.438681 6.681308 4
9.116817 -19.762910 3
-4.938756 -15.147478 3
-3.092813 -14.829425 3
-24.194696 2.592154 2
-6.634869 -0.949325 1
12.583140 -22.401719 3
4.687589 18.421567 5
0.330377 20.013801 5
-5.588021 -15.099392 3
-9.450822 -17.427803 0
-15.479087 -7.995669 0
-5.103582 27.402188 5
17.189380 -11.664247 3
-14.188004 -5.176907 0
16.604351 7.064058 4
-31.252154 8.281712 2
-28.395118 3.165702 2
-3.806494 -19.635892 3
-28.789302 7.401399 2
-28.787149 4.412038 2
18.011949 0.237643 4
15.283638 12.397569 4
17.312884 8.013254 4
19.853790 11.085341 4
5.149434 -7.764555 3
-9.678907 10.395768 2
6.925089 -25.222906 3
3.753237 0.808241 1
-3.271216 22.128340 5
-11.264695 -4.427500 0
2.376498 -12.620803 3
-12.993636 -3.609817 0
-10.199032 -2.460261 0
-19.214871 -0.746418 0
1.346356 28.067641 5
-0.675076 30.129262 5
13.225869 -19.219779 3
-4.536448 -16.018535 3
23.712782 7.608295 4
-24.764503 4.659381 2
-16.871170 -7.752577 0
5.131239 -23.743883 3
2.299867 -15.301192 3
17.311254 -1.521519 4
17.736341 11.953139 4
-27.947482 4.258939 2
1.226108 -22.262035 3
-3.105884 -13.005759 3
-7.800682 4.879980 1
7.973217 -23.246131 3
1.459271 -15.812285 3
13.691594 12.114990 4
-6.385200 -3.763378 1
20.259807 -6.289121 4
-27.032310 6.147489 2
14.389870 -15.668961 3
23.251598 2.968506 4
-0.729345 21.928582 5
1.408500 -2.270927 1
-27.514378 4.623047 2
19.414111 7.960547 4
-19.494809 9.309975 2
15.168252 15.904273 5
11.626670 -21.734390 3
-7.698716 -19.476865 3
3.384902 11.510207 5
26.036807 9.131539 4
14.324550 3.204688 4
-2.117083 -14.897500 3
-15.265630 -6.423472 0
-5.178433 -9.984643 0
-6.005866 -9.599190 0
-9.170279 -3.880391 0
1.966888 -9.398106 3
-7.427955 -18.167887 3
-17.216013 0.738041 2
9.442492 2.566527 4
23.810228 3.219501 4
-5.934887 -5.466096 1
-8.515088 -5.259336 0
17.545165 -7.126491 4
-2.351981 2.381232 1
-0.349484 26.148322 5
-0.387497 -11.793347 3
-17.355741 -1.265006 0
-4.329238 -7.003390 1
0.363708 22.622725 5
5.644426 -14.647547 3
-12.077167 -6.656033 0
-26.217363 6.202417 2
26.819896 1.876895 4
-0.854999 14.158872 5
5.328331 19.541085 5
-7.020741 -18.937718 3
-12.068276 2.313597 2
-14.625538 16.484597 2
2.358059 18.279727 5
6.176910 -10.935352 3
-16.412753 -12.455436 0
-25.327686 1.881697 2
27.304621 9.036573 4
-5.494288 10.959973 2
17.878231 13.454211 4
-1.338377 -16.965944 3
0.140741 -8.879150 1
-17.011930 10.118881 2
2.508966 17.620961 5
8.333267 -15.571277 3
-17.986288 -13.400795 0
-25.890639 10.759080 2
21.000376 1.031471 4
-3.876649 -10.635200 3
17.777421 12.405722 4
-0.601191 -15.935722 3
-3.175547 -16.126810 3
-6.529752 12.630750 2
-1.008224 12.167188 5
-18.060229 13.704708 2
-6.685333 4.883413 1
-9.267004 -10.242564 0
17.505204 12.594114 4
-5.947910 -17.386328 3
2.923706 22.629762 5
-16.431537 12.305083 2
-4.371467 -7.832676 1
-17.996284 11.490626 2
-3.170498 -10.302355 3
27.941554 10.209429 4
5.457252 -22.525874 3
-5.938590 -16.670087 3
-6.065205 -20.061992 3
-11.505157 -26.145178 3
8.167454 8.819776 5
5.003900 -16.631882 3
-0.780149 22.802353 5
-0.377003 19.299187 5
-18.818270 -11.255267 0
-15.354584 -11.060708 0
-1.813331 -20.555108 3
-2.190850 -13.533723 3
-13.026206 -7.279606 0
0.495167 16.597766 5
6.998443 -26.385695 3
-18.884274 -9.136689 0
13.888023 14.147997 5
-26.417464 12.221146 2
-23.835716 -5.622609 0
-4.403468 -19.104713 3
-23.421705 -2.772652 0
-28.365817 6.486547 2
26.196385 12.736181 4
15.662819 11.376277 4
19.015159 12.011598 4
19.407865 10.937380 4
27.378386 3.748229 4
-17.230465 11.342186 2
10.033751 -17.392750 3
8.051141 -7.028360 3
2.722413 13.816152 5
-14.422539 8.545305 2
-6.200154 7.770777 2
-19.806412 -11.620554 0
-8.906029 -16.298265 0
-17.121839 -9.153304 0
-3.803555 11.821472 5
-3.421336 17.160429 5
5.525921 -26.833603 3
-7.879507 -16.963076 3
13.537846 12.769141 5
-23.656745 -10.836807 0
-19.751074 -7.400966 0
0.142756 -20.415340 3
-2.695334 -16.924536 3
28.971080 1.168360 4
15.269658 11.188443 4
-23.040363 -1.350582 0
10.836663 -22.562971 3
-22.015967 -0.113074 2
-19.481560 11.296278 2
12.504714 -19.360343 3
-2.266201 -18.657087 3
17.248414 9.567999 4
-10.534930 -14.886998 0
27.834649 6.510093 4
-23.148404 0.953482 2
14.630572 -7.901421 4
29.552277 6.822494 4
2.602188 19.188706 5
-3.328675 -9.638245 1
-23.291650 -12.874856 0
15.317546 13.880576 4
-22.327701 10.938186 2
16.521810 11.614652 4
13.497580 -3.359813 4
-8.852466 -17.153606 0
-0.455867 -8.188430 1
23.804986 6.086194 4
29.994460 8.025020 4
-0.725489 -18.838725 3
-9.172811 -0.444511 1
-1.397417 -5.680755 1
-15.826621 -6.061700 0
-21.916698 -10.793366 0
4.843603 -1.584895 1
-7.513397 -21.252133 3
-18.667979 7.619605 2
-3.622367 -9.069172 1
28.152698 9.999713 4
0.992498 -17.472102 3
-4.155307 -12.836135 3
16.437763 1.840891 4
-23.374139 13.501132 2
-2.559220 7.394110 1
-5.270481 -17.659488 3
-12.090560 8.830083 2
-4.497191 -13.094863 3
3.090349 24.067518 5
-1.670215 1.960743 1
-11.041392 -5.332091 0
-30.286404 0.113030 2
23.531622 11.095775 4
-9.522192 16.188950 2
9.366412 0.939742 1
-4.636696 -18.417292 3
2.728158 -10.005505 3
-20.521730 13.826568 2
8.221267 24.393449 5
6.687683 -17.141574 3
-8.566863 0.126466 1
-25.744734 5.979707 2
20.550563 17.871838 4
-12.594006 6.132466 2
10.965349 2.772842 4
-8.831648 -17.239832 0
1.667300 -13.410048 3
-21.327388 11.690963 2
5.209620 27.905717 5
-2.513521 7.236975 1
-10.076337 -5.519866 0
-21.182101 6.162102 2
18.492531 7.272146 4
2.013813 4.532511 1
10.908830 8.670947 4
-12.667934 -18.412587 0
2.849671 -13.847219 3
-20.122963 13.314795 2
-2.704733 28.973413 5
-19.331786 12.954479 2
-4.881781 4.951840 1
1.379682 4.115736 1
12.033710 9.019900 4
-6.134329 -4.357848 1
9.350812 13.713062 5
-14.041283 11.297021 2
-1.505000 -14.929404 3
-11.712019 11.053236 2
2.864605 -13.997610 3
24.565484 12.433303 4
10.273455 -23.430165 3
-9.111546 -12.983295 0
-12.739281 -16.073695 0
-26.531090 4.948979 2
-4.169138 6.508234 1
5.759315 -26.914768 3
6.441863 26.149956 5
6.453888 25.370321 5
-17.697423 -0.422509 0
-15.169760 8.442807 2
-10.001633 -19.142107 0
-0.733043 -13.406986 3
-12.368513 0.863700 0
-0.624090 24.671645 5
2.073820 1.702117 1
-15.062252 1.663690 2
16.862194 11.844447 4
-18.081864 -2.859314 0
-24.250002 6.198645 2
-6.289309 -19.097747 3
-25.499369 9.188322 2
-28.376920 12.075003 2
23.365292 10.691885 4
13.152007 11.188946 4
13.761148 11.219118 4
14.930153 11.280640 4
29.479057 6.611506 4
-14.721473 10.965058 2
4.029205 -24.401898 3
-0.411559 13.536767 5
5.062192 20.287121 5
-19.338587 13.408027 2
8.885401 7.585503 4
-17.708866 -7.781940 0
2.989644 -6.633523 1
-12.698311 10.785524 2
-1.332108 22.157013 5
-0.878650 22.647824 5
4.400056 -7.845536 1
-8.339167 -20.539514 3
13.847706 4.357732 4
-25.097715 2.220441 2
-10.284726 -5.194434 0
1.344085 -19.962103 3
-1.457828 -18.515543 3
24.683718 10.291278 4
16.763403 4.668354 4
-21.819450 -8.851063 0
2.513833 -25.331877 3
-23.657639 3.389065 2
-19.653449 13.897301 2
7.623958 -23.160728 3
-0.020201 -15.410778 3
11.808647 1.736229 4
-6.713680 -16.520315 3
21.002326 13.299933 4
-22.586952 9.351446 2
10.713929 -21.928775 3
28.862924 2.019471 4
5.268367 26.788146 5
10.451497 -3.551823 1
-26.341918 1.474496 2
11.407740 7.678640 4
-18.083082 10.897144 2
10.417153 14.518427 5
11.187741 -17.908081 3
-2.849303 -17.422214 3
-1.861244 -7.339979 1
25.190050 11.185221 4
26.450029 11.132224 4
0.657652 -15.059564 3
-13.621055 5.596179 2
-7.874658 -12.762365 0
-14.123028 -2.626649 0
-14.554473 -2.709088 0
-1.058988 13.598523 5
-6.761223 -18.273505 3
-18.960584 7.586982 2
-11.401603 -2.415942 0
25.422793 9.104764 4
4.936372 -18.101377 3
3.668305 -10.900780 3
28.644846 9.724463 4
-10.079283 10.839422 2
9.302435 16.599765 5
-3.483173 -11.635364 3
-7.401444 20.067334 5
-4.931505 -1.417070 1
-9.775619 -4.887022 0
-17.670016 5.133770 2
18.109686 -2.990730 4
-12.576805 7.006429 2
11.760062 18.524293 5
5.895064 -10.796501 3
-12.427585 4.099747 2
-21.412756 10.433427 2
-3.609623 19.266606 5
-5.527431 4.659785 1
-6.519881 -4.628252 1
-21.337213 7.489968 2
25.784018 -0.551048 4
-13.034618 12.934124 2
9.757495 19.987639 5
1.722078 -10.422462 3
-8.053725 -0.225263 1
-22.982245 10.769583 2
-1.430447 18.167585 5
-3.092769 -0.839400 1
-13.403233 -7.369939 0
-18.700411 0.914898 2
24.981816 -3.596922 4
-8.578826 15.294134 2
11.265602 19.786958 5
2.420956 -12.837467 3
-8.438753 0.641225 1
-22.238944 10.880283 2
-0.687610 20.773294 5
-24.651316 13.547495 2
-13.953935 13.596330 2
-13.937890 11.860951 2
13.181871 15.700996 5
-8.052620 12.199717 2
-1.813737 21.647766 5
-20.603911 11.775214 2
-4.036872 4.650285 1
-22.346644 13.226171 2
-7.144330 2.619515 1
26.716244 0.634895 4
-5.185642 10.317277 2
-3.046810 -14.825866 3
5.506747 -9.563776 3
-21.401945 3.269809 2
-16.620803 13.993088 2
-6.824564 10.765389 2
-1.717943 22.674430 5
-3.812888 20.353105 5
-15.473107 -12.473521 0
-12.906175 -8.227745 0
6.380034 -11.221212 3
4.284597 5.099451 1
-13.403577 -9.538438 0
-5.337135 28.563238 5
-7.616614 10.559903 2
-11.339717 -11.136998 0
10.632693 24.749488 5
-18.396300 3.083696 2
-20.100832 6.572795 2
-0.856872 -16.776337 3
-23.098146 5.093399 2
-27.819063 5.588323 2
23.582527 -2.351212 4
16.218812 16.148072 5
10.648579 20.251126 5
17.193663 15.607623 4
25.822609 -2.479415 4
-21.750235 13.224608 2
-7.296033 10.480401 2
-6.378782 11.677240 2
-5.724348 24.368410 5
-24.938170 11.034623 2
-3.829412 11.011735 5
-11.583793 -10.667030 0
-7.147127 0.168314 1
-14.378938 -9.656546 0
-6.483768 27.036962 5
-0.965700 20.727047 5
-7.667774 14.081219 2
-4.628602 -11.273400 3
14.523892 20.762323 5
-20.587558 3.299786 2
-6.554336 -1.163932 1
-8.547165 -0.159966 1
-1.494804 -13.624507 3
26.765282 1.048290 4
14.134427 17.932823 5
-22.093950 1.011103 2
-2.975705 0.142925 1
-21.300755 6.257078 2
-19.099007 13.247236 2
-7.308417 6.276001 2
-2.370764 -11.706854 3
14.659026 18.678040 5
-5.731272 -0.869368 1
25.012647 -4.114558 4
-19.367769 7.873515 2
-5.161284 14.254135 5
24.402413 -5.025105 4
-2.533290 22.841546 5
-14.689053 10.844957 2
-21.719362 0.564025 2
16.999559 17.108294 5
-24.388658 10.613905 2
18.342628 13.455771 4
-7.623891 4.470112 1
1.701039 -8.338221 1
-14.889651 12.223652 2
26.847306 0.061055 4
18.667107 -7.345749 4
-0.387542 -13.154408 3
-16.842386 -11.167275 0
-0.727999 2.191079 1
-18.401000 -8.445028 0
-11.072000 -10.579618 0
-5.234542 11.891997 2
2.480040 -10.364152 3
-22.820585 13.138114 2
-8.639616 4.545729 2
27.110656 -2.349530 4
1.399746 -1.451507 1
-3.519745 -8.701760 1
27.429397 -5.488895 4
-16.749054 4.469258 2
-3.366887 19.567461 5
2.864528 -7.638934 1
-20.050190 9.414236 2
-0.277394 -3.727039 1
6.625723 23.748912 5
9.910447 -23.684611 3
-4.930879 -6.381267 1
-16.621181 -6.772039 0
22.271723 -1.460945 4
3.372733 -8.730343 3
6.694042 -4.543796 1
-7.282683 -18.852601 3
9.985658 -5.615390 1
0.531338 3.358923 1
6.581947 23.567733 5
9.444631 -18.858430 3
-3.993013 2.958519 1
-17.600072 -5.446345 0
24.121509 -0.448811 4
12.431655 -7.560170 3
15.188607 4.354421 4
-8.604672 -5.421044 0
7.604063 19.050687 5
17.265930 -14.239259 3
-4.482452 -6.731175 1
-23.240095 -6.547493 0
20.413872 -2.122108 4
-0.118918 -11.070533 3
19.055129 -4.622970 4
-8.113084 -21.358481 3
2.553665 -5.408397 1
-5.861619 -1.122712 1
20.079882 4.595439 4
-4.163719 0.841548 1
-3.126423 -19.991460 3
0.755954 -7.603085 1
17.237007 7.249034 4
7.647235 -10.165491 3
4.102855 25.203542 5
0.899490 -11.703552 3
15.162320 -6.653174 4
-7.282780 -18.845052 3
3.904744 0.463397 1
27.269649 1.120947 4
6.141287 -25.571443 3
0.152793 -17.888132 3
-3.262558 -14.768804 3
-16.500259 -25.270927 0
1.573315 0.491987 1
9.281153 -23.000209 3
15.868012 13.053014 4
0.342733 13.860724 5
-7.130125 11.521287 2
-16.725362 -10.996335 0
6.375957 -8.104979 3
2.670103 -9.657104 3
-4.644573 3.074656 1
10.669234 19.714428 5
16.244732 -20.293759 3
-10.221773 -5.044598 0
15.873923 2.384906 4
-12.008733 -21.414239 0
-13.466093 -27.423192 0
-7.090272 -16.863960 3
-7.530871 -20.668160 3
-13.991897 -19.253080 0
16.092810 -6.242476 4
21.360225 6.996827 4
21.948134 1.551432 4
17.334655 6.886094 4
-7.090082 -18.049919 3
-1.004217 -2.182858 1
14.399853 -22.463985 3
1.716368 -12.893770 3
17.416117 15.263313 4
-18.255342 12.087308 2
7.964570 -5.801053 1
-8.888525 -1.076139 1
2.633707 -7.797214 1
2.379868 28.848669 5
10.443943 -22.785879 3
-0.014833 -17.881864 3
15.642861 6.454471 4
-22.767479 -9.261455 0
-9.159154 -9.234498 0
4.681804 -22.513608 3
1.505887 -14.150825 3
-1.151883 -16.985978 3
14.415279 1.863827 4
-16.827087 -2.488749 0
7.380323 -26.295285 3
-13.621853 -5.274557 0
0.389143 -13.512503 3
8.766447 -25.821922 3
-9.128265 -15.883359 0
19.235947 6.853057 4
7.723264 -0.865625 1
28.157169 4.256973 4
-20.647741 -5.355917 0
6.239322 -26.495152 3
26.347734 -3.044895 4
11.229983 20.835784 5
4.616253 -11.500970 3
-19.716403 -0.106333 0
17.772141 -1.849235 4
-18.968374 12.749763 2
21.174651 -1.807394 4
5.059812 -24.213394 3
8.611245 -18.340749 3
-0.655730 -16.541055 3
23.684470 0.119290 4
16.507416 -9.778264 4
4.422101 -19.123709 3
-2.781975 -6.813473 1
-14.660146 -2.655322 0
9.912906 -6.191536 1
-2.172284 -13.279024 3
-12.369704 0.754080 0
8.741784 -11.365085 3
-7.764672 -14.062099 0
26.720609 0.812340 4
-1.813621 -15.463482 3
2.693237 20.911017 5
8.753894 -9.216663 3
0.633550 -15.750764 3
9.532056 -11.547276 3
-2.417860 21.219456 5
10.905060 -9.222985 3
-12.868771 -8.226067 0
-6.454275 2.161082 1
14.082529 -2.840279 4
-5.714415 8.718340 2
20.372375 11.304907 4
-3.083986 -21.805127 3
-10.367337 -3.206010 0
-22.242082 12.458809 2
0.037535 23.586443 5
16.265823 -17.105523 3
-1.026171 -10.744753 3
-8.258979 -13.920784 0
29.062707 4.457553 4
1.238627 3.206300 1
15.964127 15.230151 5
8.621552 -13.273947 3
-0.800408 -9.854736 3
-19.453455 12.589566 2
2.313975 20.722984 5
11.632257 -10.353736 3
-7.962842 -10.903971 0
-4.686185 -4.701439 1
27.836422 5.279812 4
8.031350 8.720058 5
21.521804 12.601239 4
-0.002746 -23.112696 3
-5.234523 -0.750796 1
-16.803425 12.331549 2
-0.025549 23.703422 5
-16.544958 11.915573 2
2.946293 1.685715 1
1.175090 1.340697 1
16.063042 16.054746 5
-2.654418 -2.651897 1
10.275911 20.301120 5
-21.784229 7.895800 2
0.398596 5.332635 1
-23.217881 12.722981 2
-0.642470 -9.220993 1
27.121796 2.184260 4
9.002477 -12.295799 3
4.772239 -14.442903 3
3.787482 -15.910690 3
-3.821382 -21.407701 3
2.124841 4.822336 1
10.712634 -20.366019 3
0.968945 18.335832 5
3.460267 23.139762 5
-5.985241 3.239149 1
-11.185231 -9.886518 0
4.559365 -18.045822 3
-6.800847 -11.785669 0
-7.080765 -2.780574 1
9.581128 10.626050 5
10.336252 -16.029680 3
-4.261528 -2.725405 1
19.598017 13.134869 4
-8.874195 -11.861227 0
-4.932363 -15.492627 3
4.264814 -17.302957 3
-0.057839 7.796753 1
-8.035033 -15.295858 0
28.979294 -0.265592 4
20.760835 7.667206 4
17.673179 11.944666 4
13.234620 21.850396 5
25.141993 0.177890 4
-18.073905 15.302886 2
10.249962 -18.478629 3
-3.711941 5.396144 1
1.796627 16.950686 5
-20.051940 10.304039 2
6.776687 12.084046 5
-10.217313 -12.996407 0
-0.188292 -1.436974 1
-14.648771 -9.808719 0
4.307661 18.249834 5
-1.501431 17.958082 5
12.851289 -11.265151 3
11.035296 -15.697258 3
22.887971 10.138132 4
-15.509224 -16.032205 0
-9.531640 -8.652467 0
2.029782 -18.392603 3
12.693945 -19.019656 3
23.546894 6.073719 4
24.136081 6.041547 4
-19.909374 -7.811157 0
4.506527 -22.581353 3
-11.039416 -1.107850 0
-19.156490 12.679446 2
17.153438 -14.893014 3
-0.607604 -20.885719 3
17.534744 14.435520 4
0.164007 -12.107417 3
28.452683 12.271208 4
-1.493756 -3.677341 1
12.577490 -13.188486 3
23.503505 3.431354 4
10.057495 17.019909 5
-8.381570 12.765538 2
-18.705174 -3.659011 0
24.430553 0.578448 4
-19.339345 5.155467 2
15.894717 16.987811 5
10.564694 -14.200292 3
-3.113343 -23.702834 3
-0.887980 10.135386 5
20.225791 2.323691 4
26.782119 2.304337 4
3.345862 -19.313892 3
-10.180144 -10.181615 0
0.224002 -0.615006 1
-6.865825 -11.862642 0
-7.915991 -7.588934 0
1.563381 11.530035 5
3.964410 -18.801815 3
-16.698879 7.920943 2
-3.987631 14.023061 5
28.022993 7.813474 4
3.603419 -17.898432 3
0.069414 -18.644965 3
31.662651 2.836203 4
-14.639730 13.440830 2
6.381749 20.535628 5
10.732066 -6.962196 3
-4.807847 12.393975 5
-0.362365 6.447782 1
-1.288088 21.331152 5
7.994165 -20.789526 3
7.006951 -9.925887 3
-15.920972 3.308236 2
23.321930 4.289738 4
-14.172264 7.806118 2
21.353616 5.363309 4
-2.884035 -21.086649 3
-5.185850 1.121091 1
-5.448183 8.037840 1
11.317085 16.806690 5
2.994775 -11.966668 3
-2.362226 -4.819495 1
-23.275236 -1.947770 0
24.441811 2.755281 4
-1.300151 -15.744419 3
17.186997 -2.337405 4
5.521439 -12.926254 3
-2.880406 -14.244873 3
-13.794492 8.907350 2
6.332810 19.460905 5
0.023592 -10.316123 3
-8.194209 -8.719960 0
-19.194600 -4.480412 0
17.486494 4.630348 4
6.096589 -5.477080 1
21.304987 8.134991 4
4.675134 -5.280446 1
0.433829 -7.397350 1
-14.535711 9.422525 2
0.215805 26.636843 5
-13.603857 7.441809 2
-5.004190 -3.595513 1
-5.935080 -11.152815 0
18.028464 3.473804 4
-3.174749 -9.513148 1
6.129949 15.901183 5
-13.297594 9.965774 2
0.075057 -11.636780 3
-20.677428 12.839855 2
-4.290561 -10.763411 3
25.092136 0.825234 4
2.815058 -9.329516 3
5.643922 -10.338186 3
-3.509293 -18.925428 3
-20.782424 2.977355 2
3.122708 -11.396482 3
1.692672 -10.794408 3
4.986618 20.696282 5
3.906295 20.866166 5
0.949634 -6.792541 1
6.194138 -7.277728 1
6.951460 -13.302152 3
1.686881 -10.041171 3
10.685355 -9.211972 3
10.342685 14.025079 5
3.283049 -9.534042 3
6.637662 -11.773546 3
22.419040 10.600511 4
-19.401319 -8.135699 0
-23.611397 3.611809 2
4.746907 -11.648366 3
-23.889889 0.646168 2
-21.576287 -8.734583 0
28.163307 7.446475 4
21.383601 11.138474 4
21.285275 8.353665 4
14.746977 17.221337 5
19.476364 -4.377579 4
-7.675793 -19.128245 3
7.921029 -10.738212 3
-6.142391 -5.699020 1
6.417073 20.076468 5
-18.436888 11.813724 2
-1.342711 0.926928 1
2.989614 -9.247750 3
2.761903 -11.265913 3
6.570570 -13.958942 3
-3.364214 22.819320 5
-1.246477 23.833564 5
0.147679 -15.533827 3
1.294468 -19.615960 3
21.700383 7.132652 4
-20.253243 -5.382464 0
-3.689103 -2.306073 1
7.513130 -20.883477 3
6.501531 -3.743021 1
18.170525 -13.213981 3
22.037808 2.193265 4
-24.011008 -1.851331 0
3.124997 -14.120756 3
-20.655404 -14.882862 0
-20.210068 11.977468 2
12.567624 -20.207904 3
-0.153742 -17.442275 3
20.186123 -4.691842 4
3.106243 -10.294355 3
22.550012 0.675879 4
-24.643240 -5.259995 0
19.887777 -19.210071 3
22.818660 5.083280 4
8.545820 23.600489 5
0.018387 -3.951844 1
-14.323306 -23.055093 0
24.474412 1.197952 4
-16.481161 11.553364 2
18.121247 -1.377132 4
-0.713262 -9.148705 1
3.656289 -11.341278 3
0.857263 -6.978293 1
16.841038 -1.399809 4
18.812917 2.683868 4
2.364702 -17.688221 3
-1.985830 -10.526845 3
3.654081 -11.243388 3
2.845140 -7.508732 1
-5.041640 -4.494915 1
-3.174900 -16.128919 3
0.194340 -15.927288 3
-12.022389 11.529217 2
-3.303980 -3.691494 1
16.736130 -12.148062 3
-0.030264 -18.818637 3
-3.672669 -15.009063 3
24.598345 1.221968 4
-16.220619 -0.493875 0
7.719325 21.178121 5
1.711469 -10.702766 3
-15.312507 13.833133 2
4.328712 -15.574607 3
2.041695 24.180232 5
-3.916236 3.756592 1
-8.418214 -7.675897 0
-19.677765 -11.966161 0
18.322557 -14.943597 3
-1.050744 -13.192875 3
14.551341 17.188352 5
1.041352 -17.942626 3
1.206046 -5.269206 1
-18.276492 14.088354 2
3.478337 21.584828 5
2.718930 -7.342610 1
-10.022214 -11.552594 0
-26.912221 0.771815 2
22.477139 -10.902384 4
-4.380889 -17.434938 3
17.971245 10.353092 4
4.970642 -20.393651 3
4.113627 -0.171303 1
-18.435883 11.878558 2
8.011136 22.341469 5
-2.276864 -2.543963 1
-11.968646 -14.148044 0
-16.981267 -7.979751 0
19.702624 -12.472434 4
6.164620 -2.211841 1
20.020250 6.885835 4
3.837917 -19.681594 3
7.146952 -12.230666 3
-16.316991 11.617058 2
5.940222 20.826193 5
-12.948537 8.272842 2
1.564654 -15.362805 3
5.008622 -10.941888 3
18.188261 15.488716 4
2.411836 -10.375632 3
4.320703 22.510928 5
-14.504671 12.277777 2
3.682489 -6.878919 1
-16.877885 12.668420 2
4.113946 -12.603407 3
25.292029 -12.581048 4
-2.255711 -3.446932 1
0.167428 -19.972709 3
-2.266505 -19.549736 3
-21.629771 -8.635186 0
-2.504570 -9.635044 1
-1.972514 3.655621 1
2.767496 24.257161 5
10.761054 16.227901 5
-9.525684 -9.755690 0
-9.768291 -12.533615 0
0.761726 -22.203783 3
-5.108911 -0.947283 1
0.211897 -4.703125 1
10.606900 21.445339 5
2.118730 -7.420533 1
-3.237770 -8.907048 1
15.736303 13.307632 4
-26.077045 3.507326 2
-19.165125 -2.219387 0
8.946607 -21.123085 3
-21.867486 2.240612 2
-23.016496 -2.480532 0
20.417215 -10.523377 4
23.700197 5.433438 4
18.484692 13.436074 4
18.888528 16.651793 4
21.082658 -12.770303 4
-10.326144 10.477449 2
7.230845 -9.781485 3
-0.134424 -12.382194 3
5.746786 24.407007 5
-14.878797 5.283093 2
2.925622 -4.020306 1
-9.052261 -12.233413 0
-0.133423 -14.686171 3
-5.317827 -12.657278 3
14.775203 16.236472 5
11.283237 20.720335 5
1.420289 -5.512393 1
1.218309 -23.625003 3
17.441033 15.818638 4
-20.453041 -6.685182 0
-5.155943 -9.269406 1
1.130519 -10.670085 3
5.615476 -19.707572 3
-18.242463 -9.592086 0
-1.586222 -0.245619 1
-19.832080 -8.792499 0
-14.116463 5.189785 2
7.554668 -10.852614 3
-1.568510 -21.803182 3
19.554370 2.246621 4
1.763636 2.931665 1
26.199994 -11.921629 4
-17.865344 -9.148318 0
3.871044 -10.957927 3
24.818884 -13.030951 4
0.059089 25.012562 5
-0.252625 -11.019420 3
-13.581070 -8.921128 0
17.406194 13.813071 4
-13.989290 9.498245 2
9.917671 21.591067 5
9.524735 -9.812917 3
-0.317235 -20.922696 3
7.557181 -8.633081 3
20.846058 -12.818487 4
22.332274 -15.970112 3
5.454907 -20.457664 3
1.471050 1.405911 1
5.399561 -15.759002 3
-1.249553 -0.492921 1
-4.274091 -12.130875 3
4.399927 -11.010513 3
3.178318 -12.756378 3
17.495340 -8.209292 4
1.278884 -7.561963 1
-0.377451 -8.054711 1
22.672482 -13.321323 4
-9.002106 12.635753 2
7.935318 23.250367 5
-1.729314 -2.878640 1
-4.019924 8.432412 1
5.253172 -5.393574 1
5.600421 18.797769 5
10.743987 -21.317165 3
-10.670177 -4.301612 0
-19.363006 3.350525 2
20.939864 -1.566321 4
-11.566265 11.307527 2
14.530327 15.670628 5
-5.639908 -22.305651 3
-6.674229 1.632488 1
-7.878273 -8.669361 0
3.039619 20.845758 5
8.692110 -18.546684 3
-10.768423 -6.692374 0
-15.704574 -1.308812 0
26.508722 -3.968293 4
-6.187790 -17.468511 3
18.422593 15.174897 4
1.187710 -17.702303 3
1.723609 -9.205703 3
-4.424720 -17.132395 3
0.608023 20.846009 5
13.435889 -18.058641 3
-13.335028 -5.269969 0
-22.496336 0.892173 2
23.412416 -0.974727 4
-8.893131 1.548921 1
14.947931 15.364004 5
7.486271 -14.437753 3
7.091423 -7.625971 3
-23.427927 8.789205 2
5.815693 18.504079 5
-17.385560 10.656541 2
-7.390361 5.161164 1
-7.022700 12.682927 2
17.798415 10.047413 4
-8.623313 14.309685 2
-3.198252 18.892188 5
-15.103584 6.796037 2
-2.633958 -1.764413 1
-15.995453 13.916714 2
-1.108611 -1.737738 1
27.558650 4.269431 4
14.322799 -18.814713 3
-4.315853 -17.806317 3
1.391253 -13.679546 3
-20.604622 0.061084 2
-7.077415 1.483502 1
9.732480 -16.940481 3
3.634371 20.616699 5
-0.608486 24.822911 5
-12.397926 -1.513831 0
-10.082518 -5.422112 0
-5.337568 -19.632330 3
-8.079854 4.423038 1
-13.265920 -8.748297 0
1.047720 21.331596 5
5.653018 -11.541149 3
-12.413166 -3.618058 0
5.452439 13.582488 5
-16.432675 -3.386199 0
-20.755867 -1.938744 0
1.832023 -16.714536 3
-25.443979 0.518552 2
-20.420786 -1.741229 0
28.822621 2.785857 4
14.135718 16.889866 5
14.598827 14.914048 5
19.219760 11.166899 4
25.915798 2.626578 4
-3.290277 -11.347161 3
11.397304 -20.382349 3
5.282287 1.142240 1
1.984719 20.668078 5
-6.836651 -13.577717 0
-5.558774 2.832014 1
-15.552789 -7.853812 0
-4.811175 4.610414 1
-14.991454 -3.772702 0
3.424060 24.576484 5
0.545968 18.030084 5
8.363232 -25.283160 3
2.601909 -14.327060 3
20.498858 5.298818 4
-20.458152 -0.615987 0
-16.119079 -6.290787 0
6.863094 -20.725925 3
0.938071 -14.221762 3
26.408891 -4.120584 4
14.006038 16.804538 5
-25.225901 -2.813782 0
10.886677 -23.128372 3
-15.951124 -2.769214 0
-7.163055 -6.036988 0
9.997576 -20.766326 3
-2.016343 -17.392934 3
17.308489 11.234931 4
1.922368 -4.482866 1
30.280997 7.824572 4
-10.410023 1.057798 0
3.474459 -25.297117 3
20.688250 -6.371944 4
1.099963 20.389585 5
-10.231753 11.604877 2
-22.341967 3.912226 2
17.183890 17.575429 5
-7.925522 -13.375512 0
14.948660 15.622152 5
15.194101 -12.583363 3
4.355375 -17.011055 3
-7.869867 -1.351552 1
29.520317 9.381206 4
28.075195 -0.793482 4
0.195408 -15.961363 3
-13.759584 -5.103284 0
-7.030212 1.223054 1
-11.487345 -6.839271 0
-13.015829 -11.068614 0
-13.508247 11.472377 2
5.188119 -11.951351 3
0.733483 -0.946946 1
-2.187745 -13.895957 3
28.878510 1.674339 4
-6.830015 8.308229 2
-4.962677 1.773895 1
26.902074 -1.225064 4
2.364316 7.563927 1
2.491607 23.976025 5
3.474963 -11.951901 3
-0.077411 -8.225607 1
-23.720990 -1.805133 0
-5.255331 24.997149 5
-6.072709 2.453112 1
-7.627709 -11.214799 0
-21.397535 1.765474 2
17.732629 -3.780773 4
-10.275887 -2.921782 0
20.740758 10.952948 4
2.614539 -8.473552 3
0.088667 -1.077073 1
-19.433278 9.735379 2
-0.910104 24.947963 5
2.544533 -10.495474 3
-7.100672 -1.870596 1
-17.360131 8.252297 2
21.982685 -9.810866 4
-1.434375 -8.128204 1
14.047860 8.233729 4
3.405084 -5.516776 1
-3.836230 -8.260035 1
-13.681320 11.041265 2
4.579241 24.092203 5
4.450395 -8.430849 3
-6.079078 -5.865265 1
-9.351452 13.597096 2
22.016864 -8.096493 4
-0.435115 -5.989650 1
16.209601 10.137389 4
6.204211 -4.737989 1
5.096845 6.945439 1
-14.615054 11.384482 2
7.468560 17.019707 5
-10.648516 10.879211 2
-15.267736 1.128621 2
-3.431676 0.498170 1
10.070199 11.096426 5
-12.280528 5.278298 2
-2.646661 22.494408 5
-13.238158 10.226597 2
-4.829815 1.512259 1
-20.701355 11.724772 2
-5.446903 -1.874378 1
19.119725 -6.292218 4
-1.342320 -3.427430 1
7.213259 -1.980833 1
-4.319609 -16.637348 3
-20.656111 6.563763 2
-1.622994 -4.341691 1
1.531234 -7.862478 1
2.869057 26.520865 5
5.307957 21.386977 5
-10.393396 -6.207189 0
-11.559176 -8.603477 0
2.565572 -7.049607 1
-6.988910 2.537647 1
-12.493428 -5.114942 0
-5.416833 26.232231 5
-0.205297 -3.364024 1
-11.681779 -1.935063 0
11.091186 7.299449 4
-14.089125 4.602515 2
-11.501474 9.696704 2
6.123782 -0.708052 1
-13.907583 9.675788 2
-12.849980 9.134879 2
22.579980 -4.782164 4
19.439319 12.899726 4
16.842710 8.037479 4
17.666019 11.898263 4
20.234878 -6.212494 4
-21.111421 10.888468 2
-0.485607 -8.118404 1
-5.377387 6.072890 1
2.234238 18.832716 5
-11.900102 7.096295 2
-5.689517 0.285782 1
-5.675008 -9.874535 0
-6.726868 -3.561445 1
-8.965011 -8.308391 0
-0.926530 23.869670 5
0.084307 27.152578 5
6.409004 -12.757108 3
8.793021 0.650485 1
21.063142 9.422180 4
-13.485134 8.185812 2
-6.111095 -2.755308 1
12.704737 -12.076713 3
-5.282459 -14.173931 3
17.287049 1.135670 4
13.609260 10.893886 4
-12.866414 8.013885 2
-0.415879 -10.555265 3
-15.831687 3.841852 2
-11.825421 8.862900 2
1.309913 -11.243571 3
-1.553592 -2.271354 1
12.830457 13.248379 5
-2.335580 9.261979 1
21.206722 -4.448181 4
-15.188102 3.442804 2
1.312451 -5.843031 1
20.656327 -7.033259 4
2.829996 22.423689 5
-7.010570 -3.230973 1
-12.023636 6.385968 2
20.834788 11.333889 4
-6.664562 10.738451 2
21.145822 -3.950914 4
2.209773 -3.686838 1
4.881361 -6.254331 1
-5.053428 -2.122175 1
15.012904 -3.419574 4
21.536706 -4.092533 4
2.907151 -2.296759 1
-6.512389 -4.151727 1
-1.427639 8.172005 1
-11.060600 -6.765021 0
3.070204 -9.870432 3
0.447803 -9.908409 3
-1.369215 -11.217457 3
-11.102771 13.168004 2
8.416187 -1.388295 1
20.299452 -1.718645 4
-2.430134 -4.005973 1
0.653474 -9.409698 3
18.907577 -9.529315 4
-12.862425 9.454785 2
0.508704 22.307327 5
-5.885647 8.774073 2
-14.761582 12.638154 2
-7.957526 -2.233259 1
-3.456409 24.048346 5
-0.842920 -5.698931 1
-3.122602 -3.743790 1
-14.053082 13.533526 2
19.387485 -6.406805 4
-1.942136 6.289861 1
13.967607 12.369119 4
-5.857814 -18.516948 3
3.581895 -8.009189 1
-7.960138 9.998495 2
0.186719 21.964203 5
-0.167443 -4.028276 1
-5.115093 -7.441928 1
-19.183636 6.383893 2
11.861595 -7.673652 3
-10.032410 14.418789 2
12.654765 14.580134 5
-7.152992 -22.194431 3
3.843769 -2.806251 1
-8.640173 14.014277 2
-6.415600 18.256236 5
1.697353 -6.437515 1
-8.116653 -3.029567 1
-12.044533 2.270099 2
22.329845 -1.298146 4
-13.656613 10.905355 2
13.032109 17.267637 5
-2.465687 -15.951285 3
-3.833109 -2.208009 1
-13.624177 9.329312 2
0.234924 22.137112 5
-6.044694 -4.789294 1
-11.900994 2.384772 2
-11.218539 14.402333 2
14.068322 11.676607 4
-11.616798 11.730719 2
-6.259696 23.158206 5
-19.486070 12.512296 2
6.029496 -1.540450 1
-8.465485 6.247984 2
0.290248 -5.673676 1
19.131344 -2.774735 4
7.452256 -3.644849 1
3.733040 -16.629247 3
-4.324889 -20.204321 3
-17.941129 5.674832 2
-13.422202 12.083999 2
11.879191 -2.838553 4
-2.420587 24.691592 5
-4.946326 29.126768 5
-10.433152 -8.241703 0
-4.992536 -5.209667 1
-5.724094 -16.662805 3
3.144649 0.238724 1
-12.655271 -5.593429 0
3.604998 21.244098 5
9.657657 -2.930532 1
-6.323906 -5.793367 1
12.928444 8.289988 4
-15.091430 7.969967 2
-19.592172 10.274129 2
-1.497889 -19.265110 3
-10.892569 7.780027 2
-11.863386 6.724860 2
24.762774 -2.483509 4
12.774045 15.147272 5
18.317433 12.389247 4
12.557227 16.117545 5
14.553030 -9.220607 3
-13.896567 13.914641 2
12.118195 -1.068342 4
-8.480617 7.513298 2
1.734803 18.904825 5
-19.102955 10.207315 2
-7.899443 13.578835 2
-10.459354 -4.173108 0
1.047612 -1.268722 1
-12.990916 -2.801733 0
-8.689274 18.110531 2
-1.695742 20.060914 5
8.258536 -5.287802 1
-5.464026 -20.956694 3
14.417821 12.461837 4
-14.220612 5.853706 2
-3.231775 -0.206398 1
4.977828 -4.707017 1
-2.088342 -20.926992 3
16.864342 -6.494774 4
17.771820 6.195205 4
-9.390574 1.352541 1
8.974963 -1.769972 1
-8.272341 4.496765 1
-10.213211 14.655735 2
0.451147 -9.402010 3
2.611766 -19.390669 3
16.284971 14.347604 4
2.351646 -6.266831 1
18.551034 -2.032670 4
-19.483218 4.374339 2
7.886679 -11.672874 3
19.902137 -3.659424 4
-8.750255 19.198723 2
-11.419801 17.100902 2
-17.083484 6.515665 2
17.520697 12.658138 4
-9.176064 11.373048 2
14.493489 13.895370 5
-0.169185 -6.191128 1
-4.672429 -20.393769 3
-10.606094 6.496626 2
15.619927 0.166964 4
24.395530 -0.919194 4
-3.056400 -17.505971 3
-7.634490 -8.685413 0
6.450705 -2.363223 1
-19.013000 -9.202311 0
-7.429460 -5.188675 0
-1.945585 2.587644 1
-6.362879 -22.172986 3
-20.804612 12.351818 2
-12.194693 13.139772 2
12.428854 -6.270001 4
2.139186 -1.524819 1
3.637302 -10.303203 3
15.099833 -4.261606 4
-18.401122 16.370222 2
-2.887590 24.645719 5
2.417634 -6.691484 1
-13.796879 11.456746 2
5.631038 -6.629045 1
3.249671 23.397241 5
10.291310 -26.180933 3
-11.217489 -5.645404 0
-15.905237 -1.350324 0
23.273596 -10.436340 4
4.425255 1.612901 1
16.791389 12.715203 4
-1.550804 -17.708648 3
-5.908663 1.234185 1
2.351869 2.539377 1
-0.877066 11.669873 5
13.723081 -16.029737 3
-10.611334 -2.972267 0
-18.615953 7.794528 2
27.175462 -9.345331 4
2.531255 0.220205 1
19.352332 13.937541 4
2.200314 -18.835554 3
-1.288288 3.829209 1
7.585897 1.648880 1
7.453127 21.027870 5
18.111008 -11.065777 4
-14.374307 -2.879316 0
-14.684993 -3.191727 0
17.076306 -3.748102 4
0.791434 -2.768375 1
17.316334 13.766358 4
4.018863 -12.783684 3
-3.281498 3.444388 1
1.764610 7.327810 1
4.923244 19.365614 5
10.374062 3.051698 4
18.145237 3.129930 4
6.324527 -13.614015 3
20.322585 18.167686 4
8.407244 -8.034072 3
-0.002101 25.054760 5
0.990111 -4.432902 1
-3.685880 -2.521139 1
8.465191 1.214744 1
-3.651998 0.054548 1
18.391740 -10.612808 4
10.192013 -22.185040 3
14.554358 -7.175404 4
8.012944 -8.378499 3
-11.747585 6.694749 2
4.353718 -9.647506 3
10.384804 -19.595123 3
7.746402 22.430161 5
-0.093088 13.216335 5
-14.982617 -5.860346 0
-10.971968 -8.239943 0
4.275407 -16.228239 3
-0.531837 -6.239825 1
-10.203490 -8.513740 0
14.556800 9.438573 4
0.524865 -24.174546 3
-9.722742 -3.098452 0
11.842860 18.127972 5
-24.361889 6.562118 2
-21.889668 -0.051391 2
0.497812 -17.031564 3
-24.351096 6.400100 2
-23.394855 -4.074026 0
15.754996 -5.984947 4
15.404007 14.878457 5
17.591350 8.702675 4
15.275512 15.814573 5
22.346565 -6.773952 4
5.325870 -0.366701 1
15.135193 -14.168632 3
9.637694 6.122076 4
8.400035 20.073695 5
5.189468 -3.191925 1
11.472500 1.868288 4
-13.727801 -9.823263 0
-3.362630 1.785822 1
-6.196013 -5.622132 1
5.784754 17.815364 5
3.809286 23.072367 5
0.676426 -26.322332 3
3.686764 -13.519415 3
17.942366 15.707396 4
-20.888119 2.207722 2
-9.759440 1.406727 1
7.953113 -14.938064 3
9.664107 -9.956759 3
25.257960 -6.809708 4
19.970397 8.838117 4
-21.274917 4.791404 2
9.942171 -16.936967 3
-5.184600 -3.649373 1
1.032603 2.585130 1
13.808586 -18.462594 3
7.676140 -14.515276 3
15.209062 16.868825 5
0.306584 -8.755656 1
19.442224 -5.657771 4
-9.740997 -0.153027 0
14.843877 -17.529938 3
7.663840 -11.768696 3
4.175435 22.607696 5
-3.524175 6.795486 1
-16.789025 -8.963866 0
23.092361 10.583960 4
9.850886 -2.774864 1
18.223389 8.121713 4
10.748466 -22.177641 3
5.657559 -12.611747 3
0.951643 -11.075920 3
14.900055 -0.629135 4
15.988594 -9.881106 4
12.716105 -8.266396 3
-13.750021 -9.778383 0
10.135320 -9.413550 3
-13.237608 -7.454023 0
-12.457173 -8.549077 0
7.813136 -8.341290 3
-2.400257 -19.852426 3
9.251820 -0.344892 1
3.864204 -0.267965 1
23.440341 2.554347 4
-2.726776 4.812741 1
7.261054 -4.694584 1
13.671809 -11.347170 3
1.659836 3.694101 1
3.359506 17.343651 5
-1.008694 4.773438 1
8.384992 -11.090279 3
3.536745 -3.638736 1
-3.280095 19.700502 5
2.474720 -26.763477 3
-11.508969 -8.725582 0
-5.372481 2.017250 1
28.150066 3.142508 4
-3.828379 -19.789093 3
8.991859 21.067988 5
-2.358371 -16.177562 3
4.294430 0.998674 1
-19.510598 13.869611 2
-4.116112 26.477542 5
-2.551475 -20.475486 3
-13.571926 -9.835860 0
-21.010011 -1.653981 0
29.843437 -4.125434 4
-1.623471 -8.086189 1
8.095866 19.877821 5
-2.878119 -21.416502 3
8.323859 -3.872507 1
-8.839951 14.917828 2
4.332652 18.047677 5
4.235051 -26.232466 3
-9.790882 -4.834446 0
-22.247083 1.669448 2
25.673294 2.450374 4
-1.333488 -10.487506 3
14.476111 11.468673 4
-6.980371 -22.757883 3
10.249519 -8.029500 3
-11.412942 13.656547 2
3.962237 25.300004 5
-16.460426 15.477676 2
-7.733487 -21.788661 3
8.281462 -12.301617 3
11.171472 18.604531 5
-4.454076 -21.494164 3
3.610581 23.531531 5
-11.074536 9.116212 2
-5.780445 1.356151 1
-17.728268 14.572347 2
-5.490267 3.284902 1
28.852215 3.244927 4
12.340107 -9.521994 3
-8.086790 -18.046566 3
-3.177073 -17.031890 3
-20.441501 0.178529 2
-1.262006 -16.387385 3
7.550181 -18.976336 3
1.782438 17.819920 5
5.348118 17.367576 5
-12.579471 -11.784986 0
-0.145896 5.902544 1
2.787039 -16.517832 3
0.965536 5.028637 1
-9.406096 -6.749347 0
3.758378 21.778752 5
-0.062213 -3.030461 1
-7.370340 -8.786008 0
20.479579 6.286517 4
-13.902057 -6.684142 0
-12.368546 -5.760732 0
-7.474101 -20.591259 3
-18.646451 -1.648323 0
-16.283772 -6.990197 0
27.082999 -0.911770 4
19.616488 12.796014 4
13.897671 15.126361 5
11.257076 17.183297 5
28.980072 -0.679064 4
-16.655610 16.662464 2
0.951508 -21.476377 3
-2.995533 -13.440498 3
6.684898 22.355943 5
-12.676304 11.118999 2
-3.674212 -17.071604 3
-3.829440 -3.862953 1
-6.088726 -6.791279 1
-3.215886 -1.924954 1
11.621640 13.172266 5
-5.199679 21.342230 5
10.955007 -12.813898 3
-5.262821 -18.658619 3
19.036669 18.392158 5
-21.367061 -0.459140 0
-11.805805 -12.356756 0
9.323068 -19.750837 3
0.768721 -17.327010 3
25.213107 13.714971 4
11.063547 17.452634 5
-19.238241 -0.912488 0
10.314634 -25.371525 3
-21.417400 1.244397 2
-12.626360 8.232262 2
9.050950 -22.523024 3
-1.250380 -21.273580 3
13.276316 16.980821 5
1.974146 -3.696739 1
25.393057 2.338003 4
-13.957952 1.596249 2
5.743423 -25.985556 3
25.664422 4.385084 4
-2.869724 22.642979 5
-4.186325 -14.549126 3
-17.385682 -1.728864 0
18.828993 2.341584 4
-16.903655 12.691990 2
17.404982 16.220360 4
6.168286 -26.105221 3
-0.039278 -18.678309 3
1.583118 -11.982332 3
27.308800 -0.534753 4
28.713305 -0.317036 4
-2.336850 -19.273070 3
-4.002731 -2.703436 1
-1.532553 -5.527702 1
-7.331607 -6.974725 0
-13.421873 -5.330271 0
-9.293267 -15.043134 0
-7.807154 -20.229718 3
-14.772054 13.814220 2
-2.105721 -12.903055 3
29.516341 3.885893 4
-1.728135 -3.610966 1
0.147279 7.663006 1
26.449557 9.473103 4
-11.365670 16.040076 2
6.753799 20.918851 5
1.017261 -4.356714 1
-20.952149 12.079514 2
10.484752 -6.863175 3
2.952782 -5.712111 1
-12.282828 -11.212906 0
-19.282303 9.026328 2
28.230978 9.736233 4
-9.374039 3.430747 2
12.542706 17.691587 5
5.234312 -8.636350 3
-8.884625 4.998725 2
-19.501788 10.934473 2
-3.659457 24.990022 5
-1.843613 -7.077550 1
-7.107290 1.098096 1
-17.971088 7.814075 2
28.741321 6.890499 4
-13.185484 13.658311 2
15.783886 17.244360 5
-3.115118 -13.982434 3
-9.556375 0.786481 1
-20.067232 13.952822 2
-4.536913 22.728025 5
7.741303 -5.185336 1
-15.940626 -11.032378 0
-20.241666 6.096476 2
20.416626 5.532824 4
-13.183630 13.615557 2
10.328837 15.967862 5
0.312058 -13.015970 3
-7.253732 3.894213 1
-21.795395 8.960661 2
0.746756 24.313520 5
-24.961323 13.254132 2
-15.101191 16.895534 2
-13.808379 12.756822 2
15.285801 16.345851 5
-15.939006 14.851420 2
-6.400999 22.759816 5
-17.787498 14.901646 2
-11.386184 5.192635 2
-21.239289 14.267327 2
-6.489409 -1.763088 1
22.715697 3.634816 4
-7.950800 0.944086 1
3.493938 -14.763925 3
2.833525 -12.761056 3
-14.368114 6.488793 2
-14.698485 17.807838 2
-5.139716 2.501892 1
-13.990160 -13.646436 0
2.425100 -12.695957 3
-11.573949 3.839940 2
-13.044661 -6.010088 0
-4.566790 22.995093 5
-0.303655 -0.097519 1
-11.196147 -10.728898 0
9.662468 17.105668 5
-20.038510 4.554550 2
-19.700808 8.153721 2
0.521470 -14.045964 3
-13.967454 10.845710 2
-16.952089 12.596747 2
16.800929 6.679603 4
17.476764 16.015414 4
14.002930 15.768183 5
13.248410 15.054126 5
19.823461 -0.164493 4
-18.223935 10.658467 2
-5.107983 -3.493837 1
-14.327857 11.262873 2
-10.246200 24.016924 5
-21.092746 9.992135 2
-14.873526 14.397073 2
-16.302753 -3.536104 0
-8.693622 6.183959 2
-12.128499 -10.525276 0
-6.983165 19.815942 5
-7.262845 23.960978 5
-2.653712 -2.423005 1
-2.551978 -17.705561 3
10.652518 16.635421 5
-7.903207 14.232825 2
-11.939557 -11.197571 0
3.776875 -4.545805 1
21.559683 14.045764 4
20.004621 8.086432 4
-21.645851 8.493319 2
-2.009001 -5.379150 1
-12.746776 10.357134 2
-13.726875 14.197890 2
-2.271535 -5.828462 1
5.392009 -14.137752 3
16.597248 11.867421 4
-6.432875 4.993995 1
13.670755 6.630116 4
-17.038896 4.245240 2
-3.874553 -1.481113 1
22.511270 -1.552123 4
-4.076342 22.993842 5
-12.286568 3.650164 2
-17.426407 12.149832 2
15.713245 16.047378 5
-22.610590 14.383797 2
15.941742 16.585183 5
-0.319580 -0.926772 1
3.273733 -12.341295 3
-13.779875 16.522176 2
27.343313 3.172480 4
20.540161 4.939582 4
-1.473681 -14.969752 3
-12.150209 -5.946840 0
-7.796045 7.397210 2
-11.188440 -7.296445 0
-13.616368 -11.148307 0
-12.619291 18.602915 2
1.345976 -14.332241 3
-17.717618 16.162565 2
-16.877574 12.793931 2
13.655590 -3.863935 4
24.447446 -2.889779 4
-10.874016 7.186064 2
-12.379982 20.090833 2
-9.149888 0.948301 1
-21.143654 10.450616 2
-11.720115 4.762865 2
1.011468 21.029768 5
6.531627 -15.931868 3
-11.598805 -4.332704 0
-23.081605 5.457350 2
17.004707 -1.931406 4
1.728520 -11.957958 3
12.784108 16.653981 5
-5.454157 -18.329192 3
1.554528 -3.865831 1
-12.775439 -1.009462 0
3.728720 26.211089 5
8.936823 -17.001083 3
-8.646737 -7.796978 0
-23.450661 5.256689 2
14.524587 1.069478 4
-4.621134 -10.590621 3
11.162743 19.371519 5
-0.143434 -15.984946 3
-11.164468 -15.337216 0
-10.906530 7.633726 2
2.068362 22.848500 5
8.635167 -24.777551 3
-15.090517 -3.148554 0
-24.593666 3.252777 2
21.312676 1.103011 4
-4.044017 6.217734 1
17.209582 12.478524 4
-1.179739 -14.395577 3
-8.361838 0.621487 1
-12.270524 7.393221 2
-2.846422 24.031246 5
-7.880198 -0.103143 1
3.322383 -4.748800 1
1.216904 -7.630144 1
18.914303 5.953205 4
9.130089 -10.991358 3
7.205470 25.673382 5
-13.120685 6.923696 2
-4.540953 -0.630294 1
-8.530941 4.902767 2
-3.793211 -6.489534 1
16.504650 6.699964 4
9.286965 -19.737221 3
-5.010726 -15.307998 3
-3.034450 -14.731875 3
-24.240784 2.635894 2
-6.661367 -0.975903 1
12.563801 -22.279779 3
4.748943 18.309904 5
0.277855 19.997836 5
-5.553116 -15.180873 3
-9.454603 -17.396536 0
-15.418096 -7.977569 0
-5.039947 27.429573 5
17.208794 -11.576411 3
-14.325642 -5.107382 0
16.559727 7.054873 4
-31.187259 8.261055 2
-28.394706 3.182884 2
-3.842240 -19.749268 3
-28.828433 7.399464 2
-28.874320 4.470327 2
18.096733 0.160141 4
15.351852 12.448677 4
17.149945 7.942759 4
19.813821 11.132533 4
5.089812 -7.681378 1
-9.573794 10.353788 2
7.012368 -25.255030 3
3.644172 0.840598 1
-3.209046 22.123710 5
-11.342028 -4.495442 0
2.399342 -12.710152 3
-12.948451 -3.719777 0
-10.283102 -2.433285 0
-19.142468 -0.786553 0
1.484958 28.051431 5
-0.672153 30.052094 5
13.182045 -19.251466 3
-4.509995 -15.904103 3
23.752262 7.622573 4
-24.803581 4.759760 2
-16.829685 -7.715078 0
5.246096 -23.720321 3
2.296825 -15.324991 3
17.326300 -1.463877 4
17.716361 11.930845 4
-27.882456 4.224375 2
1.230192 -22.185404 3
-3.172596 -13.102569 3
-7.792295 4.816160 1
7.978286 -23.213884 3
1.467602 -15.753004 3
13.652151 12.051221 4
-6.464919 -3.715685 1
20.249285 -6.366614 4
-27.049579 6.049477 2
14.330114 -15.669363 3
23.326038 2.870294 4
-0.746640 21.844247 5
1.395590 -2.279277 1
-27.513759 4.633082 2
19.432047 8.032291 4
-19.470513 9.262591 2
15.147518 15.953907 5
11.702777 -21.760588 3
-7.628272 -19.608236 3
3.326469 11.349102 5
25.970749 9.165973 4
14.364742 3.209019 4
-2.185707 -14.926640 3
-15.275544 -6.464441 0
-5.131970 -9.942287 0
-6.019349 -9.716156 0
-9.053248 -3.975305 0
2.030324 -9.470570 3
-7.298978 -18.084628 3
-17.123776 0.641587 2
9.334521 2.545311 1
23.681990 3.207402 4
-6.000342 -5.411288 1
-8.454781 -5.372935 0
17.608469 -7.158856 4
-2.292153 2.356354 1
-0.394232 26.118500 5
-0.468426 -11.806590 3
-17.438262 -1.348092 0
-4.374172 -7.024532 1
0.412937 22.617569 5
5.734796 -14.574787 3
-12.168477 -6.559024 0
-26.226791 6.252549 2
26.790302 1.877960 4
-0.753342 14.111664 5
5.355402 19.637867 5
-7.058802 -18.879621 3
-12.057355 2.373949 2
-14.531104 16.388851 2
2.311275 18.218450 5
6.135650 -10.918818 3
-16.395733 -12.412214 0
-25.362777 1.924160 2
27.397232 9.043282 4
-5.576355 10.975343 2
17.933309 13.397077 4
-1.423632 -16.936890 3
-0.005179 -8.830966 1
-17.080219 10.239208 2
2.368494 17.624666 5
8.341962 -15.569340 3
-18.048967 -13.414295 0
-25.837331 10.767005 2
21.016041 1.050583 4
-3.946887 -10.634913 3
17.813830 12.447948 4
-0.505862 -15.891001 3
-3.294556 -16.110361 3
-6.495360 12.549512 2
-0.883408 12.133041 5
-18.049830 13.631987 2
-6.588608 4.875810 1
-9.257602 -10.333328 0
17.494394 12.474841 4
-6.088218 -17.330244 3
2.965659 22.684219 5
-16.456462 12.319158 2
-4.372947 -7.911359 1
-18.014579 11.473777 2
-3.203103 -10.283884 3
27.959540 10.142007 4
5.339771 -22.368270 3
-5.980722 -16.755851 3
-6.015811 -19.911870 3
-11.486211 -25.960417 3
8.146686 8.733970 5
4.928767 -16.684951 3
-0.761981 22.949246 5
-0.372989 19.348040 5
-18.876103 -11.306000 0
-15.296498 -11.019188 0
-1.775741 -20.554706 3
-2.316389 -13.462472 3
-12.892931 -7.222472 0
0.502714 16.658230 5
6.920600 -26.393892 3
-18.934639 -9.193704 0
13.744097 14.135242 5
-26.535526 12.224798 2
-23.891934 -5.554870 0
-4.331157 -19.003645 3
-23.442351 -2.737030 0
-28.391219 6.454977 2
26.130855 12.687657 4
15.575872 11.454932 4
19.050169 12.044039 4
19.400238 10.956119 4
27.418944 3.730701 4
-17.217230 11.331938 2
10.087500 -17.426903 3
8.081526 -7.046826 3
2.754025 13.647799 5
-14.403294 8.557410 2
-6.184053 7.769846 2
-19.938943 -11.709458 0
-8.917616 -16.148486 0
-17.054572 -9.200221 0
-3.732903 11.733643 5
-3.605214 17.129646 5
5.479583 -26.777286 3
-7.894635 -17.073747 3
13.480803 12.688489 5
-23.710511 -10.865167 0
-19.773872 -7.362333 0
0.050980 -20.408203 3
-2.668108 -17.050822 3
28.977397 1.249651 4
15.284232 11.141538 4
-23.028161 -1.387568 0
10.720377 -22.572380 3
-21.950057 -0.214681 2
-19.361500 11.313087 2
12.404130 -19.451715 3
-2.187346 -18.794935 3
17.188515 9.623127 4
-10.546184 -14.750599 0
27.865748 6.515928 4
-23.200819 1.007826 2
14.719381 -7.803010 4
29.508498 6.908205 4
2.517422 19.329626 5
-3.333295 -9.701403 1
-23.234115 -12.897857 0
15.437069 13.790461 4
-22.361534 11.020462 2
16.525076 11.559922 4
13.447118 -3.576394 4
-8.919003 -17.192636 0
-0.494452 -8.211417 1
23.900781 6.069328 4
29.928499 8.177828 4
-0.743439 -18.777750 3
-9.046035 -0.387650 1
-1.379169 -5.581365 1
-15.837823 -6.090498 0
-21.881609 -10.795066 0
4.801984 -1.553402 1
-7.478645 -21.152401 3
-18.624425 7.718314 2
-3.639132 -9.014356 1
27.982610 10.039538 4
0.947175 -17.379772 3
-4.294118 -12.887740 3
16.436857 1.804551 4
-23.397649 13.585117 2
-2.630385 7.359003 1
-5.370155 -17.657170 3
-12.124325 8.851348 2
-4.512705 -13.113054 3
3.087886 24.000599 5
-1.620756 2.111300 1
-10.970108 -5.324211 0
-30.198320 0.121981 2
23.498999 11.224562 4
-9.520084 16.093712 2
9.268330 0.983101 1
-4.650147 -18.490145 3
2.763818 -9.985002 3
-20.639069 13.867711 2
8.314279 24.428103 5
6.756650 -17.120795 3
-8.525980 0.203484 1
-25.795959 5.969440 2
20.543243 17.852055 4
-12.528265 6.118279 2
10.847703 2.791379 4
-8.876487 -17.286065 0
1.601925 -13.322327 3
-21.384423 11.681605 2
5.312012 27.915461 5
-2.645568 7.143171 1
-10.070591 -5.511664 0
-21.305114 6.060449 2
18.318601 7.404706 4
2.028507 4.557197 1
10.985285 8.669072 4
-12.734125 -18.465415 0
2.831158 -13.735752 3
-20.129521 13.333801 2
-2.776412 29.047274 5
-19.387768 13.119448 2
-4.975930 5.078504 1
1.346204 4.052799 1
11.999463 8.951847 4
-6.104174 -4.420685 1
9.253667 13.599980 5
-14.156235 11.343948 2
-1.520216 -14.814465 3
-11.726180 11.064291 2
2.752732 -14.052485 3
24.544226 12.481903 4
10.332026 -23.580870 3
-9.134393 -13.095626 0
-12.719632 -16.060992 0
-26.554394 4.925985 2
-4.039914 6.468673 1
5.737697 -26.866750 3
6.469812 26.244100 5
6.396377 25.223922 5
-17.700577 -0.425459 0
-15.131299 8.418426 2
-10.039864 -19.181036 0
-0.741532 -13.314380 3
-12.362161 0.885786 0
-0.602658 24.637299 5
1.925985 1.777965 1
-15.212125 1.679034 2
16.841838 11.839248 4
-18.120999 -2.906871 0
-24.176164 6.173060 2
-6.249829 -19.107232 3
-25.490472 9.192948 2
-28.414809 12.022658 2
23.461243 10.695683 4
13.082715 11.207139 4
13.607087 11.281540 4
14.895226 11.162844 4
29.489596 6.664721 4
-14.819135 10.901434 2
4.182677 -24.425382 3
-0.467305 13.550516 5
4.895192 20.422339 5
-19.421723 13.332801 2
8.875728 7.576271 4
-17.592241 -7.796883 0
2.977235 -6.747561 1
-12.746659 10.731508 2
-1.335720 22.198784 5
-0.897474 22.732354 5
4.345758 -7.733407 1
-8.367566 -20.496189 3
13.755474 4.280021 4
-25.152767 2.195769 2
-10.333037 -5.246341 0
1.360883 -20.027074 3
-1.485238 -18.517757 3
24.747815 10.313507 4
16.699173 4.636307 4
-21.726568 -8.861959 0
2.647616 -25.281534 3
-23.727169 3.375857 2
-19.608899 13.863077 2
7.606480 -23.157151 3
0.026947 -15.409211 3
11.751629 1.805455 4
-6.685418 -16.348489 3
20.948718 13.251281 4
-22.652617 9.305944 2
10.696613 -21.925575 3
28.842661 2.017274 4
5.222547 26.829837 5
10.400820 -3.410977 1
-26.419318 1.393896 2
11.399355 7.692629 4
-18.082457 10.832031 2
10.405168 14.476735 5
11.150240 -17.876674 3
-2.769215 -17.456367 3
-1.936540 -7.270376 1
25.200043 11.198007 4
26.477550 11.222712 4
0.719323 -15.018286 3
-13.679373 5.590687 2
-7.861194 -12.769529 0
-14.080586 -2.657809 0
-14.555933 -2.743774 0
-0.976329 13.562016 5
-6.723160 -18.243690 3
-18.842026 7.581974 2
-11.364717 -2.439871 0
25.480999 9.038336 4
4.823643 -18.092034 3
3.681841 -10.890692 3
28.683683 9.660748 4
-10.145561 10.803947 2
9.234773 16.523634 5
-3.419707 -11.747901 3
-7.334122 19.949506 5
-4.881833 -1.302169 1
-9.777924 -4.774921 0
-17.700940 5.217559 2
18.119657 -2.971447 4
-12.528073 6.971280 2
11.710602 18.598527 5
5.745907 -10.888268 3
-12.562457 4.136268 2
-21.454653 10.390540 2
-3.747771 19.221678 5
-5.520575 4.610806 1
-6.438505 -4.700975 1
-21.458385 7.279656 2
25.696525 -0.570054 4
-13.146916 12.968018 2
9.737527 19.818809 5
1.711487 -10.386557 3
-8.119163 -0.254716 1
-22.978949 10.819213 2
-1.468696 18.112620 5
-3.185780 -0.855913 1
-13.309330 -7.312184 0
-18.592481 1.072837 2
25.023868 -3.750185 4
-8.605138 15.198965 2
11.326494 19.646176 5
2.520800 -12.937404 3
-8.457586 0.707533 1
-22.177775 10.741878 2
-0.546422 20.777370 5
-24.517129 13.536544 2
-13.920760 13.458234 2
-13.872069 11.933286 2
13.268378 15.859172 5
-8.126836 12.223326 2
-1.725831 21.618785 5
-20.601088 11.854721 2
-4.062292 4.540075 1
-22.324397 13.202310 2
-7.078414 2.594210 1
26.698619 0.681976 4
-5.162834 10.382881 2
-3.083180 -14.791459 3
5.561360 -9.559380 3
-21.486112 3.387477 2
-16.817745 14.043170 2
-6.765347 10.654496 2
-1.727046 22.661774 5
-3.840224 20.315511 5
-15.378836 -12.376723 0
-12.906291 -8.222450 0
6.356932 -11.308180 3
4.249272 5.101572 1
-13.499576 -9.618082 0
-5.297646 28.582790 5
-7.659069 10.380829 2
-11.479326 -11.126920 0
10.530919 24.745784 5
-18.322621 3.044247 2
-20.016378 6.621426 2
-0.924693 -16.747096 3
-23.200276 5.089443 2
-27.882228 5.647520 2
23.609133 -2.234805 4
16.267369 16.145276 5
10.589364 20.164354 5
17.031235 15.564448 4
25.766171 -2.513445 4
-21.669616 13.231853 2
-7.256698 10.477265 2
-6.427668 11.803430 2
-5.836529 24.413170 5
-24.933475 11.142380 2
-3.793185 11.062653 5
-11.533335 -10.682305 0
-7.119101 0.115692 1
-14.382130 -9.692188 0
-6.571328 27.003023 5
-0.944115 20.678855 5
-7.760236 14.183280 2
-4.540684 -11.173876 3
14.474219 20.718626 5
-20.589427 3.243494 2
-6.585806 -0.995680 1
-8.579703 -0.210234 1
-1.503217 -13.643298 3
26.786601 0.990519 4
14.091954 17.945997 5
-22.061194 1.025412 2
-2.968967 0.185650 1
-21.249280 6.310272 2
-19.077278 13.140964 2
-7.322913 6.146541 2
-2.385660 -11.719768 3
14.615435 18.685539 5
-5.681571 -0.966944 1
25.080140 -4.154749 4
-19.437445 7.973945 2
-5.298393 14.274215 5
24.351931 -5.038076 4
-2.499649 22.955612 5
-14.611762 10.833395 2
-21.664080 0.464411 2
17.042674 17.132497 5
-24.360352 10.600190 2
18.258552 13.469393 4
-7.518209 4.473982 1
1.741948 -8.320466 1
-14.875592 12.162032 2
26.719270 0.031065 4
18.597669 -7.338454 4
-0.419660 -13.020509 3
-16.930867 -11.089975 0
-0.763893 2.170505 1
-18.485639 -8.418197 0
-11.068584 -10.631360 0
-5.270243 11.873504 2
2.443340 -10.438132 3
-22.801859 13.326572 2
-8.699622 4.573438 2
27.008502 -2.326139 4
1.269055 -1.480069 1
-3.434433 -8.799243 1
27.519976 -5.418966 4
-16.750080 4.550227 2
-3.381286 19.391288 5
2.911824 -7.577942 1
-20.121201 9.452969 2
-0.310857 -3.764187 1
6.607431 23.720232 5
9.957483 -23.651980 3
-4.965720 -6.280619 1
-16.574090 -6.727109 0
22.317398 -1.516628 4
3.309099 -8.727439 3
6.525606 -4.494671 1
-7.167767 -18.742335 3
9.790603 -5.494137 1
0.465024 3.282507 1
6.647711 23.453473 5
9.388858 -18.737632 3
-3.990972 2.753293 1
-17.572176 -5.326380 0
24.074796 -0.467823 4
12.418873 -7.500594 3
15.267262 4.395515 4
-8.707917 -5.394514 0
7.626242 19.106482 5
17.242272 -14.223814 3
-4.617849 -6.753796 1
-23.168924 -6.509630 0
20.519458 -2.284664 4
-0.006458 -10.926683 3
19.105208 -4.699274 4
-8.063849 -21.428689 3
2.460047 -5.394227 1
-5.765802 -1.088231 1
20.091380 4.651425 4
-4.047542 0.805945 1
-3.095620 -19.892630 3
0.682962 -7.666334 1
17.228469 7.345986 4
7.700954 -10.131763 3
4.032976 25.105890 5
0.956556 -11.726553 3
15.046226 -6.676087 4
-7.239201 -18.897593 3
3.794390 0.318363 1
27.280286 1.226021 4
6.158419 -25.682750 3
0.178354 -17.944566 3
-3.174605 -14.725610 3
-16.507853 -25.225968 0
1.550136 0.439101 1
9.284833 -23.092037 3
15.778089 13.074129 4
0.415372 13.864734 5
-7.008552 11.353920 2
-16.705894 -10.982395 0
6.330380 -8.025523 3
2.635091 -9.672543 3
-4.788510 2.924920 1
10.634006 19.716062 5
16.217908 -20.148797 3
-10.265270 -4.981831 0
15.813765 2.416220 4
-11.969470 -21.488628 0
-13.475547 -27.556796 0
-7.117525 -16.924626 3
-7.557565 -20.763351 3
-13.923884 -19.166202 0
16.128472 -6.229825 4
21.378791 6.883655 4
21.900777 1.489182 4
17.340484 6.954818 4
-7.055142 -17.964659 3
-0.911526 -2.128974 1
14.369509 -22.412667 3
1.696190 -12.907894 3
17.321895 15.173942 4
-18.156348 12.072614 2
7.936040 -5.841768 1
-8.793164 -0.962423 1
2.597921 -7.717175 1
2.429357 28.704615 5
10.411075 -22.762037 3
-0.097646 -17.947404 3
15.701984 6.433772 4
-22.578962 -9.426230 0
-9.148506 -9.121081 0
4.685196 -22.424241 3
1.556971 -14.131293 3
-1.189240 -17.107021 3
14.364139 1.840169 4
-16.771713 -2.474701 0
7.371851 -26.297470 3
-13.587829 -5.134668 0
0.355878 -13.557066 3
8.777210 -25.789137 3
-9.225651 -15.826420 0
19.180966 6.968333 4
7.908596 -0.896850 1
28.255316 4.331824 4
-20.608399 -5.451841 0
6.263288 -26.484657 3
26.271862 -2.995896 4
11.070649 20.875264 5
4.624656 -11.524641 3
-19.684568 -0.139510 0
17.826553 -1.790046 4
-19.005415 12.746412 2
21.191942 -1.700806 4
5.032810 -24.152655 3
8.610562 -18.387314 3
-0.584645 -16.479219 3
23.816920 0.194891 4
16.455046 -9.681050 4
4.477388 -19.200435 3
-2.634634 -6.889907 1
-14.672607 -2.577688 0
9.924502 -6.101670 1
-2.312576 -13.239356 3
-12.314014 0.781547 0
8.761350 -11.408608 3
-7.791599 -13.957199 0
26.692279 0.744228 4
-1.826990 -15.515310 3
2.646823 21.030094 5
8.798754 -9.232537 3
0.491225 -15.786459 3
9.564201 -11.443768 3
-2.501540 21.230586 5
10.854967 -9.208715 3
-12.838993 -8.164968 0
-6.525735 2.051881 1
14.135619 -2.798309 4
-5.709024 8.665735 2
20.463980 11.364924 4
-3.030628 -21.739578 3
-10.378069 -3.307957 0
-22.186766 12.575259 2
-0.022300 23.541679 5
16.253929 -17.076245 3
-0.958398 -10.696296 3
-8.201220 -13.881580 0
29.130730 4.445593 4
1.301876 3.240507 1
15.888782 15.245757 5
8.688418 -13.279181 3
-0.744529 -9.765891 3
-19.504538 12.578819 2
2.400141 20.754147 5
11.695727 -10.351318 3
-7.960148 -10.905368 0
-4.750430 -4.634096 1
27.764061 5.379889 4
8.059785 8.668378 5
21.593222 12.518340 4
0.004347 -23.078429 3
-5.262908 -0.871791 1
-16.785507 12.305147 2
-0.017181 23.865513 5
-16.512792 12.032818 2
2.930672 1.671741 1
1.194119 1.255711 1
16.019902 16.019527 5
-2.605833 -2.638853 1
10.284397 20.190302 5
-21.672768 7.934160 2
0.441130 5.272903 1
-23.263514 12.807054 2
-0.592713 -9.278729 3
27.038327 2.099267 4
9.018808 -12.307861 3
4.676467 -14.538925 3
3.686520 -15.908824 3
-3.762359 -21.443567 3
2.161364 4.811030 1
10.646352 -20.287929 3
0.966457 18.423840 5
3.541490 23.065548 5
-5.813013 3.161166 1
-11.286516 -9.908140 0
4.497080 -18.130918 3
-6.741570 -11.712352 0
-6.993510 -2.737718 1
9.555034 10.590636 5
10.358242 -16.066544 3
-4.263630 -2.713788 1
19.650010 13.005729 4
-8.943026 -11.791077 0
-4.963337 -15.432017 3
4.280168 -17.300415 3
-0.019333 7.776588 1
-8.055140 -15.340206 0
28.989009 -0.246265 4
20.759010 7.698210 4
17.531438 11.825689 4
13.127195 21.888968 5
25.144297 0.198238 4
-18.083128 15.283023 2
10.303776 -18.490014 3
-3.645225 5.280578 1
1.779365 16.872724 5
-19.950943 10.308434 2
6.722410 12.153366 5
-10.263394 -13.056103 0
-0.238703 -1.543772 1
-14.509171 -9.799126 0
4.127498 18.351508 5
-1.458547 18.068673 5
12.763170 -11.314492 3
11.064134 -15.763221 3
22.838567 10.104906 4
-15.440860 -15.997808 0
-9.500416 -8.632258 0
1.848030 -18.341722 3
12.717666 -19.026962 3
23.554368 6.108548 4
24.111350 6.049767 4
-19.815518 -7.830800 0
4.551403 -22.646019 3
-10.961498 -1.073647 0
-19.118025 12.731058 2
17.115836 -14.926794 3
-0.638793 -20.854928 3
17.474693 14.493138 4
0.278397 -12.023518 3
28.436646 12.214133 4
-1.477304 -3.665772 1
12.596038 -13.168066 3
23.588895 3.399055 4
9.974041 17.057436 5
-8.398208 12.835302 2
-18.796671 -3.749291 0
24.373512 0.548653 4
-19.174229 5.102537 2
15.904195 17.019405 5
10.406227 -14.194234 3
-3.039642 -23.677487 3
-0.894404 10.019747 5
20.256078 2.314105 4
26.784533 2.161289 4
3.331507 -19.401237 3
-10.210783 -10.087216 0
0.308478 -0.504193 1
-6.810882 -11.795915 0
-7.827223 -7.646277 0
1.543255 11.425106 5
3.867798 -18.674070 3
-16.589937 7.945569 2
-4.020362 14.018668 5
28.199428 7.761703 4
3.546513 -18.032240 3
0.078182 -18.595496 3
31.721341 2.704340 4
-14.616980 13.246489 2
6.439652 20.610124 5
10.786178 -7.056763 3
-4.881710 12.433285 5
-0.375137 6.347393 1
