-1.242463551321703	21.3007039551749
7.9755739087418	-20.711939107955054
7.024216544942681	-9.961158233403587
-15.91727840139902	3.3249635360221417
23.378808239844144	4.3404311060944805
-14.039076016396704	7.901678988621058
21.367502166207707	5.267781497679466
-2.9132900499296674	-21.06474906838065
-5.264139924932411	1.193628480927889
-5.443631905101521	8.0441296620528
11.193306583916206	16.897254322091612
3.06776545648876	-12.049347462021887
-2.3898107447422765	-4.8389477767859255
-23.267150251602924	-1.8867823823996046
24.485340886544268	2.7269797315816646
-1.395407080371749	-15.793385495453245
17.171926255221525	-2.436196978459121
5.597178472631476	-12.997076078309986
-2.9369103513011976	-14.291193269947009
-13.708296154483953	8.79582210828976
6.388511284710057	19.489908443220017
0.07581296683639392	-10.261925629530134
-8.08746011839902	-8.847417610694745
-19.2190502077268	-4.543596997343793
17.495562109591013	4.654116889163471
6.157147466877774	-5.359392824075472
21.30639114538935	8.08097660939897
4.7834865982962524	-5.144979603777742
0.4209557778666807	-7.402933604196737
-14.433589082294562	9.382692408883319
0.25185470005920757	26.63176952685331
-13.580186779904045	7.417392631261376
-5.020980429732322	-3.689701116531353
-6.009171835345237	-11.213944808894825
17.994299431641565	3.550173767170539
-3.2023171603438967	-9.56644632395505
6.213336318526713	15.86853624438173
-13.47196493762421	9.96392191154584
-0.07044160426629341	-11.724992852757657
-20.773549579911812	12.784980945935258
-4.367964522595104	-10.773394090249308
25.12549470692536	0.7834980502249858
2.845618732086162	-9.386612637738214
5.6810835661893275	-10.296968326417328
-3.592926858223683	-18.91686915072094
-20.784317164948895	3.0833786036222235
2.9918165658387226	-11.48367164680054
1.6746151227457764	-10.750303347824628
4.941661605406471	20.807641550378573
3.978212224754469	20.873355103290926
0.9626473088949186	-6.815278849432285
6.205494288173085	-7.286624472710442
6.935836530304819	-13.321725420571722
1.6286968447370056	-10.105693624972174
10.803699425309025	-9.127667527541876
10.264315533535225	13.96805694347463
3.215266595957045	-9.638930642272378
6.7470110548192315	-11.704294729939658
22.374773113270802	10.577790007699011
-19.38959420660962	-8.159170472033026
-23.6172727125424	3.6638252533591156
4.795645302072039	-11.75840797391287
-23.92705678650559	0.5681391746365564
-21.506528827154252	-8.852534382787711
28.158965654980612	7.34268490740236
21.391895172420746	11.120807901802799
21.301695015792472	8.252323722141151
14.674051777430074	17.15492305144192
19.438498602329908	-4.3991450912470205
-7.776530272415475	-19.18205808358478
7.985155593489504	-10.83528321862722
-6.105898642367243	-5.703596442971578
6.309701209615716	20.02325470810194
-18.469868519086923	11.76277986205015
-1.3008614956355355	0.8907566682703105
2.990478228664308	-9.24336458239691
2.7114772040030424	-11.296845333467422
6.621720657438517	-14.000322436415372
-3.381188270119441	22.825890956636716
-1.311815803312316	23.77940638133974
0.2216189338872566	-15.519941427271918
1.3147383976371445	-19.631164699035317
21.68048868738851	7.087052622880171
-20.302207095668276	-5.42116447848869
-3.7272340313094054	-2.3364901305346097
7.460981389436909	-20.88557443330265
6.539194433381957	-3.7693863243176846
18.103889423968628	-13.29317813347338
22.153973249010583	2.3101873951860368
-24.134651708383792	-1.7425980927529752
3.200732262721643	-14.061933288706133
-20.68545327438848	-14.931022918912692
-20.180520000533146	12.024140064829597
12.643448164511463	-20.30176681132905
-0.23968162720681976	-17.459423027540144
20.227169314631904	-4.704138083800394
3.101783270819651	-10.398596434970544
22.593272843842346	0.7925626392143292
-24.682377861547447	-5.150945009795633
19.8799870536576	-19.228507192867877
22.739616317896218	4.98944504368056
8.571775118354061	23.50838052504601
0.1389614422135844	-3.924301370742725
-14.343244812157407	-23.01918365419419
24.43513139749549	1.2427027851307808
-16.37790686571435	11.468937291855546
18.049939106101924	-1.3448088999625407
-0.8099748320152554	-9.244320295933864
3.6971702683286236	-11.302072062375704
0.9021242197670539	-7.022235247552942
16.773753093597296	-1.3875353753395385
18.768966986303763	2.728917113139664
2.3380634917306504	-17.626169311177307
-2.0058616494587294	-10.540102702244853
3.5812728449765254	-11.294597011659855
2.828075850386875	-7.454207464192895
-4.8928028839080575	-4.589343466972031
-3.121344871538114	-16.190128112141696
0.26088753434691353	-15.962159769356743
-11.967806654941278	11.41051004435306
-3.314339764412449	-3.744713363496736
16.67172982777272	-12.216048361978633
0.09525192429779253	-18.77300190467343
-3.6010931959020245	-14.872077865072216
24.512500857232336	1.2241354181236725
-16.231505623257323	-0.5722469096794959
7.673122254284789	21.082521914310536
1.8290795895951153	-10.788254698518791
-15.325234818033662	13.92236366044345
4.366447066623698	-15.68828217531592
1.9300007022867758	24.11188147746989
-3.901103801112207	3.8795847680145332
-8.374819485516195	-7.693358478334316
-19.615757710440544	-11.98699903348071
18.462326596812048	-14.990664887437195
-0.9094884407382007	-13.236609030999393
14.567133392872122	17.247281865216678
1.0801442778998687	-18.019883821951254
1.2281782519827116	-5.196280692984458
-18.320618191713372	13.978717024500492
3.6237876760746124	21.442993024695465
2.8070811231004096	-7.258271225019911
-10.05907208589642	-11.451520544915901
-26.945371744006984	0.7607343602577045
22.35192626852426	-10.777743482651788
-4.388126946301052	-17.546272884644765
18.026195828186008	10.334094429724056
4.8749865884549575	-20.38318034382709
4.163482953661255	-0.23309333688616954
-18.43362245761782	11.91616888456574
8.092495356117434	22.23029619876982
-2.291423146880812	-2.5047430689834336
-11.976117700691207	-14.19398599494784
-16.9827658008136	-7.925544263297192
19.582335609760953	-12.419102429524587
6.378583467021327	-2.173776388044042
19.923173880211404	6.905394487631836
3.7893794470484807	-19.589978407068074
7.1452463156612644	-12.25119145010938
-16.182695470357363	11.555133884041082
6.026076091663131	20.826071361289266
-13.0622141884177	8.227601221803996
1.5012712902608527	-15.417839523008356
5.163377622471693	-11.070823952023439
18.211504000510303	15.38952620310548
2.4369538978568848	-10.31852396115385
4.334877725224323	22.659606214002025
-14.506044715323423	12.466873328072284
3.7399434612183904	-6.826609696697991
-16.89780066106798	12.658316342746534
4.125976946424329	-12.551955351333868
25.344001852177982	-12.558202575506067
-2.272210457860739	-3.4260158316762723
0.07824790519403318	-20.037703749168013
-2.227336364862398	-19.549861001879886
-21.501731242558936	-8.641542765590966
-2.4085066968260977	-9.72903023421418
-2.0230090911800693	3.6004660816250316
2.822875523191781	24.325250203742275
10.894733134612325	16.197847473304346
-9.623864669931722	-9.773045986251171
-9.759952910672274	-12.596954718170123
0.8478979400209787	-22.065564671451135
-5.0473067696609855	-0.9735515891977972
0.23898918350128337	-4.717350780291715
10.67826435590259	21.46719024317167
2.116068330460986	-7.34428576434847
-3.2633521783297272	-8.89976106553603
15.703209931449017	13.25758903005149
-26.137654673632497	3.5500230907669947
-19.18454932891325	-2.1865748026410414
8.894058457895472	-21.127046525565444
-21.976378639983253	2.2240721765746714
-23.049850483768925	-2.3980046426795347
20.350972648901642	-10.495989531976674
23.69569171823536	5.4590777301581435
18.485240289214747	13.331331742796804
18.95903114120039	16.67890199772785
21.131046646990665	-12.683027625149123
-10.347609395428174	10.459287577987299
7.253804900896321	-9.927299569596851
-0.1372981144961965	-12.348536228836942
5.743805911226541	24.51291019367707
-14.944616830871583	5.347716982792535
2.8732145360618504	-3.921926474035777
-8.973123611073225	-12.256101870133778
-0.07786999380135289	-14.714097624006932
-5.4616372060467695	-12.591309308499534
14.915451106086552	16.40427990694183
11.214993536037523	20.68328196735717
1.4369150745068218	-5.370161675151606
1.237203729390196	-23.60661304542226
17.388494471998897	15.879130239183045
-20.42673097014628	-6.701475762236032
-5.387634664952235	-9.300222863910088
1.003417752718597	-10.743254896047192
5.741688860253781	-19.702653396437537
-18.302580166338185	-9.618805859925581
-1.6038964307962507	-0.21831794119764047
-19.902230170730057	-8.79109720224545
-14.08331669998225	5.219879222238586
7.539633563796012	-10.927791655857
-1.682713592992931	-21.6880082202204
19.499692924135328	2.260750684369799
1.7732042820507636	2.9570823718053068
26.3145079735152	-11.814602727020599
-17.848903713547156	-9.10623254609731
3.97885353545759	-10.980061183347846
24.81458338869256	-13.17153155602222
0.1483439149587859	25.071214775005867
-0.2088336569446274	-10.988435009904562
-13.580386388161436	-9.069572702803773
17.45335018099809	13.727403936351728
-13.909228595304429	9.510069010157702
9.896742024762835	21.564806575132817
9.527870391676112	-9.752173617717535
-0.2269701437970602	-20.873738176485066
7.6188301811509636	-8.639578489543602
20.79493852587932	-12.964755659388782
22.218527195869697	-15.953937400921669
5.579709955712062	-20.447423022963722
1.5005666767215642	1.4044304137720676
5.399485453971087	-15.750434769147436
-1.2848955309870314	-0.5460423502183283
-4.207976457998099	-12.124358424451577
4.410649680571994	-11.09767609922243
3.1647620787464352	-12.87525305099725
17.56840923713512	-8.241485836392926
1.328706511037654	-7.475733107509072
-0.32903876938127596	-8.075011619719763
22.655814591443757	-13.377822180597642
-8.995437633119579	12.6772950346053
7.871894037314994	23.183533320725132
-1.7939361192482495	-2.9390042644053356
-4.017105292479438	8.378535292785987
5.23172378503872	-5.305496818692308
5.668862849111275	18.800177356275167
10.803171603680115	-21.27689357233975
-10.686167781188935	-4.212337984769146
-19.444005535184807	3.3636648911294906
21.00321102710513	-1.5698528883605047
-11.54324944779899	11.222738835708917
14.599322238838749	15.59197995895336
-5.707116818792594	-22.362272978439307
-6.6022157499488285	1.6485796644859798
-7.938978126920162	-8.650079647401773
3.1048604997820184	20.793675508302687
8.722354611592774	-18.53278189363314
-10.720764925797223	-6.661682810690926
-15.684938636441435	-1.1819618262658587
26.433374746399288	-3.959495836614201
-6.193636640903948	-17.54196051535528
18.399377450583962	15.182647816107108
1.0548286934462174	-17.754848128926945
1.7658499020240197	-9.181842246053968
-4.314803809826218	-17.145729153482634
0.6244563220887599	20.833135753390383
13.467571637267357	-18.03671893267636
-13.259767837696186	-5.214018516967525
-22.554461241901045	0.8002886087140911
23.398010138213632	-1.0002321892890662
-8.866390596999397	1.5494996602830013
15.052965987912362	15.348472736090851
7.357768870488194	-14.380184564134659
7.001320137314705	-7.638633023249511
-23.498846438432253	8.650201882401168
5.811686429100429	18.472205924444108
-17.482958874207466	10.626980534838827
-7.563670010535843	5.136112818997645
-6.992579577062908	12.787875557409139
17.78779685621886	9.984332583002793
-8.619889325513626	14.446433900094588
-3.2175694409711584	18.978972792868362
-15.210407525387383	6.716888920423308
-2.6479912802645478	-1.8027103444099246
-15.982750060161468	13.868572864744136
-1.0568597940876525	-1.7334016911327688
27.521057864940758	4.077700980338881
14.189658929824827	-18.866697052791665
-4.12984899533116	-17.7252911571902
1.3645400584014886	-13.754119807057009
-20.546450437002083	0.007629728702756251
-7.043444761206699	1.4786551710339881
9.658290080438872	-16.94635195469582
3.6779409543894976	20.506178405258858
-0.6214218373878617	24.827862690808665
-12.440025924909223	-1.5490555355609235
-10.049264359552549	-5.3673944503319015
-5.319464031854775	-19.57986052274526
-8.161834198100086	4.372736712332638
-13.291906374438911	-8.9978640186984
1.122069035607621	21.36281161835908
5.531522388007785	-11.468964247146006
-12.317365082918391	-3.6894727834672687
5.455648818308003	13.558684202874314
-16.31596068244745	-3.3409896665192242
-20.748611481462078	-1.9605338622373045
1.8972328451253657	-16.587341515101432
-25.41148983297954	0.6008749532904682
-20.419775804953744	-1.7228615785065884
28.936434100438742	2.7048162649282808
14.11327353235808	17.0105629572412
14.65847281355694	14.989363954106544
19.16450555804386	11.150547865683103
25.98654461915476	2.502225957643394
-3.2369156912826784	-11.367866925958825
11.316975300458907	-20.424134116391237
5.408367154318755	1.121734386693676
2.0213570380592523	20.758331729522844
-6.938673387373543	-13.6251759982281
-5.4127363892707	2.7324227962734087
-15.580591672873163	-7.852032117360867
-4.807354102039492	4.53562419908877
-15.041275524241009	-3.7888973860935713
3.447673265544722	24.506121876670395
0.554659252206567	18.048336678659386
8.30084105387606	-25.310941344455685
2.670966412544115	-14.299581575754681
20.672496932504224	5.2985426701745695
-20.487509851458043	-0.6079064190815154
-15.99550031309211	-6.268174045546663
6.897825285832429	-20.54488211665169
0.998660987141437	-14.253419093747787
26.40355151592039	-4.105661185665832
13.851037205666769	16.777929422859458
-25.25780213168959	-2.7253786821710118
10.90899690096298	-23.001729699696863
-16.0881385579096	-2.678336301959899
-7.257153868703721	-6.061202460541755
10.231104362270656	-20.77095884257821
-1.9642654024194208	-17.365957805578372
17.385597655045363	11.175434750924905
1.9601032914583403	-4.3730126761000125
30.39819023903933	7.809262783218856
-10.474688310362964	0.9915726981354147
3.455346268454518	-25.271382968196175
20.74935715927843	-6.3385704326451835
1.0922432555363564	20.38963406996144
-10.224506064069184	11.605440593946128
-22.423567412858603	3.886591895332734
17.22163194979511	17.635651585604535
-7.867420854601744	-13.371583811624998
14.93794458926807	15.610888025571809
15.201999839784268	-12.63099409797525
4.361357939390603	-16.93789461912015
-7.950361100375718	-1.2617824587184467
29.543009679211234	9.417927048501248
28.014786548045247	-0.6923567905857098
0.13801807981854008	-16.037899630052024
-13.8130453270275	-5.036493724780124
-6.970659397693813	1.1563007804567742
-11.404783992262441	-6.7489451166792005
-12.91517998240179	-11.080281786801944
-13.417816058336964	11.473901278189564
5.184654475648288	-11.939001791973109
0.7501885969919058	-1.01534801581858
-2.122813411080112	-13.81669368143149
28.80852570378708	1.7429246136724972
-6.87323017325889	8.221340925747432
-4.886975579590236	1.7371657818150654
26.770173076228968	-1.2640228635102184
2.311703806372953	7.574771965345718
2.491111007225712	23.95926431098347
3.404951582422433	-11.95293776014754
-0.18337533131970501	-8.21728727857931
-23.689160628571102	-1.8699665288077332
-5.287444537111965	25.01307132644469
-5.998354170576227	2.439989573971473
-7.642865839293141	-11.19217806148012
-21.269968180486288	1.7180207721767224
17.858528837767672	-3.761066094631164
-10.163707852203599	-2.9261814399990334
20.69477498220968	10.952139138335268
2.5787458272121992	-8.597373239312216
0.11084573500819166	-1.1218450438960148
-19.455269975401087	9.673466326639382
-0.7403576570725796	24.838483761642458
2.4864147174353293	-10.518600484124981
-7.098566858270594	-1.946796486232708
-17.392461694624252	8.252491247164766
22.05308714528168	-9.620271333865153
-1.5099122682247061	-8.137481588045082
13.953027941444862	8.059848173757931
3.3716231436546353	-5.449742819837118
-3.6602811381550064	-8.252569048120888
-13.672459775339886	11.060157167059279
4.533737648890343	24.059469415933567
4.511662274496213	-8.415740732301623
-6.08381854995795	-5.87377008021737
-9.335974939570722	13.691838337348884
22.123982603159444	-8.122723713895642
-0.45693261863895396	-5.956203204598778
16.242260973022812	10.182705257733131
6.321146158519264	-4.75799859343116
5.118911566139141	6.8608328550285504
-14.626461772972943	11.370180032945886
7.517165711813603	16.952482956267424
-10.58611939432516	10.71652159183591
-15.26858039415664	1.0889393765062396
-3.479736108809284	0.4715046718426338
10.066780435088427	11.132882774141178
-12.221877799162312	5.19427163780594
-2.7476663514388893	22.52842241756695
-13.219909579354193	10.173380503924909
-4.753111210386197	1.4962322227948388
-20.742047224505498	11.825303005843763
-5.503820261259757	-1.8580508874694974
19.247105588897607	-6.457175622009462
-1.333762561232539	-3.4239686246337557
7.200759035605603	-1.8480473102482282
-4.342779920768853	-16.618257521240377
-20.751864358198855	6.639834512901218
-1.5270442787166958	-4.494783384753258
1.5136325498521994	-7.785118442085593
2.746538746969494	26.468577749270505
5.400842966410255	21.47195062852138
-10.33820281243518	-6.216411254617222
-11.597952515194853	-8.608121973546995
2.5330949918939374	-7.084579591146329
-6.963295983781904	2.58968417264657
-12.490879941848789	-5.14968970213073
-5.293307186161391	26.183614178985078
-0.31875830237366554	-3.3179145801443948
-11.777934499640317	-1.999186331285634
11.085063563576233	7.345938358240457
-14.12716038364807	4.507711024294367
-11.383048339378457	9.669563015001055
6.202415781605789	-0.7519661563135356
-13.88416365025546	9.593472184850816
-12.8319188693807	9.16812459637753
22.531502489542667	-4.8162210829903165
19.30111423465096	12.787832787162806
16.73524945451792	8.0241117359148
17.504460409642856	11.861601807669782
20.209653853465383	-6.168083529446764
-21.085969288382262	10.850686942014262
-0.45993300511359514	-8.101286535292052
-5.311300994038679	6.263279047896096
2.1477556910405715	18.897234859438075
-11.903135657455353	6.984616023260951
-5.8036649346669575	0.19850610128873558
-5.59411018579494	-9.854172557329438
-6.7456955226393776	-3.507609323439765
-8.891499613597126	-8.360461131708892
-0.9187432282063804	23.858187795698708
0.1016611866241121	27.17344282039355
6.475796967180364	-12.76636557062441
8.935958980116316	0.750086280463595
21.052537940984706	9.422380368049172
-13.626501553851952	8.172446822422163
-6.026774889544331	-2.9100394345009475
12.73713222771848	-12.16630970411359
-5.284335266876019	-14.053197869427562
17.42791168823923	1.0681498780995697
13.591038619022322	10.914151105573998
-12.84690853192146	8.046046622816787
-0.3200508097245814	-10.56945192100167
-15.965376070408084	3.9059436041869477
-11.81894210772066	8.804146140037124
1.470929104679826	-11.216979787481565
-1.5451349561265002	-2.2816772395258997
12.82968986166844	13.271483287732428
-2.358811143082513	9.125286371627004
21.334747442349606	-4.382126374142931
-15.262889663104476	3.4635986758824444
1.3293155376371495	-5.764149266559239
20.778013901995	-7.082336998004868
2.8721317341554635	22.41343153318908
-7.0508650837500175	-3.145662544556386
-12.03294327152337	6.280102379990491
20.8537905619159	11.251324702890788
-6.655201945759645	10.773069517685599
21.16875120732819	-3.8867000128660045
2.2421317715340248	-3.641521464175976
4.876745984200974	-6.269824765334898
-5.057475895017362	-2.0565310613519356
14.954732672032257	-3.3466716669985335
21.62903956418741	-4.030348836535738
2.856551927376873	-2.37952235838836
-6.506723600587286	-4.213332158249969
-1.3439383356989436	8.196542010663192
-11.093937108822908	-6.845897170520623
2.9984573666152183	-9.786802956547852
0.46890100179128735	-9.817286515133041
-1.3876166544554418	-11.185391408597358
-11.005175557000552	13.245515393443418
8.423690679122926	-1.30091501982587
20.34092138372468	-1.8491123204273194
-2.4903541094317165	-4.099120310337011
0.6013429800741132	-9.3994555224452
18.93137642765224	-9.536402292546489
-12.823092708050496	9.464272842693239
0.5554117825967503	22.312018797234916
-5.925574297882034	8.72260512760665
-14.707621416247589	12.65008041280315
-7.926983430430768	-2.2474731002136523
-3.556233925979857	23.981057821030227
-0.8224441383438482	-5.700483861498825
-3.0366438342785207	-3.7355232347453393
-13.98282942682891	13.522802998829857
19.363800054213826	-6.4294883213665805
-2.004086089598102	6.348767209932372
13.965945926960929	12.406331550403946
-5.817103821466679	-18.48699027360319
3.5346403522043652	-7.980983152672491
-7.98460604000312	9.969525305621218
0.17077150747566727	22.040856721645376
-0.26158770925575886	-4.032523661215322
-5.145768544240456	-7.523781371037969
-19.29944545728131	6.31532960946136
11.842437311715925	-7.615666290196966
-9.952532322000694	14.506056542649834
12.644268095712942	14.6748522768311
-7.196741359400947	-22.225614639025654
3.9142483904545022	-2.944020285683242
-8.666236087753786	14.084956064383693
-6.480702124837906	18.389441774136305
1.621513038610585	-6.371906152369106
-8.145093944595803	-2.9833807726703165
-12.09471324998269	2.296793706123402
22.37050749321586	-1.408201152435253
-13.62607158726347	10.871385292996361
13.120312001415087	17.22555060753081
-2.481139344791937	-15.902673288828849
-3.841080602028717	-2.1967707183997986
-13.654865458981481	9.376098788194062
0.21923329033222785	22.11698935221805
-6.162754822270156	-4.8180847044944715
-11.865766745954824	2.31850229599788
-11.26885202706026	14.367024301345548
14.019327191693161	11.82855624078845
-11.518260373907905	11.836110393294826
-6.2015875795609325	23.10745781884498
-19.437108049049378	12.572804200843255
6.052271087149225	-1.6130908784248978
-8.383116418014577	6.1434290192442385
0.45209088154746246	-5.680349950005831
19.270872082439062	-2.747032748554592
7.487973369732771	-3.564805537131541
3.7647409697208927	-16.590934990969398
-4.369342549316863	-20.233734445056957
-17.92156470317486	5.721835977940315
-13.251665281635285	12.158920162039827
11.94092031073064	-2.769931681044861
-2.481857587324422	24.673313092923035
-4.927011713996702	29.227897640397874
-10.382001608736942	-8.208779702257688
-5.040284391576165	-5.237827366139477
-5.783731074181708	-16.594611775053522
3.1934424053432076	0.2159974550359504
-12.717193688116774	-5.477010961925794
3.642201254570296	21.211199315004837
9.668310564368461	-2.927279495365725
-6.186580276114858	-5.766584493092652
12.990638798334873	8.200016510484424
-15.084787773062297	7.945254652425309
-19.64415804570384	10.327740816792655
-1.344584649761722	-19.299261429970116
-10.994931129080816	7.747118921073068
-11.788679190762018	6.606312724189785
24.760302703857157	-2.6134798842500495
12.795997468128812	15.13982058168291
18.386956747961907	12.258182685774479
12.507771267201171	16.07093403487241
14.702608601442709	-9.109051443411397
-13.90288413935061	13.973864774076265
12.113859589131097	-1.0815069782310591
-8.336399405456154	7.456433480092245
1.7028112241796254	18.880182895956523
-19.064892409806795	10.13159240930168
-7.961547581535163	13.56675147583073
-10.493312485559958	-4.152181089125878
1.0205723608602362	-1.2045249152508917
-12.993243986195097	-2.854034903304163
-8.690885119445248	18.079526362645062
-1.7904779314244896	20.11190614158758
8.28790978768576	-5.271974092906764
-5.376323628848879	-20.94282061884295
14.424138996915435	12.410957325374259
-14.134946772427675	5.7916446790567
-3.2209482406654546	-0.13871062932082293
4.9844112953230395	-4.737853277758502
-2.102653327902013	-20.898914943934944
16.904363897133617	-6.461281590326859
17.772230264576862	6.108175357890331
-9.385010288304487	1.243146235905328
8.951085978696051	-1.6583021054273113
-8.296208856266306	4.497181957050698
-10.177181081925333	14.646048037336023
0.5111920517538311	-9.257632620724381
2.714596240477273	-19.35015839486121
16.428098701081346	14.487085478983166
2.404013409176547	-6.213776714706772
18.47379207742632	-2.065975147345277
-19.466221064092537	4.320466386046629
7.93571249386343	-11.535241455589713
19.809243585258205	-3.608569347835647
-8.750576222087313	19.15465134241033
-11.452913612731718	17.139975319161184
-16.950510990285025	6.49863562714837
17.4986224896618	12.541578898716889
-9.239770143554017	11.327426795366645
14.502808772291663	13.943957241530573
-0.22770004640945662	-6.159335525522863
-4.588599702210309	-20.33903999798646
-10.554567595748805	6.604303650879045
15.692490211123484	0.21570599975763347
24.34397965397417	-0.7467957985210049
-2.9107818090648983	-17.458923717428522
-7.637197004786242	-8.704792568357059
6.52751546402008	-2.3892275667674716
-18.98346667415309	-9.236681091948407
-7.4601493121965765	-5.162256932592072
-1.8347295429362138	2.6107152402946445
-6.355398269207171	-22.179234904794036
-20.84540068522081	12.372077713636266
-12.276023200222708	13.286279011666895
12.51677510545452	-6.25348395288028
1.9897716927659186	-1.6088250290820385
3.6086002375223227	-10.41613524957956
15.023499510144534	-4.428318752772141
-18.41176396375854	16.403157814046445
-2.94645416640103	24.66820092759674
2.443221059716863	-6.676244447253545
-13.711487970391643	11.451895971728327
5.690964188768662	-6.475000147361264
3.1731962049795643	23.444838994399603
10.27354662611944	-26.10497922953566
-11.272559339671226	-5.636738030956807
-15.869070604110103	-1.5196768904731184
23.261441669735966	-10.44652718785517
4.483034016865526	1.5841384393339744
16.78683461451524	12.664959985188903
-1.6161717666993676	-17.75229741676455
-5.980564422338689	1.198145200948272
2.389803753342951	2.552752367655313
-0.8616359460653069	11.506141964840861
13.680098170037057	-16.053841749616133
-10.48598800514156	-2.9393412190008594
-18.584101084034263	7.662465750728961
27.12933906752305	-9.223452306732158
2.476545578844709	0.1802099702502728
19.348195424780705	13.762185721348073
2.115261367488705	-18.866589551513062
-1.312820964512613	3.820274657902568
7.554512421613115	1.6396853243344764
7.584390116373033	21.16932734088914
18.086152113343992	-11.1333579033831
-14.488336193174407	-2.8112334284087317
-14.567008482143816	-3.195652315156997
17.06068500207763	-3.6169887315007867
0.79560231585097	-2.7300447323003363
17.375259642807823	13.788748518351884
4.026252553547821	-12.86763044762084
-3.2232429992129403	3.5060479492560166
1.6791117051970375	7.323418576169543
4.9841139121534885	19.327016835885477
10.352136417649701	3.0577241791746594
18.28200586850086	3.1728727658447973
6.350832651547824	-13.740568920982003
20.33428815871209	18.231795988411005
8.35857875228573	-8.136566026102164
-0.04469155127870948	24.94104566102309
0.9590466761972267	-4.421730780333995
-3.70175072012488	-2.490568398798719
8.368571708199187	1.336009946444461
-3.7167170764652107	0.08258794160085053
18.314938923693884	-10.652430550822737
10.26306411003563	-22.184453810921752
14.532598804082015	-7.269189271651832
7.953718154789899	-8.355025120366312
-11.698568208274324	6.686378445723033
4.3618155426383645	-9.625929807022176
10.43917253381549	-19.615862032432545
7.6005438187702445	22.409879118884568
-0.07531853369708189	13.221732663774477
-15.035854017672442	-5.825097783763319
-10.838873978088701	-8.282165058075552
4.20321884465851	-16.219767391643412
-0.5443536084601255	-6.221370644563636
-10.127130904390402	-8.495949861514525
14.661273767889835	9.530121827100848
0.6885290861707377	-24.234674038877717
-9.785708077520981	-3.035252074239289
11.813823392883714	18.13179927043432
-24.351456823563073	6.584280682421743
-21.96390958630173	-0.08407202107601285
0.6269027629754466	-17.031788600477167
-24.423141669556607	6.373239958510602
-23.341138573171897	-4.041497157259387
15.787010771824912	-5.93997143277032
15.406697603879941	14.82116960953698
17.525143862882874	8.813591426210344
15.155369633275098	15.86257088746537
22.430082922840374	-6.678598560804571
5.30126082744129	-0.35940033832405566
15.217446404905543	-14.179626108289197
9.784282207556876	6.029606053840535
8.384879915615933	19.950603471152633
5.158296673435332	-3.0120277702375775
11.520623394531272	1.8364165339232819
-13.564418860145707	-9.865168659283277
-3.3569236898331365	1.7788342494399165
-6.11818666720797	-5.582801068947782
5.683847551677774	17.753241964121692
3.8420145916060062	23.17608917749747
0.6547383098690985	-26.248190789776707
3.6787078864441316	-13.616952733626418
17.922884202604983	15.611526653041473
-20.924331180113153	2.17721279584725
-9.701497368572275	1.3671902439537738
7.951529187030131	-14.97868494058971
9.749383606062027	-9.915997203584565
25.177115684275705	-6.755088838979568
19.933653686875463	8.777350907400065
-21.214237072120593	4.775241969576755
9.890030551583155	-16.849831956882262
-5.128847510078655	-3.5666438536979665
0.9632571526124009	2.6018545578587875
13.82704104229866	-18.479255422429194
7.767105891888896	-14.616477769859989
15.262015362781673	16.86433775587034
0.36011835230413214	-8.625389688502754
19.614783457611743	-5.6594189858469335
-9.669995213827843	-0.17926317971056183
14.774380628633951	-17.520815402338997
7.686260204269336	-11.845679482883668
4.147645964299444	22.535636942709527
-3.6837430807309834	6.820487353524048
-16.817310086301895	-9.0215404717524
23.07878694461656	10.537304357378979
9.810911666180381	-2.77940823805918
18.24170457904856	8.157179533956024
10.78337965256647	-22.18531236274981
5.628495895882405	-12.49543794415694
0.9452323183101721	-11.029648653922857
14.900435131171731	-0.7576855138684586
16.046397537223356	-9.786437185683205
12.646136226335065	-8.189082488869158
-13.804822436644375	-9.84895848451732
9.990265750684248	-9.492749742607302
-13.306869706455707	-7.437551195138811
-12.464754697428269	-8.606127571401686
7.930308797608816	-8.319318295819196
-2.4280720603183346	-19.85658786057531
9.146026428925634	-0.31785122259379883
3.8782702953798247	-0.18523870038089552
23.461993625313852	2.627470782815355
-2.730998706891783	4.835199111823216
7.1890069674669475	-4.677030922446185
13.846125649312018	-11.445389277126859
1.6284339486313124	3.56404965445717
3.3833747657798035	17.331879545697042
-0.9523199319904467	4.739660673840013
8.34680611125037	-10.959711366144166
3.5558652866458123	-3.700570419463782
-3.1788003824363598	19.642017831542017
2.466952997616387	-26.849000530515006
-11.55765217691849	-8.733965871259423
-5.425496326103304	2.0128736635587146
28.285310247881736	3.1520857380407548
-3.8307063668350385	-19.707290005713485
9.106141747620072	20.98794311805747
-2.326963765741094	-16.244802522069172
4.2741154180419745	0.9597977008900153
-19.440977387639922	13.897693192882928
-4.077017076066256	26.572974596092994
-2.3968893840607763	-20.546047872222847
-13.493498693588002	-9.74850039862407
-21.11916389245961	-1.601075571522503
29.796871125853343	-4.144142917591763
-1.465823529265624	-8.252033388739674
7.88224295144595	19.749027211824565
-2.870087946884935	-21.400485927939087
8.259202081586746	-3.8380245950546086
-8.866729885884759	14.902475054148283
4.204220232562479	17.952140934926867
4.180720256274825	-26.247327339708956
-9.831256587960459	-4.89148770515411
-22.219848652565815	1.7458212141976241
25.82275984934424	2.3970404704510564
-1.3728334822681632	-10.525574453201182
14.542893300341104	11.374157051707382
-6.869831100031819	-22.778464403590963
10.248496794689068	-7.96304022490673
-11.388468370298646	13.694601670328856
3.9745440723808185	25.32894133539641
-16.601880299841017	15.431572765679011
-7.84251029166964	-21.69115229167156
8.272471336318775	-12.355047140238083
11.10262178313213	18.514015367953622
-4.499441198034354	-21.550234014489135
3.5067672328247084	23.54091588647085
-11.02030042925897	9.188149794531823
-5.789813178662948	1.4779776090136016
-17.700642128834644	14.54576304763453
-5.567003271691785	3.346284481222224
28.954933610261904	3.0866342710372043
12.414640121258868	-9.52995538091292
-8.29364641252443	-18.04334222385934
-3.1034214530789908	-17.051694760996458
-20.51034673506562	0.262175480535616
-1.3698863192586337	-16.44442824970604
7.5657696137955	-18.83067920297862
1.7821816075834342	17.813836257911085
5.329623227123778	17.27326514897371
-12.605759042575523	-11.936964436681448
-0.22060556081792693	5.931591622152875
2.780054993275832	-16.508357709225894
0.9292766773824784	4.9524369052654515
-9.319211909816374	-6.724649511844599
3.600723109380235	21.8015687712748
-0.032629761331479025	-3.0119795936842566
-7.371941749032602	-8.917344663584414
20.522996127707984	6.23094235514092
-13.91986519334758	-6.509678686018567
-12.372456326459718	-5.7740816840056794
-7.355677007647992	-20.59778978478898
-18.63156540281127	-1.4589061837888184
-16.28343612362049	-7.089244359277204
27.081479152628045	-0.9958264196764031
19.72259357603091	12.8494158654479
13.876547450238467	15.097528020966225
11.269102227076752	17.186340165295587
28.85526025475742	-0.7332536727871435
-16.48467950994949	16.67725173211319
0.8739268657503914	-21.47560453644073
-2.95255933803263	-13.577192728365107
6.808616328713512	22.568982261662093
-12.545511092325455	11.035495091404735
-3.7611123544352214	-16.98688299124508
-3.7769116831150793	-3.9144090565771466
-6.0950089971370085	-6.816268092099484
-3.051591241171931	-1.9338823906775326
11.66105793494132	13.089850929978464
-5.18833495628039	21.28847064311327
10.955672759883225	-12.789963049443573
-5.247479620048366	-18.78473149513084
19.012129968807535	18.342149208203026
-21.434226778043183	-0.4405864788952627
-11.726434020808288	-12.347074471293437
9.338459851203595	-19.613724604916552
0.8103573085752344	-17.382103416059998
25.36093906910755	13.605954089114139
11.160642399255934	17.38198574020301
-19.219032380261833	-0.9424087308058454
10.30311651428077	-25.3153479947201
-21.40046275334789	1.2708068717118661
-12.624691124797756	8.312567084944405
9.03787160673391	-22.529893588188664
-1.2266250025963246	-21.227998290431664
13.314171883162057	17.03624709799089
1.8934631207347077	-3.7424360496615794
25.468959626667296	2.3545640110150865
-13.942335314390121	1.738004231558862
5.710601216406112	-26.002113895805223
25.584328976734486	4.382601756971041
-2.901890935421691	22.78128315816831
-4.280683912920024	-14.662989270061868
-17.455902163184494	-1.6756642446169523
18.884861433954832	2.3636454801556552
-16.9152279277908	12.734661302652832
17.435002304087586	16.19993328356376
6.174549858687298	-26.17460618416894
-0.020319697016907973	-18.56717623814238
1.7759861019990406	-12.067848310466722
27.285128485486155	-0.5470525987451076
28.70705789496876	-0.36411916491585455
-2.236157634103839	-19.228287028621338
-3.9909300316430545	-2.813578233329491
-1.568735576026012	-5.500212413599252
-7.357994450579663	-6.891199761298361
-13.455146597844978	-5.395890458275476
-9.30894194521191	-15.049701862616923
-7.810119184653964	-20.212275205474523
-14.861279606485626	13.81027129370325
-2.090019100908278	-13.071670947391127
29.465877006868105	3.9285582410068773
-1.7404499231570079	-3.4918077615297847
0.16254699490177	7.6312672871623235
26.442740363750392	9.450718362492092
-11.43553081509835	16.015807837942937
6.750325870570314	20.86213008693966
1.0941431871437133	-4.382606443529755
-20.8768838129946	12.067972765595709
10.442180154579756	-6.781833861590561
2.9688154975742247	-5.777877207377318
-12.324838260337643	-11.265192458482748
-19.204071230814268	8.964806469252038
28.2455308131455	9.671042627722866
-9.446959975649516	3.4582240055823044
12.451282784770763	17.782758285750468
5.178305576733585	-8.525689610169744
-8.943737257085001	4.962136228759193
-19.46344681588807	10.802663716909684
-3.5484145895991244	24.914553581841812
-1.8821676024441982	-6.995232429030858
-7.00046782601373	1.1321267903078365
-17.906916738783845	7.791905852238257
28.709926916153147	6.944061174019216
-13.137635480802686	13.582621340776292
15.833558369368257	17.14723889503534
-3.1091836241913438	-13.860393432864477
-9.61813518352347	0.8995603553452683
-20.15436828768309	13.971516314091398
-4.374152598598774	22.690360360466357
7.70489422645275	-5.218927969054049
-15.910384979957655	-11.047415870212573
-20.282989816080484	6.162878906312027
20.412500981710497	5.573298274908011
-13.248519234928077	13.58874147443352
10.349937774882292	16.03418165316531
0.3780726511765553	-13.08717878944374
-7.183326320160706	3.8613433773800696
-21.760300204586077	9.036030220982585
0.7303867122705876	24.52324098452186
-24.957641142461416	13.08966333362598
-15.05525591538464	16.892367722990187
-13.744116855945187	12.73069868403963
15.362151158395074	16.432298961457434
-15.869016493981885	15.071218371356228
-6.381452443792604	22.77010707228538
-17.69859620247487	14.895893115097396
-11.371573629570952	5.100724588728395
-21.27055181886287	14.252523302500794
-6.501918374355912	-1.6970225614341536
22.774556342649575	3.56647827419688
-7.896804689820915	0.9951626325966436
3.4815752179329604	-14.824968718701655
2.7514497462249308	-12.729012261910064
-14.413065725369561	6.435648047574092
-14.694125466798091	17.870037984681854
-5.154032500940799	2.4371203236795376
-14.011797614516938	-13.545863243437765
2.439249099621035	-12.739779766932623
-11.488937989368862	3.783906228087734
-13.127204828172012	-6.044173386902386
-4.5644710928780885	23.03305132251
-0.2707936953295702	-0.09261432405902292
-11.240709164994216	-10.76260752579921
9.565441756898899	17.130024027361813
-20.037816614848698	4.548009240723627
-19.651793743137866	8.074432618570695
0.6287113422336976	-13.973074296775204
-13.963445523094196	10.800436963630546
-17.1135784194486	12.48546137225684
16.828996731059064	6.664866813667442
17.399967540533055	15.948287591131859
14.0398737862512	15.722338453563939
13.316551568942161	15.143396120322624
19.998182552730583	-0.19967615635165534
-18.378832423190488	10.664689758971212
-4.998899305451568	-3.604646196927396
-14.382108196646849	11.286286688031819
-10.256772412468404	24.183022866214408
-21.10260222350604	10.042361670688619
-14.81983547601098	14.488598032684088
-16.390867522337516	-3.620817665622849
-8.768291988687684	6.201524804925938
-12.083420359837783	-10.566520645273602
-7.0242387760601135	19.846501693508667
-7.135952736073553	23.982480790666802
-2.558439864874676	-2.362831384676323
-2.6584360508083575	-17.73922651463406
10.670921483501791	16.65613058109586
-7.897528179399169	14.167617999753833
-11.858983910983792	-11.229445912588526
3.8061632178492695	-4.546423043427674
21.689469020612584	14.013762503673819
19.87482301964083	8.271114291718813
-21.697362370325116	8.449347477660227
-1.974706364466466	-5.40460569481954
-12.773489740791225	10.313274091439084
-13.801210733751898	14.239472914743267
-2.2438149889082983	-5.807368727496296
5.427942722908601	-14.16878991184267
16.590840751426683	11.863232690953204
-6.42691981100066	4.9039607375488306
13.641785262766255	6.709274223174635
-17.137695235974622	4.084039272204746
-3.9511774904126096	-1.4449753624929653
22.43050851068888	-1.4275564927749924
-4.211081645361542	23.04609452415527
-12.252994357080196	3.729752241403863
-17.462937439471325	12.14805144066513
15.664438291567789	16.099925206069496
-22.685624600623125	14.47937946636405
15.971908814413109	16.512532054387364
-0.3417509979369917	-0.8303276983200543
3.2440796002302545	-12.374889644277532
-13.793846360925677	16.420153948442795
27.182509301882618	3.237641811495159
20.542261963467205	4.7688986141690695
-1.4825811754726548	-14.95704196328542
-12.1738337962185	-5.8626172848844496
-7.7674416518821285	7.392252459920715
-11.18008698435213	-7.321936139240373
-13.676987406515721	-11.317305522904254
-12.556214696823139	18.6479805059943
1.2800561045528382	-14.163307130991088
-17.68090343486718	16.21718422355396
-16.84887313213942	12.734758277139216
13.668365961868803	-3.9387718026903493
24.49012919535443	-2.878273526514008
-10.818240201078325	7.102654366266216
-12.346188487946234	20.083275662295236
-9.099754810247111	0.9485152781389281
-21.16358363308729	10.484240486357749
-11.686317298703496	4.819380289614689
0.9422367431847352	21.1219895079369
6.545740558615371	-16.017115438689192
-11.526552212337256	-4.199572787008952
-23.102519727824827	5.380432791366159
16.969604336623725	-1.9158666835273945
1.750528006165299	-12.096786565477002
12.694663835164732	16.65509323555654
-5.342184729078358	-18.249604328371408
1.5412561287938815	-3.882901723110151
-12.904704600985898	-1.0206517518293219
3.8048728809689694	26.31328964120765
8.801091800785969	-16.906452125160374
-8.734437734307901	-7.636843627985401
-23.314923901949378	5.367164228543637
14.518353141926305	1.064015569723323
-4.600236162358131	-10.635407833534185
11.047638483488287	19.404496890598736
-0.04078923634309594	-15.975017103340708
-11.232267849056928	-15.304329660986728
-10.898543043973646	7.617792212471178
2.0857510844720375	22.82606183037315
8.628821995376885	-24.745844986831308
-15.195024168422295	-3.05200969722081
-24.527581586913684	3.2477762167573814
21.23078450377808	1.0211977355887596
-4.149180034168054	6.236479463379763
17.19612044994282	12.459937261417123
-1.2564733621223683	-14.43851567368887
-8.261204762380215	0.6914710715016982
-12.44046617642015	7.377895687718708
-2.8311076093715513	23.982132335685368
-7.933786912387012	-0.11604746372014597
3.2940428016374845	-4.837080729159651
1.2236051503316965	-7.689031682185901
18.865115948727137	5.969097334300277
9.199308726211637	-10.949359267756964
7.09853731465198	25.647204955962323
-13.077871774554476	6.820934212693537
-4.566548387829326	-0.5337130309672284
-8.578178032023667	4.834650254754624
-3.8354597991371113	-6.527724619854451
16.419006183179196	6.6772785621619954
9.216141417984346	-19.751342601939925
-4.966113246068019	-15.253640552341581
-3.030527368858453	-14.730077784717675
-24.118966411004763	2.5428420224098707
-6.64214881692406	-1.0071127943888534
12.559019245388328	-22.363165328129742
4.604869884832869	18.37540046203954
0.3290670458480634	19.988336530607818
-5.529461474255529	-15.183112628260805
-9.43988345493397	-17.313472901022212
-15.501885429144844	-7.8828072747821505
-5.056677384824711	27.37075498249058
17.173132005672453	-11.610570629767233
-14.310857923883546	-5.213988296937538
16.61416005177036	7.086216298418257
-31.19168521373991	8.28126356725125
-28.33148946667323	3.1199381213317903
-3.784425654081556	-19.796350659802492
-28.843513742942005	7.489792035287568
-28.79363642732209	4.345449003025421
18.095295508717513	0.20800395616641298
15.433887058043828	12.51735512834795
17.281839325164416	8.032431266978348
19.729159365932635	11.11985326802323
5.150287722828736	-7.730019446455596
-9.727803617313064	10.391199282034492
6.826712707630216	-25.25640729790141
3.720346051624954	0.8618691975897312
-3.2835141806078316	22.179589030253926
-11.24992968000562	-4.475249484827284
2.431001611051233	-12.653497044857092
-12.94611799430526	-3.6866091409229784
-10.190524547585143	-2.498075946813364
-19.16726664987717	-0.8085634369798499
1.3606762935711345	28.116481001356714
-0.7627120845633447	30.010744682345162
13.183394720041443	-19.274289432287617
-4.560050001800827	-15.927245933123865
23.647508619848892	7.647417250021346
-24.86507141184743	4.77388481455487
-16.817077555391727	-7.6281875592350845
5.136414569612353	-23.83431302654948
2.4032911220555304	-15.256400920847263
17.363646204997004	-1.4580909120869114
17.793267052621953	11.96428227134454
-27.905800363728677	4.209688265761174
1.2913462787058378	-22.218851667731233
-3.1925874147723716	-13.092015530680706
-7.766701572122213	4.8635507884554405
7.960497088023961	-23.282902230214837
1.4687105317966862	-15.833296236275773
13.679085186076833	12.188841339708878
-6.459098699573158	-3.6741561878940807
20.109614064378693	-6.3160469477948356
-27.128383536507034	6.092711509900974
14.51222806225282	-15.71949747107656
23.280231028519676	2.8950769845409496
-0.8291224316732412	21.849867700100532
1.4450031865392805	-2.2672885850294304
-27.525584839366257	4.6718252171501575
19.33026772884343	7.934363895553912
-19.505138646752417	9.370840829441091
15.116871006796508	15.777916630833092
11.668895647700408	-21.656453935152882
-7.7145238611323395	-19.47923557756546
3.4077512648984873	11.451200480009556
26.059257682516275	9.133757990491572
14.341518420816772	3.1394855179681906
-2.1573148657540724	-14.936894812510625
-15.351055899172811	-6.45427189332759
-5.110201629858869	-9.936371257340419
-6.057914671785876	-9.646852731009304
-9.174956051558677	-3.931679380709455
1.9662381646406901	-9.43812832833285
-7.461595012953843	-18.051591746654548
-17.099757398743446	0.6597255734370463
9.32010779519554	2.4877741675573355
23.74394655423641	3.2767643872098398
-6.034447381604718	-5.421555398771981
-8.46365452091428	-5.282834756888883
17.56145566904489	-7.216364319052741
-2.2705523487289163	2.4181066965458493
-0.33840104605413585	26.15478692865518
-0.43583296059550036	-11.881995317792367
-17.359015204135453	-1.1189306193736894
-4.354877571989829	-6.962041065486402
0.36402688482461	22.75092487815866
5.705467590404935	-14.52682193127171
-12.228387576407947	-6.638948682151921
-26.188198010058603	6.117572142528988
26.736804619177263	1.802262928185686
-0.7960671345250255	14.2219292055214
5.424642583019687	19.662796326947696
-7.038503814217393	-19.045092614187016
-11.936816116332608	2.328052324876392
-14.676716373684558	16.457944658869543
2.390111671630924	18.357152586343105
6.279213381616924	-10.887049936308783
-16.40538129766168	-12.454242888942229
-25.320304922831493	1.8602769290557846
27.271102747153012	9.049459036336188
-5.617756827225144	11.050070065669138
17.926189445985056	13.438153799901533
-1.3959183693635087	-17.00213560116586
-0.013711718051213719	-8.894420785266536
-16.997064465264707	10.146058903525057
2.3702264691177652	17.63789994799986
8.419414015776901	-15.551483028012216
-18.173840260317515	-13.43704240746308
-25.85544755160481	10.767286730861072
20.96275657021455	1.0657329203961146
-3.885609347945594	-10.684580229589523
17.78983378271682	12.398991794034501
-0.5116538355950463	-15.918724291354511
-3.247712677019574	-16.151849084872524
-6.488040062602294	12.649792744943362
-0.9913023695846471	12.191807478948972
-17.938611645058682	13.702980519799558
-6.692277664248686	4.905934316463931
-9.142709646061277	-10.311602923666682
17.429840208571452	12.476622430090123
-6.013680193896337	-17.433126475634516
3.068366571928018	22.757433266972793
-16.407352064155198	12.25036740235
-4.365199283996303	-7.94017786142023
-18.034413423015994	11.5136483208017
-3.173355993014344	-10.291111072369056
28.026931129016038	10.202135655672556
5.438486158915831	-22.423877807346948
-5.926496284432091	-16.590942260364354
-6.022520925380225	-19.99156444801803
-11.588151835989542	-26.108953563231854
8.105703379454631	8.71042275680845
4.898689656931764	-16.619299820556396
-0.762572767626731	22.844971357681572
-0.28278577894973395	19.470768087740012
-18.79006600288873	-11.30905826093491
-15.444900764910411	-11.075966714949974
-1.7252439698495354	-20.60525317956702
-2.226257359731736	-13.514653588273971
-12.956909680864584	-7.194062756744669
0.5383736464190628	16.539592992460875
6.96888842653216	-26.450725136217258
-18.877875499934248	-9.20842419351547
13.823105553185007	14.050431842570532
-26.524698740951152	12.123389996779588
-23.89186948070056	-5.623388667466501
-4.256293966001743	-19.01206834525806
-23.407457020092963	-2.7405281147260543
-28.390842520570025	6.492332198028371
26.26514472048506	12.645076093710273
15.618670754395268	11.522790414888881
18.976158082352924	12.0626487862496
19.306451007700275	10.900276533832406
27.370689615610527	3.826880878788706
-17.235213638087657	11.280879769173737
10.061679080781953	-17.467993507344755
8.12064373283928	-7.046189457741667
2.662110951753064	13.657385989062128
-14.510258280532094	8.570064307488575
-6.236851887864853	7.699973727475747
-19.769004006446625	-11.715818049679154
-8.85789510473914	-16.286594328665938
-17.169366803152936	-9.11047308017467
-3.8529530317118352	11.808321794721522
-3.4982322187479293	17.245442050994825
5.478809860399614	-26.881957130679762
-7.950547043036506	-17.089808244460965
13.559671590433227	12.773671991717753
-23.625119145664435	-10.845860159572954
-19.768161013979952	-7.3526634449682104
0.05914021957015003	-20.350145132069716
-2.683904937163144	-17.042880890786247
28.979236621825034	1.1878080059600875
15.195026843138315	11.213469065409782
-23.01133625987872	-1.3113315781570507
10.707518381409272	-22.566064580907913
-21.96824390263858	-0.27323450367451824
-19.39998210251221	11.234260353225505
12.348999719343912	-19.34576827601651
-2.1461328306649405	-18.6841201440491
17.13571602006092	9.587247711864281
-10.46639259612129	-14.695099197799323
27.797603470693176	6.517160196308304
-23.147084923788785	0.8948835203749556
14.611434887283718	-7.842826912169701
29.483328665375197	6.767378381294644
2.5495243634128935	19.303354159859307
-3.369175733494544	-9.64167111018058
-23.283532640101704	-12.997542125096848
15.367756590918983	13.837169491636478
-22.240631044536393	11.002053955444683
16.640484098330298	11.551229276024646
13.454768565357714	-3.4004941035698018
-8.969068136006875	-17.104876958981716
-0.49569427552562395	-8.362889835417247
23.81826089918941	6.171024119519612
29.940777893233417	8.050657122030975
-0.7552968225663775	-18.740654540521376
-9.199682485834096	-0.4082536433169643
-1.3792183932051856	-5.612829496460213
-15.82615178194047	-6.084889315440525
-21.878658418955787	-10.87143771292674
4.810765362125851	-1.6550801729868334
-7.515268178691559	-21.31116118631788
-18.590331096304666	7.695027907020325
-3.6197391705456683	-9.060437772549562
28.078582804600988	10.042329726307086
0.9559408159291698	-17.20323113495661
-4.244282654090264	-12.886528245647728
16.388437102977377	1.771789124316551
-23.38441944333623	13.57002293790379
-2.5818717281080685	7.416116097023103
-5.277551120708897	-17.679320639071335
-12.100496243067104	8.831252818075056
-4.605627100163579	-13.06020425267129
3.1448077392798006	24.053460801362483
-1.7634256332516882	1.9135543004381748
-10.940959698096373	-5.351217445035715
-30.22274451735766	0.18431471118071258
23.470188392484175	11.093146059950996
-9.554812515300688	16.20796492386535
9.396450919552468	0.8211394147625393
-4.587891436430341	-18.43484373765999
2.6927376173384885	-9.994844728460986
-20.644778504448567	13.92432724913625
8.264397275218629	24.30174428162144
6.711689668398481	-17.122365488502773
-8.47870386571184	0.13258022670111078
-25.883101478219615	5.9340051072032045
20.587734971805688	17.92941294948277
-12.544069482424872	6.182689395972217
10.861275854515773	2.779607798627587
-8.887410237706119	-17.302437446099017
1.613774629310694	-13.372893671825784
-21.35408611391244	11.648177392041125
5.246965157213926	27.897350004608967
-2.680887801922895	7.135092940135652
-10.081178181930564	-5.578991905039234
-21.230867295606853	6.156012149297263
18.310018903463423	7.272073817211592
1.9457992505515058	4.645458021181381
11.012125879662523	8.71956952634046
-12.623478556375	-18.350489924694212
2.853165984612594	-13.82431229307827
-20.14068572544312	13.43500687388551
-2.7970188624816235	28.918823630187944
-19.340385945925956	13.0033932480097
-4.9256880610944185	5.059347493130536
1.3247944952342003	4.106686927348179
11.897852988348406	9.039354991238069
-6.02450857786769	-4.352134205567762
9.340212421009142	13.622133906421528
-14.144793408709152	11.28176422809954
-1.5183230008103876	-15.080037958641746
-11.701220397686209	11.111705872303595
2.9280510292472695	-14.088714906617637
24.636786379486985	12.411821711301602
10.276832883501527	-23.55621956948278
-9.110597169352312	-12.994562523212947
-12.677500668533257	-15.979702422782285
-26.583147618477682	5.038762145047894
-4.157926422968189	6.516253075872101
5.694774095396879	-26.85960412811387
6.455640270682685	26.0983537548794
6.471196538451398	25.272463115575558
-17.769741046463935	-0.4205284372376274
-15.17126241394784	8.578029597504994
-10.052817452427455	-19.15477375757989
-0.7494094932267101	-13.32914322010295
-12.299406894651264	0.9435852349834772
-0.7359444353851732	24.583574295424498
1.992816722054213	1.7555387233782511
-15.145417085266292	1.6451493383371576
16.73568870352367	11.918014822244386
-18.229573450181835	-2.9487468695909516
-24.33221427762269	6.150391072519461
-6.30458556533437	-19.111762360247123
-25.486252020188612	9.175144906406704
-28.38597009613057	12.03311820122958
23.401067924914297	10.741504304592109
13.103676229737072	11.189526559491153
13.756179851285799	11.257777556748753
14.94825114724432	11.20303126741876
29.472928200380156	6.586854163539882
-14.761885292025667	10.989143007052133
4.130152885307372	-24.427948473640136
-0.4126009203421928	13.554156817158354
4.988804367652031	20.29229887938015
-19.35721116354494	13.29104089691394
8.878996107869465	7.561886571001917
-17.59313946938429	-7.843992629496184
3.0056618632591694	-6.66254789882824
-12.634692067248555	10.875428499827036
-1.4366129212363932	22.13664866408231
-0.8974999372687381	22.721945443364465
4.294202109930449	-7.8372280885292
-8.388079893759011	-20.514359602206767
13.891702678685991	4.235580821340247
-25.040567816473622	2.2990238622910675
-10.195743518692321	-5.19881261122118
1.4360325367101239	-19.96872922901618
-1.4031131578967666	-18.475613256552446
24.698347845070813	10.413859374789821
16.72998037159637	4.770309344245157
-21.84607309374885	-8.89487165903289
2.5693181174259503	-25.376431695820926
-23.677360852136427	3.367812755905094
-19.539171536877312	13.866496210439509
7.6871969779345966	-23.108486515465703
0.08617007720706947	-15.337846420679265
11.746603367109063	1.7932210458297269
-6.638419558082896	-16.43615327075348
21.033011491623224	13.252722951694054
-22.664741852680862	9.329669156592898
10.826650348346258	-21.886694060418353
28.83597388114883	2.018432166777269
5.1772041075287865	26.759574934501583
10.50477268515381	-3.6409923418239547
-26.353971206424838	1.4154774159131522
11.445001638539003	7.7454210720174785
-18.104700910121302	10.783907373730019
10.504121353019183	14.491864008188973
11.172223672937506	-17.921118180676988
-2.774937640947088	-17.463138681472913
-1.9754837892089867	-7.326476067065329
25.22420478731977	11.224465159358692
26.480385484755672	11.217815443536669
0.669429427939393	-15.04202230579223
-13.714819822221886	5.566091290736819
-7.868289971519615	-12.699685767222409
-14.124094978583736	-2.5860935495501014
-14.676129952327184	-2.8028322417788254
-0.9925123153640147	13.596212181399835
-6.68548061899147	-18.153890674510702
-18.849530484919196	7.542449971019405
-11.349283909054977	-2.4321625445431407
25.39515075705941	9.088480611314939
4.910908051454326	-18.118911054023
3.652206818607069	-10.833117806565957
28.76199949050103	9.725085681340788
-10.029626433732478	10.798887389626053
9.273349058819267	16.68086990695173
-3.4420729286299276	-11.681782858391443
-7.419133434714582	19.973882219227246
-4.816848421931008	-1.3687280163514808
-9.763945592039894	-4.816241585420686
-17.853081144150792	5.187036250191167
18.038979353830005	-2.944272109439271
-12.591728528133567	7.0539027732971595
11.690112766063905	18.622243056809527
5.847074837233752	-10.857240728950044
-12.456436602022382	4.136837242492181
-21.490986756339655	10.406738651032152
-3.6095104732567966	19.285568948774348
-5.56974011450654	4.640325369553999
-6.468805087438565	-4.680149370900603
-21.345939959296285	7.3606318827230455
25.668871675085338	-0.4969827366179647
-13.002528048064262	12.766666585983966
9.721384265486513	19.8486213172209
1.717736579552012	-10.41427075918145
-8.037226218952114	-0.1657953119225925
-22.951449461628002	10.721175869654386
-1.3932006954756304	18.12882743541694
-3.07504493810434	-0.7786916052430503
-13.289633775896919	-7.433293450097291
-18.593326464587314	1.0047143983866993
25.01030064309705	-3.6591344174710616
-8.578871772846263	15.311084717302997
11.32195294007448	19.79558954849016
2.403699042405989	-12.897894257237756
-8.588495201140299	0.6842548654655508
-22.053572592797686	10.817844334084485
-0.5400932325951908	20.724580664955358
-24.569596386885618	13.53028556507284
-13.880436143788895	13.579387053936331
-13.94148890755646	11.919319368490076
13.21466864645112	15.81448324561109
-8.046698092452578	12.30841730539748
-1.798195918108564	21.659864849799945
-20.550362401687625	11.82929021461893
-4.139531255429803	4.527646838493366
-22.375190662403057	13.23647027280178
-7.137192917417059	2.666238545050581
26.680304461132824	0.6148204761349932
-5.047193955644258	10.395534552548334
-3.009394686959154	-14.865717321626159
5.545041530957218	-9.543395342245082
-21.471237770142398	3.2740975532098506
-16.73787488857003	14.051314302530743
-6.820047009612815	10.69606705007475
-1.6595856762212553	22.761240295260087
-3.7715494264585208	20.307364428988212
-15.361536543696571	-12.462900115588537
-12.936807040681948	-8.207887247276473
6.362887238909309	-11.13980034614242
4.265927471929385	5.0851298650517185
-13.458171533735753	-9.602230503279474
-5.341737870862195	28.61572757989397
-7.7212068580468225	10.54251150792879
-11.382976565429438	-11.063192636698037
10.523157356980281	24.75224442858138
-18.41944391865367	3.2179591687971283
-20.002444575195952	6.741566185428912
-0.8823637268067577	-16.844667716054825
-23.242343772246105	5.167604591886776
-27.85999023275197	5.608628904655494
23.531236073116496	-2.222206298481913
16.28043626188849	16.139644865968474
10.590584329688959	20.24330556558622
17.070049613308772	15.471322603186241
25.714951270766598	-2.505385558716728
-21.71230098392395	13.29136831588775
-7.31764674618001	10.495190761499908
-6.420970672597419	11.691328647680097
-5.775679339061982	24.323988096788717
-24.946973621508814	11.047983714278866
-3.8610986668787675	11.018592279239252
-11.552086666942664	-10.744030315776996
-7.0730567805431415	0.21000766880973998
-14.352366771657934	-9.609171529283897
-6.642091449493472	26.955652237868826
-1.013780096713459	20.74786866436644
-7.77490009211224	14.126343945112346
-4.683352227809471	-11.214436684639216
14.37083183257853	20.671077124356437
-20.442872283669736	3.175828643022419
-6.547155645129787	-1.1390426197538914
-8.584299612130229	-0.23508541919401016
-1.4982828016687237	-13.630257799523873
26.820520009935702	1.0216773915511297
14.169858509398438	17.965560299240686
-22.037898734397604	1.0805819042944278
-3.0279905675501877	0.18020290227755587
-21.35537135304091	6.276314992328393
-19.002236595513224	13.187021993929822
-7.391928822813848	6.227205810757033
-2.271291963011571	-11.669211616425336
14.636474643061343	18.700507886933547
-5.707707097721397	-0.9153038812209692
25.173665618993272	-4.0265588730219575
-19.434851032618173	8.021883618758643
-5.346052239116461	14.238207867279804
24.426410286743433	-5.030953044884773
-2.379458479433725	22.870270935141168
-14.721136711996976	10.795908766865491
-21.69306876672613	0.559534694453553
16.958319935794943	17.09092330261211
-24.313808790632873	10.645259975860904
18.455453518738448	13.410190294414312
-7.5361653889012805	4.449427722492688
1.8186268228269653	-8.353032720566597
-14.871887162612639	12.172322084271139
26.75829855803896	-0.03647479165075225
18.57269408891572	-7.418117565181855
-0.4831373830229456	-13.037753213015389
-16.956848705690398	-11.147367464208953
-0.7715887266770755	2.1140680694605303
-18.474054412950103	-8.39381982592699
-11.087157696476208	-10.588891442693301
-5.316231520347897	11.8221854080439
2.4388642588667158	-10.451003971340505
-22.909751861140183	13.307748933521125
-8.651729187295658	4.652501336810438
26.98821504699413	-2.364710842314733
1.3167789106581682	-1.4708314211848008
-3.423131511313648	-8.778135461477438
27.532815437548727	-5.456846054738768
-16.739568681247874	4.481018614848212
-3.396807938581259	19.490196116797215
2.872337575322652	-7.654040391395387
-20.11897683034932	9.446517401037084
-0.20666907662543788	-3.6398126449403674
6.624084390425154	23.660343904828057
9.944765192837979	-23.762123905733446
-4.886423043269451	-6.408339221606158
-16.63178306846234	-6.68632569984697
22.300608700452603	-1.4763034693194708
3.278730627083722	-8.692122884044055
6.610995150035492	-4.49898257539951
-7.164485703917437	-18.7611243731903
9.89748855334528	-5.499321614311719
0.4641437816301178	3.3589533141858423
6.665842796443959	23.42865349282426
9.416306029850121	-18.805741389153383
-4.026349400634132	2.895308934176555
-17.489252219736684	-5.4503564009520735
24.090124766749078	-0.4989520275090011
12.409137390839826	-7.460550146135831
15.292608013899128	4.400700065031003
-8.617425956380501	-5.3228470896435045
7.5703318696342565	19.01332979054273
17.30210737197253	-14.234861192878887
-4.477413759303693	-6.733506659540891
-23.212105415213784	-6.5121153373463905
20.56373047705299	-2.218254984567202
0.020316473584221822	-11.07113745939229
19.04704884580573	-4.673184332720005
-8.155253013750077	-21.43553407364302
2.465618055474414	-5.371913871600785
-5.77865588533177	-1.1306942500120376
20.12445449997738	4.526798931282538
-4.129629797537752	0.8160814941195387
-3.1392794892085334	-19.93907461322036
0.6635029545438704	-7.624688070613846
17.320416705999055	7.268149122835344
7.682931752287784	-10.180792240481969
4.009635860279474	25.064419505355563
0.9082566141873598	-11.68254375605406
15.030771772667054	-6.638037549079114
-7.247349830838248	-18.876346297902124
3.8362985745845446	0.4238755802530856
27.285403588887284	1.1446685021387357
6.128345139206129	-25.55076237113764
0.1951780794472964	-17.898510148428098
-3.194472610398426	-14.689896247351175
-16.476564989181675	-25.264242004507057
1.596144288656464	0.5235467297954461
9.232439786339501	-23.018468112585033
15.81978380428282	13.116392940721873
0.4452126308101503	13.729215537001876
-7.053663296608957	11.30077780683885
-16.666554010774377	-11.013240899384975
6.379114357280644	-7.933470242141411
2.7270554913049843	-9.665030177519675
-4.6883797312577835	3.025303049683786
10.560757294066523	19.696786452900696
16.15565721536505	-20.186227722712452
-10.387638775382827	-4.899136207700861
15.913765611857674	2.382386542396889
-11.969387042149668	-21.50056035706809
-13.520768276666898	-27.569903005082598
-7.070018795746893	-16.811368744367797
-7.6538684284525935	-20.708135861555387
-13.940033066079783	-19.166808600133283
16.187687617975037	-6.281730870000329
21.31136540983587	7.012616394608125
21.95060033256962	1.5271387818975688
17.24549836279088	6.923989601356401
-7.0775685442820775	-17.942722981500975
-0.9004875593628633	-2.2128767156565106
14.425170881595607	-22.407699597844857
1.7223124388694533	-12.9445757588635
17.322049674235647	15.214383149815855
-18.155941452490218	12.195840209435008
7.9224290904439565	-5.849664394626137
-8.882666546438161	-1.012911659526743
2.5497484480447907	-7.842316716103429
2.4104284935150706	28.74667115831363
10.403527370318827	-22.766174682906115
-0.035592159583012324	-17.909116523305705
15.619496326932353	6.448854087182712
-22.694874208985617	-9.35295968896652
-9.145027181816346	-9.152660411057122
4.825551049179074	-22.3943535564998
1.618353240326035	-14.106609062413282
-1.2279163018217545	-16.967628920686238
14.44636432758038	1.88055510227284
-16.847091143574424	-2.5923567258719165
7.4105717572023115	-26.337201573372923
-13.557472863019267	-5.239835524579105
0.43889135582057714	-13.439992942680458
8.74190534247857	-25.794029332895818
-9.258346858975475	-15.96732155313461
19.25615992458094	6.815529084318669
7.762213735975051	-0.9223889433059377
28.31903838292757	4.273023882218007
-20.595145081076726	-5.381238814794175
6.188655470453526	-26.521579530636487
26.16530321016426	-3.053379446957847
11.161655099190467	20.796424149678593
4.566713000033255	-11.495485009688082
-19.651562669810808	-0.08695866447033035
17.84281517451764	-1.7951852551469565
-18.97444231665515	12.690878139176752
21.195076605746266	-1.8105528046175212
5.0598538921719465	-24.205370600129925
8.548331830713444	-18.29479630677388
-0.6246451377716514	-16.56757976017107
23.71458674913802	0.15158993473049004
16.438225865646984	-9.751397604415954
4.569094085155908	-19.227707762276168
-2.629606072615581	-6.922205046419809
-14.59327294983751	-2.622213999172507
9.90251773976126	-6.077440797938532
-2.2531593138614343	-13.344746264432036
-12.465469585744467	0.8362357821375319
8.818863995881122	-11.375701746031122
-7.721617132802369	-13.970616392456373
26.671582452878337	0.6575683542113084
-1.7318918974233586	-15.521277480891186
2.672690970565644	21.03704758773935
8.731438606646877	-9.209208163452393
0.48455611967407064	-15.759084746207149
9.590248765794817	-11.466435642925239
-2.5518484498781167	21.224891694652367
10.976407558744112	-9.280399499561721
-12.84597394954991	-8.213909959943061
-6.523270298864996	2.244781756373687
14.055264782073126	-2.723062840589813
-5.6556915518437325	8.752835026229008
20.35383219787171	11.427073752370617
-3.033911057361032	-21.760705529012828
-10.408053510445463	-3.2422383972884536
-22.11767323002957	12.458643876335525
0.16312457787567664	23.544086730247773
16.141237818805386	-17.081694915132136
-0.9495783159262587	-10.600139096172395
-8.391359116214653	-13.917397495765815
29.134198042723547	4.489288642927612
1.3253682844649364	3.1227196175731664
15.983697779920488	15.275705140111372
8.733795647439768	-13.323841279486278
-0.7763139233907064	-9.729171461412475
-19.533778107354195	12.51533184012723
2.3871498122790737	20.658874335525937
11.68583933632811	-10.373534645125067
-7.961368579094754	-11.006664779683268
-4.799969993000827	-4.619754414089055
27.75843883842345	5.287613244567401
8.031067918526828	8.679834621911448
21.586997638066997	12.52207089492851
-0.12270497536547113	-23.126826605486926
-5.2812222328073375	-0.7734490669274197
-16.847615084694684	12.355588287586878
-0.040196155351767925	23.817585738292514
-16.548665935809836	11.999389329439508
2.9878709837456205	1.6858197996411253
1.123067181134033	1.2659873749269879
16.066441396644127	16.07746307264022
-2.5675763058551007	-2.657826343248387
10.324315954678378	20.315160180751967
-21.736940291353264	7.9659510584542375
0.41836574746037897	5.286730307937297
-23.154219145967957	12.794156720166663
-0.6451192051705832	-9.105135016133314
27.108812654008354	2.1688652792237835
9.005934537962192	-12.336020237656177
4.731774056947863	-14.505862115848064
3.712368958454411	-15.948930501983087
-3.8681491258642846	-21.378129144366394
2.0615825696426993	4.7861756133645565
10.59861843160023	-20.338439330523517
0.9928338241759872	18.360783319378353
3.366440177502443	23.107994536424215
-5.910367227622677	3.1851697030632713
-11.232550425309842	-9.866604187684846
4.536003180679824	-18.126550621094868
-6.852849231747012	-11.829661999346646
-7.107513651415456	-2.691012898104754
9.593460782783165	10.617185635512381
10.390484216153459	-16.063152297802418
-4.270489918460519	-2.6950794458100447
19.593481566679753	13.182848855294521
-8.866693936410737	-11.719866428662026
-4.981296583245403	-15.469508986109732
4.239723561576149	-17.19740353075654
-0.013695468120103766	7.858514395294945
-7.979130004002986	-15.349784294438887
28.984898892779256	-0.227548733926695
20.86938708293771	7.656539433423018
17.604928683848517	11.920932396319362
13.165389891102318	21.89806122587372
25.142318267444338	0.1534996942181525
-18.115860492311803	15.319983178344364
10.260876555597845	-18.47928349110227
-3.618153137110899	5.443060738234621
1.7961960120415768	16.80227063654823
-19.997497241204847	10.235421307067421
6.699647398467243	12.04284802005851
-10.253713357777283	-13.074572284690282
-0.14142495070861738	-1.5667062678512766
-14.55435203918109	-9.751633889016226
4.047981175349086	18.29783381836104
-1.4146632313368406	18.068023160661113
12.796681304960698	-11.231954649564683
10.97240880152833	-15.741285857536148
22.922027317088258	10.012077778393024
-15.502455072307958	-16.02996042460702
-9.4631024053212	-8.622498906826024
1.9117463024206365	-18.374212999845643
12.617048251895966	-19.09021338649888
23.588858230331017	6.055607546631972
24.05415926887116	6.105996639533656
-19.824209184172787	-7.883047385573685
4.574753463101909	-22.677678925768017
-10.913023728189646	-1.159427071188221
-19.297230880723696	12.671438046405292
17.20564476203789	-14.91664708045272
-0.5542603670973432	-20.853916430388377
17.643743312529622	14.565298855886242
0.19461710653573291	-12.033843131224334
28.483331558668997	12.221813467442747
-1.544111730702638	-3.691418790113187
12.478372879849735	-13.185050528939195
23.56633354501417	3.415215885750743
10.08564802066514	16.99939405287536
-8.420163918823617	12.72586073499557
-18.673129072153337	-3.726446546042002
24.478799652820452	0.5701087376986776
-19.24243830843966	5.10566778175834
15.971733845366478	17.024061937901617
10.568217995872324	-14.223332548439743
-3.0931769527953907	-23.756446553158938
-0.945280459178423	10.051635911357026
20.24455832095514	2.3182454358212023
26.800271561934913	2.1995243089694094
3.3232702062684996	-19.36512499098789
-10.222484962386046	-10.106483068691967
0.3715641768696485	-0.5024366945140079
-6.815167457132204	-11.651790455743471
-7.873974689031986	-7.615000896193203
1.5174413759289487	11.426791677887913
3.9535953563212094	-18.77152417210158
-16.658163735261603	7.844553911222924
-3.9801024154260207	13.950770760345868
28.15888307302101	7.777581119518918
3.629410929570464	-18.036248516376876
0.10193201863025529	-18.56582547552547
31.68572693872375	2.804687981711901
-14.646388799967887	13.37395887844947
6.478448777193274	20.611901935849588
10.834587645592848	-6.916753159116897
-4.889102616194905	12.43699335058827
-0.3605557189233931	6.369190139688577
-1.2685064607551868	21.365413005750415
7.960015746268629	-20.67267483353723
6.997752176280291	-9.902471289408075
-15.91997236398152	3.3421124178593855
23.30846456516835	4.299906210663446
-14.087473679144923	7.881806071345083
21.33101831241458	5.370342100556219
-2.943829092072439	-21.08271647750836
-5.192958508216335	1.116195594523199
-5.483785498291199	8.00806639725305
11.30352984964221	16.950423277442816
3.1173687744336664	-11.971154931131608
-2.453093055809759	-4.822541524166201
-23.319785508211503	-1.9344748804391274
24.425137263196863	2.691222738512731
-1.3320394879831106	-15.820173485438367
17.110576003784544	-2.2884989102755093
5.6441995634173505	-12.957837997625514
-2.843510123445593	-14.217243654674597
-13.63427031978208	8.908584470020758
6.418296837523658	19.490794430032988
-0.028743789932864992	-10.313717540613277
-8.030268050937744	-8.7876935663692
-19.21621830775175	-4.546575064099757
17.50430973063023	4.632346020883694
6.1119669955233205	-5.397927286499613
21.354272346425272	8.173668622239253
4.775934548217748	-5.225040480502009
0.5053096686420003	-7.342229181605363
-14.589630279090429	9.365503011958625
0.29400021614010197	26.613065672714733
-13.648006657842416	7.304373759708229
-5.049604798515014	-3.690103439367771
-6.025793876599712	-11.158365389300583
18.06331955645321	3.372835847617386
-3.1412147190966566	-9.532624238958
6.158157397409708	15.82129155424682
-13.396123777510876	10.017759229441618
0.004891258657291474	-11.693175526933096
-20.668312444814077	12.912596110553077
-4.394183826877521	-10.738058032633365
24.968709600674043	0.7836409618645521
2.7660638105424593	-9.282419462843386
5.6150679530829475	-10.39185084221965
-3.595061264535756	-18.885409722177272
-20.896164893651257	3.058995229164055
3.091000650476706	-11.303927176848067
1.6839289347834812	-10.725832375661312
5.000969570608684	20.790706019082354
4.002720675966084	20.822858868715848
0.9621660213794421	-6.730222727610368
6.245817780288945	-7.355631858633951
6.900019648298877	-13.348083176695916
1.6732405759678235	-10.047556894844751
10.720133902341228	-9.236553988213894
10.387602069038595	13.993672603316542
3.2355850993190374	-9.557476798393656
6.708390562461475	-11.765568103717882
22.396584185083388	10.632947830193194
-19.402634669492578	-8.140951613042771
-23.579923771193354	3.576074377700386
4.737384813262653	-11.832432951096264
-23.94518001426167	0.6153420283951285
-21.637788013566787	-8.792510862625031
28.2151426295809	7.415975754748047
21.402316159449637	11.11874960326862
21.37506800747988	8.225902207092474
14.796011310770178	17.04799598259635
19.442615859893902	-4.393131486658039
-7.692216098760376	-19.204269898008306
7.872740632091312	-10.86776625777971
-6.126993917190719	-5.594164196598335
6.333493919276223	20.205444486463545
-18.425274578903213	11.856803480718728
-1.3509005996967653	0.9929552785033956
3.053268887428085	-9.265794534254015
2.6946664874792274	-11.325377516627254
6.519204140151943	-14.005518160912704
-3.486671551111418	22.877652374243564
-1.2655020962809407	23.808536954234857
0.1855520727615529	-15.603419613377888
1.3363532221068686	-19.574678503815633
21.686336061217776	7.091353370908534
-20.22921692605718	-5.33384025143385
-3.5961979524797396	-2.3714527369854017
7.445397409839862	-20.85690212671312
6.528421473599939	-3.717332614159656
18.135379057892766	-13.183202796821273
21.986663632735294	2.243580585473564
-24.096684253201033	-1.7661368738279
3.2437837350083614	-14.062696845102552
-20.67974453755569	-14.851266059372419
-20.142413266135463	11.993455654356769
12.635380053690849	-20.15547914297652
-0.13783237490245454	-17.477898552332576
20.061685439435895	-4.707289437299223
3.032206531797087	-10.34651952104682
22.653139156001853	0.6383439549058844
-24.690359540302996	-5.26321012416046
19.873304051715674	-19.107452971422063
22.743163636442873	4.895544439163018
8.564131223714599	23.486645025559042
-0.0008141401620278821	-3.852822817452033
-14.24753905213194	-23.05275313385395
24.576131936113534	1.2618144004277232
-16.47634690575637	11.506260369464794
18.062692280157748	-1.4082232425922283
-0.8265953655063114	-9.097082847009187
3.770079420501099	-11.267653161416558
0.8417058686430082	-6.96300002401319
16.76209963895108	-1.4030591972590278
18.799610150773145	2.6906796889690554
2.4487540555131257	-17.637908395430074
-2.0189939383392415	-10.49457916790805
3.704117239215831	-11.204456408025306
2.8095589603883604	-7.485836811760505
-5.042675809795556	-4.651514133860715
-3.1518455197777437	-16.192405136799263
0.37055513119915884	-15.956270019592694
-11.895553586656343	11.597677848017467
-3.2769165816803167	-3.6671556051319314
16.6645480015995	-12.089947989665085
0.019457563092390013	-18.824846227242112
-3.668681704383431	-14.93896382176139
24.592686518483042	1.2183083845264986
-16.200939577434717	-0.49456346287365094
7.599115982845979	21.077551293145984
1.7733785735737222	-10.803651910716821
-15.35309398403659	13.88483521929716
4.376621465102445	-15.673066411111643
2.027907695342324	24.16633646258963
-4.036568097591537	3.8074809524472606
-8.35459044659229	-7.647694525665961
-19.698057129283075	-12.035159072404465
18.347349047951525	-14.936075952372338
-1.1167956618887305	-13.15536080217829
14.588292770427929	17.158393376213265
1.0821367340512074	-17.97506623880784
1.217387425271323	-5.308518485773438
-18.360444557322996	13.994221056806365
3.590864221781081	21.454112986845562
2.745397632211064	-7.27043820135522
-10.07413850610728	-11.570871105335002
-26.969983700578332	0.8761556924635602
22.355979506020912	-10.876570782498355
-4.388950866707934	-17.478130799848863
18.046560548200937	10.360109297288703
4.8539953969588066	-20.392908521954723
4.166315072482934	-0.2884888371249597
-18.469774071499337	11.822486990587134
8.117207750915414	22.260296396576255
-2.2378476747582323	-2.4940316885171305
-12.03326464723218	-14.166039889621022
-16.942248613320636	-8.084512820320972
19.662317241951488	-12.469194173669617
6.316632366094596	-2.2230371083952147
20.04923072803458	6.812778420614799
3.75283654387552	-19.634525364120734
7.148527165745269	-12.256265207121071
-16.187208484835203	11.589237048713848
6.014879958438902	20.851397971866138
-12.947246157843265	8.368875674237964
1.576762753190325	-15.460579980420887
5.078341577719841	-10.950076724920844
18.254257556812338	15.506831071693346
2.42292525900301	-10.254795395634373
4.27673259128219	22.45905519009592
-14.53345264128967	12.251922354820083
3.6342913905842704	-6.830032372607455
-16.89936062551145	12.685367414621757
3.9811646875207143	-12.565025512220778
25.38183745010698	-12.625010539436149
-2.2838935072105726	-3.468804658822779
0.10104203329290504	-20.00685815760459
-2.1925505011330326	-19.641979748741527
-21.640927907122734	-8.630437056897073
-2.449336872294224	-9.594884930153873
-1.9515179442519106	3.6528893819385524
2.8810619624135607	24.151754433313307
10.720317369871058	16.223816349593378
-9.68449959568062	-9.649277486237695
-9.791677885971536	-12.54099267347318
0.718710940841862	-22.18424850547352
-5.029838732346563	-0.9746672287708386
0.31055769263302335	-4.564212738659951
10.587585572065406	21.426944258384843
2.1240421956788675	-7.404151080214114
-3.287852035555955	-8.853029332887312
15.612326108080033	13.301716561586986
-26.15943832461247	3.399948408440116
-19.15110554265429	-2.2003355264907296
8.888405374520982	-21.05957402304959
-21.809963004231513	2.300256212224396
-23.02187287599585	-2.451209559084677
20.38003143953645	-10.490751044656701
23.740743897865965	5.412734617256117
18.384619067899454	13.342893634193798
18.86351875938155	16.664296923695655
21.067333923927954	-12.789187080613706
-10.296566700795202	10.44844712890885
7.157984631566508	-9.845086837816652
-0.08648939952393533	-12.397886276637559
5.627552700782936	24.44143018910575
-15.033410743035184	5.36978450401572
2.944605169052286	-3.9229774662733883
-9.108244682819752	-12.2501554480788
-0.08525429730497189	-14.673229588259655
-5.453766185628339	-12.553998840728797
14.868597143604891	16.275032372100746
11.318388840339145	20.70404442463842
1.4611247010772146	-5.4161300376346055
1.1148999942215907	-23.62720506293398
17.277243055006654	15.926285122461664
-20.36849964937741	-6.768373644666442
-5.316828525663947	-9.346815262144947
1.0896103379882602	-10.730185193408149
5.711455412858538	-19.817636419446472
-18.2297801135047	-9.563598820173862
-1.5676781583232642	-0.2959474989989551
-19.85204588825358	-8.791411207498903
-14.030327336304657	5.181644405356236
7.58338268364343	-10.792403060492562
-1.654019245415071	-21.725317043190618
19.501136418958215	2.286366315060678
1.6991027190639838	2.8954654960575774
26.212795754831255	-11.885145925440169
-17.800499316440032	-9.031679331313505
3.913174919252793	-11.049625719009398
24.833934550308722	-13.099187543577594
0.11244261934947214	25.13634488020098
-0.3394256239026766	-11.003345837143721
-13.562063453692305	-9.047845085575267
17.446716149841553	13.716100321432748
-13.959591085457227	9.590499385850727
9.874901480847385	21.545669287894533
9.518032292675448	-9.760679512072665
-0.27110869938160065	-20.905266863767466
7.710015056175936	-8.716279611110338
20.790380617206207	-12.864678377407907
22.225405248873237	-16.00460180044745
5.570785358359503	-20.39724288445148
1.4964757136138471	1.4028491389417848
5.417998900700262	-15.81025318338218
-1.3322721259311707	-0.5505042702856773
-4.280554439663377	-12.00248446475697
4.468242649411552	-11.012123472151842
3.0769180712531496	-12.805258929313275
17.634609162789037	-8.143059528269548
1.368206346916647	-7.485968296518169
-0.3334322885459187	-7.950090152465654
22.77265840652794	-13.22640044604622
-8.949248684335535	12.730460958807438
8.010041089021337	23.264104140340244
-1.6875956833973864	-2.8684941936032864
-3.9808404753129425	8.39003256083361
5.309861393281915	-5.357995080916537
5.658582422999554	18.714804600430586
10.896889661403044	-21.227501838693062
-10.603661863144513	-4.308462703295845
-19.409316633323556	3.2835668950250936
20.921320178514417	-1.6082272929986818
-11.620003885996796	11.276552434631135
14.577960701046539	15.683067746770353
-5.684653352959291	-22.389928291580443
-6.692514883322115	1.7002821304945244
-7.883133273061877	-8.648031713119794
3.160640242324772	20.717635599662813
8.725678861692487	-18.65062775498009
-10.736817045371401	-6.661087025264496
-15.80889280890308	-1.1890223817184342
26.462947913443987	-3.941067690244009
-6.189671876380031	-17.555421781543224
18.324671337238456	15.170656892687207
1.1385940357734032	-17.75301769176272
1.7828182272180702	-9.149485566975121
-4.251840340558312	-17.05514038273567
0.6497564698399256	20.856107365015706
13.492104257883401	-18.175404670143646
-13.314429964736128	-5.212329068862894
-22.431006165435207	0.8912883096788788
23.387083388929327	-1.024111250065118
-8.947537209324096	1.5043555878816925
14.998861149814598	15.373232526300908
7.41965274595392	-14.386623378900952
7.062403822562237	-7.718428926607937
-23.392450916188785	8.676712111304461
5.745970855698068	18.516108932178618
-17.36261109289558	10.682543018002757
-7.491833301664529	5.186836404291038
-7.018674376298027	12.79258919728928
17.82448312145915	9.977711330634586
-8.5212834676056	14.442928250386318
-3.1946249854765525	19.006413208269276
-15.154477290436068	6.745702877137877
-2.654337223440386	-1.7605993518962553
-16.007538404161238	13.777140094082108
-1.1849229766784235	-1.7245045740753644
27.637394219115148	4.089001695451922
14.116687933108535	-18.81669100558278
-4.255329012237352	-17.64983386026706
1.325249278478911	-13.631083230652136
-20.509068783644814	0.053131207552398016
-7.088669096171234	1.3887194005047994
9.683510565035327	-16.800605516696795
3.663961413474005	20.567007673784005
-0.6693024948984064	24.829541402565447
-12.358006012287431	-1.4913333403762299
-10.097880144153178	-5.4556765049338525
-5.2313166614688615	-19.565098240985872
-8.145813491037279	4.392013375560042
-13.20322192925333	-8.816650108700316
1.112584542280528	21.368375462520117
5.515010628236181	-11.542353837533632
-12.292197303457652	-3.564833323795776
5.47886583604671	13.495917721095484
-16.286469467627356	-3.412389064825071
-20.635498800817054	-1.9773462282314322
1.8986479772120066	-16.638977323541994
-25.315540360669903	0.5347252761458169
-20.426520230644535	-1.6417554144858666
28.936576899708655	2.7344727631540495
14.164677333417238	16.859493219011505
14.677503071101885	14.988311745398386
19.165013629973704	11.223232990404375
26.06467755211297	2.538775145711463
-3.302824576493187	-11.295615876989364
11.374753792942618	-20.460142733559376
5.348764185375802	1.0824628427277085
2.0336953548763375	20.679264508992933
-6.911722295584543	-13.672330914244826
-5.546065402232363	2.6864287870566788
-15.464185641410959	-7.748225017515949
-4.783142104372197	4.488223171110154
-14.903470784966542	-3.6700197594955632
3.4293548259770623	24.63742389595335
0.5184862213922472	18.030380080720573
8.155972282233783	-25.244466493752835
2.6251076781851475	-14.255911833339816
20.594265984947096	5.285807537889291
-20.527947820675696	-0.5733188140067851
-16.023221565845798	-6.206470621586783
6.88462697317018	-20.652084303060445
0.9778014480338002	-14.222572942536454
26.39891858944284	-4.089970537832513
13.9736612277954	16.85245414187915
-25.25675882360346	-2.7434985898054403
10.958817608232843	-23.186577705539822
-15.914738385051226	-2.6445318359553127
-7.201241790020001	-6.109172552834946
10.106052099937394	-20.754704766684913
-2.0172958935110947	-17.39215166410303
17.378209441689396	11.280949165765218
2.0430402802029772	-4.500438988781784
30.35476941066527	7.785613656783232
-10.347246649737949	1.0025265541412383
3.428919443015679	-25.2243675549811
20.677209229809733	-6.337192467931249
1.1211044350651604	20.305737948887
-10.190711495636936	11.604634726383056
-22.322820049956206	3.7636749977646495
17.14600316560793	17.63021802974081
-7.837708602889825	-13.323085178258426
14.929774004507683	15.782246806366421
15.14908152217929	-12.6450661240885
4.370192600788051	-16.97846908013767
-7.795094497546723	-1.2022054720668505
29.53773128498792	9.384759691934208
28.19265445430022	-0.7026970746020548
0.11076417930698854	-15.977598881742386
-13.585425844566407	-5.008401016221676
-7.001848775338017	1.1342216260205582
-11.500617123018927	-6.742520351088226
-13.002179872626213	-11.117583394372321
-13.4213937073444	11.443590069285989
5.103232743605024	-12.001068112183173
0.9174860157865043	-1.0853014465768043
-2.1293067874642007	-13.907397176004016
28.900975747093693	1.6972626446028671
-6.859761568074112	8.299876837736845
-4.950574409734494	1.7599707185366604
26.756029438615105	-1.1811535155694706
2.2735149085459714	7.577827506084601
2.4101114934495462	23.969967898241645
3.447216223118031	-11.915006837595996
-0.11079355163371382	-8.284937832789392
-23.727460154365446	-1.8458613641740236
-5.21882046594535	24.94893544102485
-6.111177776102788	2.4091676756314113
-7.675040535762006	-11.246461842049117
-21.325538567471266	1.7024622653198054
17.745244905733205	-3.7268678806752304
-10.111785927745599	-2.8719815560352715
20.866937113337514	10.874671662464987
2.503638329618278	-8.474568870030604
0.16981010493187026	-1.0695471728249593
-19.46960743905748	9.723985932969816
-0.7149323279176889	25.042537446043546
2.4456693938413023	-10.496687913344728
-7.125756436373338	-1.9296958331325411
-17.3805921486368	8.247059002430545
21.914873969983482	-9.776692350642893
-1.4704607730921242	-8.035694069496117
14.00295071076715	8.044802482411882
3.312537956644474	-5.441148879352751
-3.807237798660622	-8.257501275806664
-13.725604836405196	11.087059878392985
4.457009112710764	24.016769753637536
4.474846668384947	-8.504420197890136
-6.1115483642151744	-5.923814692943927
-9.260148756285384	13.648953389456727
22.123658681889978	-8.110274816824907
-0.4643212853226867	-5.873258970232679
16.189379221105497	10.195886075605932
6.206223956166837	-4.693379420075902
5.080475629527034	6.786710421104433
-14.585687627451351	11.375616382817778
7.526883701891966	16.913804903492444
-10.56886443751549	10.819872599132925
-15.254377513458742	1.1992058612623204
-3.500860396315221	0.4735588648683868
9.973909469956633	11.116184889933686
-12.250693849491864	5.232796235871783
-2.612650619611304	22.531167808003772
-13.210826991025128	10.255056388113948
-4.828524582659405	1.4776556819426385
-20.754215409062923	11.783899271113047
-5.4935373455115695	-1.8530323838024407
19.162670208107176	-6.356059134946192
-1.4405334123412303	-3.391889790230264
7.131256205723363	-1.9339582234860924
-4.377138668529108	-16.623826824830406
-20.63263869450312	6.655972872333401
-1.5217051771355332	-4.543641105999216
1.4492547996771667	-7.81108585855548
2.707017721963415	26.463217264295125
5.416287100478738	21.393476211540893
-10.412964437950835	-6.188668422992319
-11.643798851799797	-8.572721038569416
2.487867065397868	-7.180032773156996
-7.029549409074218	2.63534626422979
-12.472591602593122	-5.040600176811124
-5.400436100963551	26.178234131708486
-0.25771659917181794	-3.371560816051125
-11.802054971376025	-1.9648911534661417
11.197915383023119	7.300170559845047
-14.15052003121209	4.592493840610001
-11.44795958973531	9.731915637217066
6.15867041654141	-0.5456417393156819
-13.883465875166106	9.731105803943048
-12.862686423021549	9.179978795856757
22.585385462176184	-4.849684010089398
19.361825017900728	12.782643897465663
16.795836787253194	8.098585748801883
17.57492798419623	11.8029761172871
20.23467070889305	-6.061163957029915
-21.058148904475903	10.98399647441917
-0.45662250654107667	-8.114882799135238
-5.339742342409549	6.147983428411646
2.131764352371072	18.786708098546224
-11.865466168721854	7.077599830545076
-5.753965601667602	0.29810090230267483
-5.614307229789442	-9.91422782303585
-6.833207747003539	-3.510022920445108
-9.062695239228546	-8.38815073472386
-0.9063391107739847	23.843200366339882
0.11374774852463788	27.03703546358533
6.4661891861484575	-12.745466245041733
8.885238746017853	0.6715975549246428
21.05195878065168	9.438474512985348
-13.626366880915286	8.150840720807473
-5.992678324009282	-2.8687449304909536
12.590003429340966	-12.074028891407515
-5.184838500053687	-14.140871071559856
17.39519807932871	1.0732571799717197
13.58154175641669	10.88036057568224
-12.76265447027759	8.029189556671902
-0.33659089200664405	-10.668069243982643
-15.900621098902883	3.784666364651866
-11.820071799279338	8.851921958374433
1.3865002923072551	-11.196963843157658
-1.4520865693498566	-2.3401589670786533
12.765070353717345	13.282308493876858
-2.349060038800903	9.19739462544637
21.26978054977289	-4.504761761603819
-15.183275296137532	3.380418548105937
1.235760649226196	-5.8727164026370255
20.76263531581922	-7.041734563798172
2.8771040258827867	22.47974485575845
-7.084119992488138	-3.1950947857692698
-12.145293928627213	6.373279935616463
20.90728959244573	11.308625942572004
-6.633879315877651	10.825124905108572
21.178087393291182	-3.929939504144658
2.233792867842424	-3.576025244127813
4.890776139304149	-6.2540468089254535
-5.038237398011369	-2.093929993044166
15.003828251852529	-3.3784185656787757
21.570651216232786	-4.087471359060597
2.7724913107538955	-2.382558242578681
-6.45338776582814	-4.073620992580687
-1.4782814071838037	8.185758818151983
-11.185224931822825	-6.801705704626029
3.034502086939411	-9.921461292842222
0.5059963028676909	-9.934738443677253
-1.3960219272180623	-11.15379764204197
-11.091212718082966	13.308212820984757
8.459528730285763	-1.3452284920121425
20.27667192709349	-1.8723295802823527
-2.5808453740003965	-4.088626758021165
0.5617433296759888	-9.359469198318738
19.05547688395975	-9.513206648648657
-12.795257065049901	9.470731827190596
0.6236151073079164	22.337058572506216
-5.9192000760788925	8.709902488691478
-14.66682612714165	12.655407311818893
-7.9607908962026555	-2.206250182235089
-3.557932749394052	23.953922186539675
-0.8696173503034769	-5.614014732348906
-3.0578364382438084	-3.8375823288894666
-14.02578351290282	13.457061161309941
19.30067899146681	-6.470207662077212
-1.9973505536549527	6.302893939300147
14.03581780550169	12.279137379671551
-5.768500162199235	-18.4041521029494
3.5006368906076664	-7.939140335269396
-7.922673668856862	9.898706369310625
0.14815637312877333	21.91310987111937
-0.2475471281395773	-4.0445964274306725
-5.118283902292621	-7.414701295299491
-19.239953436149257	6.401740004582109
11.767715407962855	-7.576135309628578
-9.974814939783222	14.495691459934578
12.66290434092835	14.740203065368792
-7.184151066472525	-22.183123060948407
3.824942100234652	-2.897728040950253
-8.63550293373333	14.015452717609321
-6.48718831429646	18.315221150499394
1.7112389662719845	-6.409344219630845
-8.150033782924552	-2.9994962804407193
-12.128996984496478	2.242239633837161
22.314750749661126	-1.391277222323347
-13.668987186121985	10.883533615877019
13.139631699061155	17.25098514537341
-2.5298886005325003	-16.041455286905375
-3.7772707964396215	-2.1570035510565884
-13.69171056998453	9.347558115456636
0.17964019801471715	22.17069720941177
-6.13779030650985	-4.781982448265124
-11.98230654713128	2.3453571269808338
-11.304652265182856	14.400666662638088
14.18113692859569	11.748162741572507
-11.608885598443901	11.715931059833025
-6.217724695036062	23.13457783262101
-19.4475087371211	12.657747150206776
6.031293139831735	-1.6307353493610695
-8.386633806707371	6.263158152567769
0.33179471742041744	-5.713548590820865
19.17666568949289	-2.8331495483808635
7.380232338152566	-3.5856873163041465
3.7323590362527126	-16.58506626720319
-4.309083855452658	-20.22536028906087
-17.96918889617467	5.694662175123842
-13.254372757742598	12.142102954270294
12.006068814068946	-2.8277808097213857
-2.4672334684458015	24.651898999368683
-4.942440647720015	29.250219563707617
-10.291911098696378	-8.24433173202938
-5.042167630239531	-5.263863934816365
-5.773286831094121	-16.63116706428674
3.2460521639291464	0.305890210723257
-12.654220687231572	-5.49210110641049
3.654186038300214	21.169992964900985
9.747139815946767	-2.9301942706819784
-6.284608915964417	-5.841665140456011
12.886409626755208	8.258196009849952
-15.058038460351064	8.029836651441526
-19.709669244891995	10.26800241326438
-1.3754389158347282	-19.18698506842422
-10.933684050672285	7.755176481739454
-11.782819739477324	6.73906679820023
24.768264584742507	-2.5038025766213634
12.783982622297168	15.190671373631602
18.331946267655223	12.400271298622544
12.510914232006433	16.0719485106107
14.691295235064542	-9.210859101787282
-13.991120488653964	13.988421955943728
12.108931191003407	-1.1873651176094604
-8.488507613405394	7.482799614962278
1.6555722563429027	18.893600892481118
-19.130702812542783	10.249070741803692
-7.980788242035858	13.620909458482041
-10.572431166174978	-4.195157039735726
1.0706621019031628	-1.2280222407414119
-12.948070300803309	-2.9247948775099246
-8.591963052141418	18.156099940162772
-1.8033602388113485	20.167159440427362
8.310534722649644	-5.352966267593632
-5.560130408526713	-20.938979830946057
14.356002688232937	12.417784842126693
-14.246049513942069	5.7665452458057604
-3.2474989858791976	-0.12711684499802922
4.977828923885233	-4.672883211175509
-2.1140298753585203	-20.851973238087858
16.909416190512022	-6.4764770954666595
17.69887269874866	6.073253328400154
-9.39893463107507	1.1597243750840898
8.936621573954946	-1.7314865923685043
-8.305904941744224	4.539088143789651
-10.225147422786842	14.685536943181896
0.36445992778389713	-9.247585559303563
2.7289778039965227	-19.32413126390989
16.33834159556089	14.364655038334645
2.326292664885679	-6.1919165766571185
18.56074820936817	-1.9775574010162458
-19.451628197217378	4.255716589793229
7.875378167354541	-11.578630219650451
19.92515734588918	-3.6028939613440523
-8.744718834415842	19.156706459144132
-11.541606193182167	17.14278145965131
-16.964257252799943	6.477759602587672
17.475095518402345	12.693662147904877
-9.17121725585377	11.221902511453385
14.437119910972488	13.96186648889159
-0.2246293948401734	-6.322648789433904
-4.638004770322339	-20.395299727509382
-10.585411459764043	6.6978264577153706
15.670284019893252	0.26734743292980845
24.43790052679303	-0.8283119216855134
-2.8847336990325236	-17.456535449759837
-7.612266387840387	-8.70522004683149
6.545964818261221	-2.392989393520537
-18.993924826678413	-9.27507738908891
-7.409080774958531	-5.097132919238898
-1.839683150502395	2.6080532349771652
-6.423662577935549	-22.2547842364364
-20.825826156263357	12.467517488141592
-12.256549143334752	13.249112657206801
12.405772337957254	-6.243359725038245
2.1283638068693707	-1.5550434775728024
3.640079463863886	-10.456202898687003
15.047265044788949	-4.287934607643891
-18.467295714239018	16.386059227269413
-2.8869171978869743	24.7397227940527
2.541715113183535	-6.730201295883246
-13.8024350666644	11.465301280904063
5.641197320323251	-6.584497124624417
3.04471863262781	23.384888059842748
10.371364549952046	-26.048389623260064
-11.213597038460614	-5.595148756721093
-15.912430839989478	-1.4943804560161071
23.265917912626808	-10.432599477878952
4.458850149384234	1.5939941949256793
16.806489548374888	12.643729082660371
-1.6532145807474967	-17.67905756510585
-5.86166898274671	1.2755614557470256
2.4457498773320103	2.5770323914859437
-0.8906853775586893	11.459157437620194
13.656875310812662	-16.019686147288866
-10.516636730833476	-3.0438413633468113
-18.65649993864732	7.8134329719020945
27.235257047899488	-9.303518653933025
2.4180173901727966	0.339909670104398
19.33042957270595	13.805296381036733
2.071326628358594	-18.885942086344592
-1.249041777065736	3.8720603413370926
7.758389710776452	1.6629389246053574
7.478185527035194	21.137763622295733
18.089267064077923	-11.097755934380707
-14.532914918304902	-2.779330931110967
-14.628033906661793	-3.3297563616547095
16.95240466061726	-3.710150567656847
0.778727999378101	-2.6490088008819965
17.321007435045615	13.739125704665252
4.043024147269017	-12.93050984373609
-3.302006994960939	3.475434801712811
1.6320528604127351	7.207749724053746
4.899435120850881	19.363943841636132
10.301109537377489	3.032153699558318
18.17926874006203	3.2163999270890202
6.354403477569962	-13.662671380258516
20.299650544397288	18.17278643533531
8.414469308539092	-8.013670256920966
-0.007015599676391954	24.98337407944519
0.9434870322694326	-4.487250707647774
-3.6678646497404905	-2.6365638409532854
8.493681450796945	1.3218588341871806
-3.7544075994669934	0.044453630700860294
18.41075821070547	-10.692930169333989
10.214036499855661	-22.24607773208555
14.58028720150827	-7.173036843324331
7.843949174508196	-8.37639950967851
-11.767513946758179	6.78238019916776
4.3607809090708285	-9.652680857788294
10.277732246235907	-19.463968415872284
7.680096169752329	22.406000942762727
-0.03967564815847032	13.16713965766449
-15.11467952417632	-5.923490353437149
-10.914350533667857	-8.226944359560457
4.1234469146720425	-16.24120523019918
-0.5402235265235088	-6.147364171370286
-9.987905119953451	-8.38068357918821
14.654608036580996	9.4396512900466
0.5849894193975568	-24.240540084939045
-9.696334933279298	-3.0370647483748465
11.918613299860077	18.09182533077656
-24.391156885486794	6.577129063724908
-21.880742528621173	-0.11417528639023222
0.5608588730839723	-16.994980670137018
-24.33212033974736	6.4011071190100814
-23.356919785225273	-4.09477221136083
15.712870558746326	-5.934460074881224
15.447124263157061	14.787536193921792
17.53279321292133	8.715048114271557
15.189536006817947	15.644014093661529
22.3934440734751	-6.654685656355254
5.310389297664232	-0.3161669794254412
15.092353556452016	-14.161123590523578
9.736531836186535	6.007167526432495
8.477749214414798	20.074371198071212
5.203400218760429	-3.11174062361891
11.593302273469652	1.877030378762135
-13.722800990981781	-9.823164078263517
-3.4512470737210372	1.7695467509056422
-6.173286157499052	-5.619176984450865
5.775050283469245	17.835120920137033
3.792272398508617	23.190377070549783
0.6245370080543402	-26.322853124549944
3.7611972390683963	-13.53418340828021
17.917925271518282	15.693916700983985
-20.975592694359097	2.1690999235810273
-9.70931150731905	1.3528733568900162
8.0311223543335	-14.89752812782348
9.759617058684492	-9.89376101297543
25.261171896785253	-6.794418982500588
19.95962334562322	8.785463742746064
-21.291746383875456	4.8365586282097395
9.848879278022634	-16.87788879394119
-5.163313701351526	-3.759892783106536
1.0155004724284216	2.6242143355074794
13.8441567999102	-18.4275100295349
7.723667787349213	-14.615077585038405
15.18019763961897	16.86570299114882
0.31135217535865667	-8.717707663141855
19.436976930790923	-5.602577036075895
-9.787861922083232	-0.15059149360831275
14.773708911771372	-17.535515409012902
7.721230919516579	-11.80442002924357
4.334062322787594	22.512880644243047
-3.60404602836234	6.8322791906123355
-16.88240711248926	-8.916488560854507
23.05627792895766	10.566898475694206
9.839257679935178	-2.793610069662309
18.16436191410249	8.23320262304105
10.737871984692767	-22.159291880031496
5.707924329770989	-12.52757547153363
0.9351194512691815	-11.08260980332758
14.93083446977346	-0.6687154681782357
16.01671839163431	-9.893878997645373
12.64347836550305	-8.312962787716257
-13.905433743637957	-9.767430271289774
10.049121370935117	-9.398236677768642
-13.309848054446764	-7.4757045393271895
-12.398426181704522	-8.625221223277565
7.816839973516182	-8.377741398397136
-2.445860576316865	-19.852618474490455
9.252486785112772	-0.35205357801879683
3.9596463096176486	-0.2225627479314416
23.34445968196182	2.6437462175086703
-2.6626526264968953	4.860760317380811
7.21038889255443	-4.701877701626997
13.811460444226242	-11.397263100751482
1.6636478461005135	3.5424907665468988
3.322193397788502	17.304348779168702
-0.9862483105784712	4.722320062078611
8.394007185571006	-11.048792497515036
3.4842367702406967	-3.5042031707611154
-3.330580958445691	19.81732613418092
2.5123947844095986	-26.752639629500322
-11.587457441693022	-8.666047723022581
-5.317705393033678	2.0084073086465026
28.25403523683069	3.092981858644181
-3.9184509725491052	-19.901738447568864
9.001386908159143	21.037941285470453
-2.2925890243654847	-16.261103738623724
4.264470624687661	0.9559339415771726
-19.46004185895101	13.869348240828232
-4.112551143290829	26.535203044000657
-2.4877409207093364	-20.495593918939505
-13.559172218815018	-9.742685015902145
-21.093978102708967	-1.6637770221174457
29.7672000205239	-4.180931052375092
-1.4289905167926646	-8.142368723179745
8.056005325404008	19.841793915163752
-2.882757681586544	-21.28427525443567
8.365774841919256	-3.738377044010922
-8.926767803800624	14.960605650937792
4.216642925105447	17.9666345792388
4.16083807118254	-26.307330082210083
-9.90220561619214	-4.7994474755474235
-22.178109511442255	1.801733235363851
25.69577998448179	2.5321420792703178
-1.3025913395998785	-10.457715523285959
14.546340270034262	11.393052480625048
-6.83455472011305	-22.7585405092947
10.326665428180563	-7.89802215781946
-11.379580748173682	13.629124453983476
3.8863143326247305	25.20472294567849
-16.516348770169138	15.55177768171399
-7.768716453919282	-21.77116828691137
8.225377722858708	-12.3999967477955
11.095449648130069	18.513300885379167
-4.385307760378878	-21.440804837648336
3.6353770447213782	23.52723804375697
-11.099109277222919	9.151185329031005
-5.74377781404071	1.4419270514529436
-17.720016810167706	14.636270798298614
-5.563578927902734	3.337846216177614
28.930341291598385	3.1870838208116936
12.37483568945115	-9.475532421345866
-8.180532994221863	-18.033806355015336
-3.128683452529557	-17.157977881428504
-20.533640021909456	0.19940224241926732
-1.2881031036768027	-16.475332600494788
7.525784070921689	-18.890818695028923
1.819793532326223	17.75774131533039
5.4321700988425246	17.251607768752148
-12.522136877876028	-11.820561622113626
-0.18882993065846793	5.9095881220071105
2.8151575539025693	-16.54606010075092
0.9732030543720004	4.952279265452732
-9.393365808482425	-6.679411453523577
3.724029021276708	21.629984880583034
-0.020069079050618076	-3.0567830594785526
-7.383905042205262	-8.90099326733691
20.477729382833996	6.324436008352267
-13.902180975256657	-6.658062737737655
-12.326831766108162	-5.767827490229791
-7.437495606635919	-20.593044263709523
-18.67941283938286	-1.6478193461541504
-16.317018625202795	-7.026266013064074
26.982143933867942	-0.9031879095234449
19.641233118988637	12.723625185202428
13.890004991162186	15.005922544190778
11.220292194347897	17.27139069503225
28.855341362946195	-0.7201418777011631
-16.62751254839475	16.666299921792337
0.9089481824634332	-21.45728679765349
-2.966868546180624	-13.539388767827656
6.65363176675719	22.344448237114783
-12.432109361805214	11.049412188227855
-3.765642013798176	-17.04479771605736
-3.789495656916173	-3.8647558231123615
-6.046668521350373	-6.853253152242532
-3.163427579179324	-2.004634565937861
11.688553370836809	13.074915975644409
-5.168512063507959	21.158112473563843
10.99000133545818	-12.794673580111159
-5.247330950888736	-18.674598476681588
18.991374903726275	18.414217983293245
-21.443586488911407	-0.4304223107962607
-11.751549283594196	-12.368832245805466
9.354478998086739	-19.70887774419697
0.8040229674017458	-17.361972997292778
25.297235065504932	13.553390600274785
11.100992098071528	17.38309845775463
-19.123287511604858	-0.9271859227540814
10.318055045415202	-25.28190287032647
-21.455370868553274	1.2248164803849477
-12.614977775594548	8.250639634606923
8.982715540292467	-22.673513893005182
-1.1876533609896671	-21.29759302355055
13.293515550971895	17.08797738635139
1.9339258233904069	-3.66884295515724
25.388886838963224	2.4656294311996785
-13.888280230829011	1.6204918794066427
5.686644592180731	-26.06412083722418
25.76308549086452	4.36589141484716
-2.849340330349506	22.699208639886482
-4.270809612915038	-14.610181812451012
-17.362957552418827	-1.7808650929415446
18.87782127175864	2.3335298711472574
-16.87641431150464	12.786618513255815
17.370130172979675	16.228350378786704
6.225097045888661	-26.08051679731449
-0.015919043211129445	-18.649832790173917
1.6054792282871357	-11.979446875909435
27.289678768884137	-0.6212984362476243
28.70270675661108	-0.36650952299786155
-2.25876566875583	-19.290541493255155
-4.162994219789229	-2.7496385061384347
-1.585143241652474	-5.498173249617335
-7.370463474738988	-7.024602969756277
-13.438773989854035	-5.253769395880946
-9.319903961046922	-15.074866014086487
-7.832487455544743	-20.173729452551722
-14.76389943938447	13.870021234610183
-2.0856138982337775	-12.900351530914936
29.4951565386153	3.9145575646824873
-1.687174963257921	-3.453070272197849
0.22011375889037937	7.704477129346014
26.41935867673969	9.425100062276767
-11.401877961110474	16.042991485700792
6.811049199012085	20.922486604652168
1.0076602979900897	-4.286448834498113
-20.854755281553658	12.032309153997298
10.450182563465937	-6.816321373106003
2.9260592638911014	-5.755923115571556
-12.208748554980307	-11.218224533453135
-19.316379452437964	9.062184566760479
28.186310339768603	9.669575489574509
-9.405487947155736	3.5235148363680984
12.547066936750953	17.709953058266155
5.1184964686060495	-8.549887735707008
-9.009560945069701	5.034177866074765
-19.579712835787415	10.853696787510998
-3.60068014169027	24.935748897206874
-1.8132412796954533	-6.983548102543763
-6.967042641730573	1.0554540341244742
-17.944757721606454	7.797084535365435
28.802490498275965	6.92437227236176
-13.070979864917454	13.584358412251442
15.735629720582331	17.164819064802703
-3.1383853666575092	-14.038249047229826
-9.632136091245922	0.8226619117284111
-20.04527143909548	13.938910580214577
-4.398356334353738	22.72942173874252
7.915739115178592	-5.259009512739603
-15.93284060782416	-11.081466098815724
-20.127278325231895	6.173181011409441
20.42298952580714	5.453327190886855
-13.13443311505306	13.582840322137997
10.28024846260902	15.972073772730191
0.3172382847161823	-12.95796590266485
-7.13419098773021	3.851351935132458
-21.745440563123008	8.922427773765168
0.7095141372144866	24.45523542231403
-24.990574461520517	13.260021291311423
-15.115047708027165	16.8064356287852
-13.826591314394765	12.579754305703558
15.393829800211789	16.528593806223682
-15.797163890066031	14.959492573714327
-6.463742377095931	22.766376526891783
-17.69518062164606	14.91853543099361
-11.44487822501126	5.188593842186831
-21.223587848808844	14.15289099124538
-6.546271766043639	-1.792031847482475
22.665149438060396	3.658696617842677
-7.868305194491347	1.000594993292987
3.5408640886735534	-14.709719098835805
2.718643013654903	-12.796578467856376
-14.364491354098949	6.509546597905916
-14.705562651858198	17.80258465956191
-5.121699269849589	2.466000334693866
-13.945764350562104	-13.673789918772776
2.372600776544763	-12.558548504225508
-11.52614569044292	3.8888586174842628
-13.139285600355375	-5.998042859608295
-4.542795565791805	22.91559826517784
-0.322546873844235	-0.1573416211733782
-11.243454141016528	-10.840137696500397
9.663160702937313	17.0881905875726
-20.08542173283966	4.527939512001574
-19.656880081793172	7.997659943356733
0.578510535281645	-14.09679374011325
-13.867014738799565	10.79222150672328
-17.046745758829005	12.423115654797884
16.733346952213065	6.6217747458475715
17.49232781308011	15.993676091692683
13.940009138631742	15.749060543552224
13.298897836890584	15.132283692434829
19.803288060692218	-0.21336503756655642
-18.234197272224755	10.628053009769486
-5.074563922113664	-3.500560830114097
-14.33599524852117	11.284423975598733
-10.217504760417006	24.05855542905677
-21.027041576390367	10.00882719006153
-14.900146853421722	14.444926810452651
-16.348039187401966	-3.605542728154557
-8.778564330564521	6.182630311063693
-12.135647030648753	-10.489546718020216
-7.031196644371195	19.817006894795142
-7.272282828155386	23.92267768417564
-2.516954527632618	-2.346801282093669
-2.545010566183313	-17.742826142215588
10.6306519135759	16.625714967083184
-7.887173408324555	14.15469278591566
-12.01641077175904	-11.159961267262647
3.7629880451574156	-4.58666533676178
21.653058133198922	14.00454847411062
19.906833049934416	8.210020024194915
-21.557612496374166	8.550423536060231
-1.919874806504961	-5.364205167828784
-12.753154640406713	10.258478332784332
-13.721340927905104	14.237079908746805
-2.1800906046485156	-5.828734091055573
5.242591018680489	-14.142769069751322
16.533374352327385	11.811237990142423
-6.488937029391155	4.940530772039982
13.775181177895607	6.623832166774024
-17.155949498712292	4.143004554964619
-3.8722352059862213	-1.4957459941939844
22.443000183519814	-1.506799943941925
-4.02100218354551	23.017243604595524
-12.272467424812211	3.6700784089510607
-17.46582148659185	12.219621168537012
15.750864890406769	16.155829783887413
-22.651973221833153	14.532083317006322
15.912190139849699	16.64330501547734
-0.3646007827788119	-0.9028843150764585
3.2664223583940863	-12.325279602171953
-13.847641878778216	16.43245555029257
27.19726410903305	3.1242911180891815
20.578045419252028	4.949483092827694
-1.4552896861012157	-15.013992700298202
-12.138799965123777	-5.93579952756671
-7.760559517819275	7.442124755868707
-11.315835137261873	-7.228375488982951
-13.653435378032292	-11.346987419337431
-12.543065145221659	18.61319749313514
1.362536869219657	-14.23752343837164
-17.586439916858513	16.245541373300743
-16.84230725931736	12.814694303430157
13.61257976355068	-3.8212217901594183
24.482118323893786	-2.929606132043596
-10.829374001156026	7.172618633272897
-12.31944161249285	20.045976985760053
-9.037093478748693	1.0592058097397106
-21.20984895622246	10.492202080171001
-11.8473370308039	4.774276334170863
1.0556000463261328	21.106118137834443
6.563760088110092	-15.949090963738056
-11.55316071272619	-4.228781402077424
-23.080522511650315	5.396833177901274
16.917287685633372	-1.806726028745832
1.5931640670368858	-12.014244141840313
12.69527285323079	16.617431955763063
-5.3590444377387705	-18.31190835146626
1.5948579014060935	-3.9080684023703296
-12.825292369220339	-0.9378338238089448
3.7416101165835776	26.174779794430226
8.789623957246791	-16.942504401649913
-8.63243556888073	-7.715165929461222
-23.389223834241854	5.326725483355282
14.496758091231117	1.06748423784967
-4.58211488471361	-10.518633630380014
11.134864505034155	19.372654460972537
-0.03842462351110787	-15.92705411379609
-11.155676812194553	-15.377814641950058
-10.916408470948804	7.672168761045403
2.043686501040338	22.979617525935033
8.709784665202529	-24.67337988144466
-15.266141440076915	-3.1115284936821617
-24.544879173174674	3.198369744730308
21.184734650678188	1.0325063825577665
-4.099165196868281	6.138654217525632
17.185222463628207	12.360763073527451
-1.318926518801126	-14.465969230357574
-8.379024853727676	0.7430900822353629
-12.386665138326546	7.41375343482699
-2.8939508842281403	23.974063424432046
-7.8244474408504425	-0.14506127950507638
3.3747884477638435	-4.886239628976202
1.2330438169475726	-7.678392966635238
18.88350214420942	6.059690317867709
9.115881574133269	-10.8556723546735
7.154842577715661	25.67286163871847
-13.064763741339675	6.893378915137407
-4.565363618182523	-0.6253020412160283
-8.58198084168301	4.8783810813133375
-3.860484137632989	-6.496168114836321
16.438681138452083	6.681308174513945
9.116816714721823	-19.762909670521086
-4.938755776822202	-15.147477573978671
-3.0928128514855344	-14.829425423517009
-24.19469626192099	2.5921544808134667
-6.634868533215206	-0.9493252285136181
12.58313999550598	-22.40171863290858
4.687589062530513	18.421567323970645
0.330376510825653	20.01380139186517
-5.588021462920777	-15.09939199307798
-9.450821638919873	-17.427803328976328
-15.479086554093909	-7.995669475302286
-5.103582324771956	27.40218803174807
17.189379944992407	-11.664246870223094
-14.188004432050212	-5.176907244919001
16.604351222939545	7.064058291576473
-31.252153983770647	8.281712197281092
-28.395117975462178	3.1657018800901677
-3.806494118279083	-19.635892375562126
-28.789302132254385	7.401399308858718
-28.787149148853455	4.4120381296464695
18.011949342599966	0.23764323456240705
15.283637960533683	12.397569110741658
17.312884487318517	8.013253966662596
19.85379013678816	11.08534103129817
5.149433684972725	-7.764554585674177
-9.678906702238681	10.39576832747687
6.9250893574802435	-25.222906097948076
3.753237232018103	0.8082406267611377
-3.2712158398533195	22.12833958591125
-11.264694512602896	-4.4275000007307606
2.376498050844398	-12.620803191436702
-12.993635616822017	-3.6098172206792043
-10.199032375920384	-2.4602609840876686
-19.214871205961956	-0.7464179029893423
1.3463556359136242	28.067641343027454
-0.6750757908913395	30.129261545064455
13.225869248059697	-19.219779066449654
-4.536447532965411	-16.018534911071505
23.712782331466546	7.608295416424557
-24.764503223766187	4.659381103214888
-16.871169761061406	-7.752576673233666
5.131239409777453	-23.743883118356827
2.299867366495643	-15.301191536442174
17.311254100272336	-1.521519063830031
17.736341107134646	11.953138943655677
-27.94748225449937	4.258938642165627
1.2261078990770369	-22.262035434352814
-3.1058838105747264	-13.005759474632383
-7.800682385952868	4.8799803240265245
7.973216561617139	-23.246130597861097
1.459271281440144	-15.81228522417038
13.691593730234255	12.114989703760237
-6.38520026167869	-3.76337792766101
20.259806678734773	-6.289121196181828
-27.032309926008857	6.147489004454479
14.389870072385298	-15.668960763899218
23.251597852237857	2.96850639970639
-0.7293446778256437	21.928581694860686
1.408499919766506	-2.270926529421569
-27.514377946564327	4.623047225796957
19.414111331447632	7.960546680446787
-19.494809191302593	9.309974852140114
15.1682516174299	15.904273010406985
11.626669680790666	-21.734390317815038
-7.698716143183563	-19.476865489232413
3.3849016431043597	11.510207324174045
26.03680693157228	9.131538628542748
14.324549731515019	3.204688347796862
-2.1170834088716046	-14.897500444768742
-15.265629852326546	-6.423471886871187
-5.178432566527141	-9.984643034381538
-6.005866129010911	-9.599189575667726
-9.170278731756666	-3.880391348725619
1.9668876325225528	-9.398106467249123
-7.427955071398283	-18.167887157481623
-17.21601260168135	0.7380410196256555
9.4424924344096	2.5665271116983326
23.810227641841973	3.219500742930026
-5.934886685115779	-5.466095943511273
-8.515087688564554	-5.259336031519262
17.545165396861485	-7.126491040324287
-2.3519806179295046	2.3812317433115266
-0.3494837143009551	26.148322213870742
-0.3874968870722053	-11.793347269642712
-17.35574074488022	-1.2650058708871788
-4.329237550236034	-7.003390432723238
0.3637083481117917	22.62272538948904
5.644426074342956	-14.64754662532339
-12.077167484758737	-6.656032640233391
-26.217363081968337	6.20241684237761
26.819896105189933	1.8768954974868226
-0.8549993820226821	14.158871549808795
5.328331022208527	19.541084928945864
-7.020740790161213	-18.937718255836348
-12.06827597142825	2.3135974467836005
-14.625537587205736	16.48459729509361
2.3580589980112636	18.279726642316167
6.17690958963698	-10.935351605772274
-16.412752895935636	-12.455436416425309
-25.327686295963414	1.8816971939990268
27.304620845644937	9.036573259792132
-5.494288259423636	10.959973223298123
17.87823062535524	13.454210655913032
-1.3383767602647139	-16.96594412604781
0.14074146811845195	-8.879150049705233
-17.01192955927017	10.11888077385574
2.508965964937132	17.620960645113367
8.33326693475912	-15.571276706664271
-17.986288010297148	-13.400795170088946
-25.890638886066164	10.759079733149878
21.00037585931174	1.0314707520913582
-3.8766485128753416	-10.635200238371622
17.777421137985222	12.405722253195675
-0.6011906291346727	-15.935721754613438
-3.1755469518322115	-16.126809504341075
-6.529751690356284	12.630750177575989
-1.0082235220833942	12.16718794158881
-18.060228585992824	13.70470771649739
-6.685332766681789	4.883413264899163
-9.267003853889964	-10.24256363795409
17.50520405331821	12.594114133245352
-5.9479100757923895	-17.386328023062507
2.923705610587537	22.629761875105107
-16.431536960875864	12.305083287292844
-4.371467254822676	-7.8326757595826
-17.996283519193256	11.49062603172145
-3.1704984305251256	-10.302354847925875
27.941554266456055	10.209428794135055
5.457252456102146	-22.52587441163404
-5.938590444971313	-16.670086927666755
-6.06520511914413	-20.0619923485748
-11.505157155988911	-26.14517756240278
8.167453701661097	8.81977561808811
5.003899789050371	-16.63188192357886
-0.7801491907451283	22.802352716206148
-0.3770026305218645	19.29918702279369
-18.818270289383324	-11.255266968936372
-15.354584105232313	-11.060708159249941
-1.8133306602051027	-20.555107946885713
-2.1908504316173945	-13.533722947007266
-13.026205761933193	-7.279605750425058
0.4951672461483741	16.59776627280299
6.998443230119731	-26.38569548952632
-18.884273676367254	-9.136689242400758
13.888023471015787	14.147996515086943
-26.417464019396583	12.221146251140542
-23.835715621294383	-5.622608618092506
-4.403467621579874	-19.104713223102127
-23.421705317117773	-2.7726521546163307
-28.36581690825832	6.486546978691014
26.196385059387673	12.736180744541803
15.662818513198824	11.376277254711798
19.01515876365123	12.01159846557378
19.407865381004022	10.93737992517924
27.378386431886153	3.748228920377197
-17.230464842388884	11.342186153429765
10.033751331006947	-17.392750089261764
8.05114093935027	-7.028359762944843
2.722412687391495	13.816152341082608
-14.422538533779777	8.54530547185973
-6.20015366215033	7.770777401021824
-19.806412046974543	-11.620553666336342
-8.906029409671474	-16.298265498220765
-17.121839149730395	-9.153303697689655
-3.8035552241290045	11.821471612416996
-3.4213359669676184	17.160428546280134
5.525921335281158	-26.8336028076754
-7.8795068710430884	-16.963076080011632
13.537846008885507	12.769141117482418
-23.656745482754896	-10.83680738996385
-19.75107370195535	-7.400966478033845
0.14275587569569875	-20.415339637018715
-2.6953336699997616	-16.924536066379776
28.97107992679167	1.1683596666960174
15.26965845412401	11.188443222989823
-23.040363196704927	-1.3505822787365733
10.836662747459176	-22.562970950725823
-22.015966799874974	-0.11307359554097388
-19.48156019127961	11.296278225722519
12.50471382883691	-19.360343148962237
-2.2662005162310477	-18.657087434816123
17.24841393914663	9.567998543076635
-10.534930208358881	-14.886997907384442
27.83464929389578	6.510092796760288
-23.1484035164369	0.9534819954852893
14.630571574991318	-7.901421230650951
29.552277386999947	6.822493563331009
2.6021876623727507	19.188705686972163
-3.3286746987319606	-9.638245282283325
-23.291650422581966	-12.874855537930763
15.317546085885567	13.880575989435517
-22.32770088335093	10.938186257522824
16.521810053658342	11.614651956021993
13.497579830149647	-3.359812524334868
-8.852466001336197	-17.153606009595066
-0.4558669324905229	-8.18843008343763
23.80498649877997	6.086193564176888
29.994460205946336	8.025020005460966
-0.7254894852623904	-18.838724823520426
-9.172810948323594	-0.4445114781949566
-1.3974174040699638	-5.680754803497535
-15.826621432304997	-6.061699916782032
-21.916698182002012	-10.793365669431536
4.843603267147641	-1.5848947736231442
-7.513397100187747	-21.25213345551862
-18.667979380210298	7.6196047272874035
-3.6223671585816333	-9.069172083780138
28.15269768344173	9.999712693450567
0.9924977267599701	-17.472102415326077
-4.155307113995802	-12.83613476793389
16.43776324729736	1.8408909976152108
-23.374138588645618	13.501131612186471
-2.5592202639042174	7.394109521756685
-5.270481329084113	-17.659488407919806
-12.090560190730443	8.830082530077146
-4.497190884372226	-13.09486333698625
3.090348504712451	24.067517581668135
-1.6702152803127017	1.9607432556500028
-11.041391589793209	-5.332091350678079
-30.286404064368668	0.11302982311234408
23.531622115020525	11.09577502244651
-9.52219190464181	16.18894957638867
9.366411844503597	0.9397415850000627
-4.636695926363181	-18.417292133637222
2.72815787988963	-10.00550455318581
-20.521729771895796	13.826568083027116
8.221266773400018	24.393448985586723
6.687683085247228	-17.141573555197144
-8.566863370172188	0.12646566533016157
-25.744734106816992	5.979706659303641
20.550563088316007	17.87183797094893
-12.594005530236668	6.1324657939934335
10.965348518756869	2.7728417964953818
-8.831648258175793	-17.23983216196124
1.6673002909895753	-13.410047996275564
-21.327387505252645	11.69096330020899
5.209619831775502	27.905716619995857
-2.513521278941601	7.236974983428706
-10.07633749261207	-5.519866206043233
-21.182101284062803	6.16210209623544
18.492531097439294	7.272145909977199
2.013812509506943	4.532510663585266
10.908829918325926	8.670946669030116
-12.667934111318571	-18.412586915854295
2.8496706885046863	-13.847219271844258
-20.12296255345231	13.314794744073117
-2.7047332318552866	28.973412948276138
-19.33178556372612	12.954479167985191
-4.881780548723743	4.951840116819243
1.379681693214507	4.115736221479352
12.033710491635688	9.019900316073459
-6.134329314524331	-4.357847905213268
9.350811844350064	13.713061528261877
-14.041283044014275	11.297021069244586
-1.5050004549711125	-14.92940417853174
-11.712018758004822	11.05323647104942
2.8646054002864116	-13.997610049202827
24.56548388471681	12.433303142053711
10.273454713879731	-23.43016516739284
-9.111545877563104	-12.98329479942217
-12.739280655228223	-16.07369516219684
-26.5310901419959	4.948979135971378
-4.1691380142920496	6.508233901764071
5.759315465259989	-26.914767674781533
6.441863101737081	26.149956276399383
6.453888313177077	25.370321178718985
-17.697422601596063	-0.42250921576825734
-15.169759969227727	8.442807109441263
-10.001633407290031	-19.14210728756964
-0.7330433215690199	-13.406985690522678
-12.36851341198352	0.8637000643109787
-0.6240897562791143	24.67164510631368
2.073819539121776	1.7021172578521768
-15.06225191909444	1.663689772641474
16.862193951346374	11.844447078352674
-18.0818637002712	-2.859314219903887
-24.250002442460268	6.198644843333515
-6.2893094823273925	-19.097747166732745
-25.499369206194388	9.188321659511645
-28.37692013835925	12.07500311722582
23.3652922405717	10.69188481121373
13.152006821486205	11.188945548396097
13.7611475646737	11.219118178161558
14.930153258527879	11.280640342546436
29.47905696778125	6.611506395571906
-14.721473434362643	10.965058475587602
4.029204893174699	-24.401897992101453
-0.41155931699332593	13.536767358785639
5.062191688530449	20.2871205463513
-19.33858731920364	13.408027124306152
8.885400979759403	7.585503243651764
-17.708865542106142	-7.781940389169009
2.9896438493463147	-6.633522698184576
-12.698310863744895	10.785524293406509
-1.3321076146104693	22.157012851353233
-0.8786500349445628	22.6478239555788
4.400055603941577	-7.845536298864829
-8.339167311336755	-20.539514257399933
13.847705920629853	4.357732098449953
-25.097714652165177	2.220441107958073
-10.28472559377743	-5.194434192840756
1.344085158374669	-19.96210326581688
-1.457827712960697	-18.51554327938134
24.68371790748017	10.291278231377072
16.763402643624786	4.668354311705811
-21.81945021032364	-8.851063479206514
2.513833116459028	-25.33187660612534
-23.65763892542512	3.389065039452064
-19.653449460949183	13.897301236368206
7.623957779893543	-23.16072799086351
-0.02020112360222845	-15.410777591335512
11.808646667875086	1.7362290135771048
-6.713680250765324	-16.520315347959976
21.00232556884575	13.299933103238132
-22.586952061905574	9.351446435301673
10.713928913554716	-21.928774862358242
28.86292436861478	2.0194708806412294
5.268366572377304	26.788145762431448
10.451496940489228	-3.5518227806431466
-26.341917881909858	1.4744959528496884
11.407740150136053	7.6786397766137116
-18.083082166613124	10.897144290168288
10.417152528343774	14.518427385649142
11.187741211687458	-17.90808100513859
-2.849303171937448	-17.422214264919404
-1.8612439400722773	-7.339979342238795
25.19005035643141	11.185221444045936
26.450028673925353	11.132224248681933
0.657651750801627	-15.059564089046605
-13.621055473548266	5.596179111795352
-7.8746580187209165	-12.762365043104582
-14.123027966691396	-2.6266494270967975
-14.554473278651997	-2.709087584002793
-1.0589883539925689	13.59852288915275
-6.7612230525920705	-18.273505249170046
-18.960583512287325	7.586982412980176
-11.401603252159179	-2.4159417947374338
25.42279301764857	9.104763755227895
4.936371770386105	-18.10137693571723
3.6683045692600724	-10.900780348678747
28.644846333692826	9.724463495655643
-10.079283285209142	10.83942245790462
9.30243470162874	16.599765097363537
-3.483172947116981	-11.63536414387384
-7.401444396187224	20.067334180709686
-4.931504790991882	-1.4170704159150858
-9.775619484290544	-4.8870219248907585
-17.67001552875845	5.133770251223117
18.109686076710297	-2.9907297406154627
-12.576804817479424	7.006429412051023
11.760061961790944	18.524292829714625
5.895064469185258	-10.79650072264902
-12.427584719601791	4.099747264201734
-21.41275562213649	10.433426809537462
-3.6096225708256546	19.266605658527983
-5.527430520981041	4.659785260250551
-6.519880524098196	-4.628251985784976
-21.337212751957743	7.4899677883885305
25.784017746212935	-0.5510476521345335
-13.034618438980504	12.934123907106413
9.757494796693228	19.98763917015209
1.7220780665170574	-10.422462143654572
-8.053724724509305	-0.2252625969602049
-22.982245099659966	10.76958263547142
-1.4304466873293387	18.16758468797031
-3.0927693957814757	-0.839399533307454
-13.403232614721947	-7.369938615157902
-18.70041077177395	0.9148978485632524
24.981815741329708	-3.596921908289899
-8.578826374138124	15.294133679727762
11.265602101073853	19.78695821591532
2.420955556448677	-12.837466952428782
-8.438752628934125	0.641225027028223
-22.23894389780699	10.880282968769896
-0.6876101869082843	20.773293714557425
-24.65131628678211	13.547495009171989
-13.95393458210011	13.59633001951182
-13.937889621337339	11.860951382268244
13.18187130472293	15.700996462805946
-8.052619911663205	12.199716643705395
-1.813737286304736	21.647765787218482
-20.603911319357046	11.77521439782803
-4.036872343671332	4.650285330201649
-22.346644163779427	13.226171310066245
-7.144330348554152	2.619515006277682
26.716243823285886	0.6348947430598273
-5.185642329565233	10.317277034221412
-3.0468098516240523	-14.825866224987216
5.506747448645784	-9.563775702071245
-21.40194513476781	3.2698094939248876
-16.620802903247125	13.993088365629728
-6.824564292911387	10.765388667867855
-1.7179429006534193	22.67442991616065
-3.8128881092939944	20.353104948461294
-15.473107477973198	-12.473520915641632
-12.906174817342585	-8.227745072915836
6.380034406930728	-11.221212102566279
4.28459737062515	5.099451429204907
-13.40357651721344	-9.538438422767312
-5.337135206148309	28.56323837991622
-7.61661441634988	10.559902965870368
-11.339716948967387	-11.136998232128587
10.632692658843363	24.74948761916504
-18.396300269136972	3.0836964112824528
-20.100832188284517	6.5727952961671425
-0.8568721168592095	-16.776337157696236
-23.098145837814965	5.093398974652916
-27.819062610254363	5.588323445319452
23.582526700293144	-2.3512121102796004
16.218812104257747	16.14807193286128
10.648578918148578	20.25112615645412
17.193663279056025	15.60762265289772
25.822608916269925	-2.479415038917361
-21.750234864577937	13.224608242962185
-7.296033347374311	10.480400842518714
-6.378781994636427	11.67723966048929
-5.724348127662237	24.368410359590122
-24.938169816728127	11.034622601628012
-3.8294120705410153	11.011735085824167
-11.583792587548096	-10.667029981023243
-7.147126666883671	0.16831433873200016
-14.378937820730403	-9.656546360675451
-6.483767887997607	27.036961591364395
-0.9657004843313561	20.727047256672677
-7.667773577236985	14.081219113772422
-4.628601835999576	-11.273399599632963
14.523892107795033	20.76232320582754
-20.587557631123822	3.2997855201726694
-6.554336200630317	-1.1639318544307882
-8.54716469013721	-0.15996553522207563
-1.4948044389601116	-13.624507179868818
26.765282324873272	1.048290278098356
14.134427216072876	17.932822846224603
-22.093949729470438	1.011102509844733
-2.975704774427851	0.14292498424584676
-21.300754716858997	6.25707769164348
-19.099006943342822	13.24723608047663
-7.308417252907501	6.276000711116643
-2.370763783689721	-11.706853743695664
14.65902587032136	18.678040358621086
-5.731272449546325	-0.8693681311530167
25.01264734810289	-4.114557901790696
-19.367769285432264	7.873515115097749
-5.161283680620869	14.254134523881062
24.40241341586838	-5.0251047654436976
-2.533289604256304	22.841546490629003
-14.689053065650947	10.844956536741844
-21.719361980602308	0.5640250805545506
16.999559162499335	17.108293972855726
-24.38865836121145	10.6139051400253
18.342627903024947	13.455770510675968
-7.623891396521922	4.470111570040454
1.7010386858278235	-8.33822139202268
-14.889651160327592	12.223652421709202
26.847306236644673	0.06105507781324258
18.667107001746114	-7.345749142886429
-0.38754241248808796	-13.154408175733368
-16.842385558832646	-11.167275266857336
-0.727998680558118	2.1910785451976222
-18.400999887075702	-8.445027988179339
-11.072000102969561	-10.579617617552833
-5.234542298060507	11.89199729121401
2.4800395718435575	-10.364152215940127
-22.820585154165787	13.138113595532722
-8.639616168798797	4.545728576839666
27.110656164397394	-2.349530211416205
1.3997458654127537	-1.451506586962511
-3.5197449937538092	-8.701760229192757
27.429397065677925	-5.488894675604433
-16.749054411965997	4.4692583242245
-3.366887173080378	19.56746086936076
2.86452768535793	-7.638933846840771
-20.050189726810427	9.41423643123085
-0.2773940774503119	-3.727038942721664
6.625722894062815	23.74891167623981
9.910447350751348	-23.684610731318344
-4.930879242136907	-6.381267110615093
-16.621180864585924	-6.772039329234274
22.271722991111826	-1.460945379812451
3.372733400384867	-8.730342644377437
6.694041769051274	-4.543795804472613
-7.282682536029788	-18.85260062835954
9.985657673302331	-5.6153896482397565
0.5313382946979475	3.358922602882918
6.5819473457532585	23.567733122347466
9.444630839650497	-18.85842960240589
-3.993012869928538	2.9585190698349715
-17.600072188763342	-5.446344811439072
24.12150943597255	-0.4488110800752429
12.431655357993083	-7.560169545201413
15.188607049042009	4.35442101144978
-8.604671743856985	-5.421043937415971
7.604062743344454	19.050687422595626
17.265929691537238	-14.239258528101596
-4.4824517482681925	-6.731174880042079
-23.24009452967327	-6.547493234811805
20.413872098708275	-2.1221080150218183
-0.11891787204381296	-11.07053259673627
19.055128940499845	-4.622970085832
-8.113083576211283	-21.358480855055067
2.5536646069859343	-5.408396994696211
-5.861618944757794	-1.1227118302981167
20.079881852502492	4.595439271638201
-4.163718538544359	0.8415479193498673
-3.126423273157687	-19.991459644933602
0.7559537984826947	-7.603085015981542
17.237007296860305	7.249033530214058
7.64723537196662	-10.165490679404986
4.10285533936439	25.203542458637436
0.8994904105615774	-11.703551548102222
15.162320037931442	-6.6531742720723965
-7.282779571401296	-18.845052226796984
3.904743825443413	0.4633968168405896
27.269649148453876	1.1209472753926844
6.141287243835935	-25.571443182012636
0.15279266553091395	-17.888131948428086
-3.262558314555892	-14.768804463885578
-16.500258702097334	-25.2709272425995
1.573314622458956	0.491986704151951
9.281152893645578	-23.000209279595605
15.868011975305347	13.05301441997681
0.34273336674928373	13.860723505411139
-7.130124861007603	11.521287046855436
-16.725362045687767	-10.996334967408044
6.375956608568725	-8.104978540294494
2.670103494044227	-9.657104318078543
-4.644572774044886	3.0746559332735504
10.669234361271618	19.714428413113357
16.244731521087925	-20.293759398696363
-10.221773161479593	-5.044598073796677
15.87392335131263	2.384905735516718
-12.008732583365488	-21.41423943345281
-13.466093063413858	-27.423191832158874
-7.090272106835125	-16.863960005860733
-7.530870822417947	-20.66815965118386
-13.991897017119587	-19.253080378531653
16.092809759812596	-6.242476002033462
21.360224516423727	6.996826601120934
21.948134290810554	1.5514323842241255
17.334655428691647	6.886093595125547
-7.090082472263977	-18.04991909980933
-1.0042173091336053	-2.1828582705239183
14.399853128694367	-22.463984998696276
1.7163682374526958	-12.89376950356309
17.416116953667075	15.263313239679054
-18.25534151011695	12.087308430885487
7.964569947918581	-5.801053051339606
-8.888524747772815	-1.0761388690313956
2.6337066329537016	-7.7972139917402465
2.3798682085581095	28.848669484967523
10.443943265410457	-22.785878985646647
-0.014833073732184615	-17.88186409175365
15.642861269877088	6.454471058224344
-22.767479428613868	-9.261454571062092
-9.159154348635695	-9.234497842512173
4.681804110428776	-22.513608118084623
1.5058865098759178	-14.150825072509983
-1.1518825930290477	-16.985978130720213
14.415278771070271	1.8638272767648671
-16.827086817487505	-2.4887492653994236
7.380323495294147	-26.295284930847036
-13.621852894853644	-5.27455657821815
0.3891428629869664	-13.51250280637729
8.76644721856711	-25.821922174448886
-9.128265116259328	-15.883358746708563
19.23594672157984	6.853057071214723
7.723263927361659	-0.8656251241808699
28.157168556704967	4.256972871475402
-20.64774129184543	-5.355917210641883
6.239321603878496	-26.495151747945144
26.347734432136907	-3.044895393163096
11.229982636598843	20.83578381353182
4.616252921733211	-11.500970287682856
-19.716402577757087	-0.10633320362576792
17.772141162444026	-1.8492348899570716
-18.968373625170003	12.749762724983107
21.17465135654111	-1.8073942947386885
5.059812273976247	-24.21339363779545
8.611245467445384	-18.340748967286512
-0.6557300610602145	-16.541054792158736
23.684470380224	0.1192900238001769
16.507415922209677	-9.778263885642712
4.422100623995352	-19.123709385835046
-2.781974934183696	-6.813472598915098
-14.660146440582091	-2.6553223026770834
9.912905538164646	-6.1915360872496406
-2.172283937979036	-13.279024258212928
-12.36970437030525	0.7540798495772818
8.741784031905498	-11.365085467295089
-7.764671942572968	-14.062099323436062
26.720609423786357	0.8123395100530515
-1.813621236228794	-15.4634824764324
2.693237164300016	20.91101730457627
8.753893878437838	-9.216662609578243
0.6335496004437643	-15.750763640866454
9.5320562453551	-11.547275903545565
-2.4178596172085816	21.21945612501465
10.90506013780115	-9.222984683393575
-12.868770557229709	-8.226067082293268
-6.454275084212552	2.161082279693307
14.082528550222595	-2.8402793183952584
-5.714414868385404	8.718340030792778
20.372374605134013	11.304907147962387
-3.083985853214783	-21.805126627749644
-10.367336615871684	-3.206009548526287
-22.24208249250194	12.458809057632857
0.03753461657675103	23.58644313829889
16.265822542351685	-17.105523391361785
-1.0261712025109235	-10.744752782583207
-8.25897860671416	-13.920783701256548
29.062707275575335	4.45755298506833
1.2386270015462235	3.2063003637952794
15.96412668227666	15.23015093071831
8.621551813273818	-13.273947378789495
-0.8004081855322125	-9.854736452426195
-19.453454527560595	12.589566443098127
2.3139752822101936	20.722984169659476
11.632257223875422	-10.35373567661997
-7.9628415164366935	-10.903971233178527
-4.68618514087932	-4.701438565304979
27.836422049388627	5.27981248752861
8.031349987870644	8.720057742593587
21.521803658434283	12.601238886190973
-0.0027460090121883066	-23.11269611902046
-5.234523074010607	-0.7507956084830537
-16.80342476465454	12.331549227016716
-0.02554900775232082	23.703421957037303
-16.544958411988237	11.915572511394533
2.946293017443406	1.6857150512819175
1.1750897700461524	1.3406965266811857
16.063041674232803	16.054746414268514
-2.6544182674980994	-2.651897155833523
10.27591095556301	20.301119845931737
-21.784229491734166	7.895800308593942
0.3985959330529175	5.332635489455917
-23.217881028553514	12.722981086907092
-0.6424696062934768	-9.220992736762291
27.121796008309758	2.184260098101001
9.002477064886397	-12.295799348380363
4.772239028164803	-14.442903265859528
3.7874817413970256	-15.910689672235018
-3.821381719933229	-21.407701370425677
2.124840954892578	4.822335847760692
10.712634039429412	-20.366019072347896
0.9689449247346446	18.335832098572318
3.460267037421191	23.13976157944163
-5.9852413033036305	3.2391488480115656
-11.185231431592515	-9.88651785582517
4.559364888692031	-18.04582163387088
-6.800846838555424	-11.78566858049268
-7.080764755551732	-2.7805739391465587
9.581128233789288	10.626049871548268
10.336251601639887	-16.029680067588444
-4.261528308979096	-2.725405273755174
19.59801741332684	13.134869227909201
-8.874194507542484	-11.861227210610272
-4.932362530866315	-15.492627296343393
4.2648135902449855	-17.30295728377571
-0.05783900947951515	7.796753454175339
-8.035032613771907	-15.295858207919833
28.979294177914984	-0.2655921928301319
20.760834800079163	7.667206435427507
17.673178801912986	11.94466615655854
13.234620229079308	21.850395687687026
25.141993243357316	0.17789040132762635
-18.073904654571752	15.30288602447366
10.249962337694965	-18.47862933162218
-3.7119410998232487	5.396144174876705
1.7966267526665076	16.950685975316315
-20.05193954857774	10.304039296047659
6.776686743548518	12.084045625653474
-10.21731338737816	-12.996406542711284
-0.1882919361122927	-1.4369743797078869
-14.648771244489096	-9.808718602880324
4.307661492160947	18.249834237358005
-1.501430936173217	17.95808234128538
12.8512890753901	-11.265150736388371
11.035295948095706	-15.697258031975561
22.887970665227765	10.138132371653311
-15.509223662564963	-16.032204981966572
-9.531639957328512	-8.652467179588884
2.0297815918153166	-18.392603091617296
12.693944847738221	-19.01965581464403
23.54689393349547	6.073719209421906
24.13608135237131	6.0415468683060265
-19.909374230764513	-7.811157351985489
4.506526869616911	-22.58135265282475
-11.039415805174354	-1.1078499596834936
-19.156489545944346	12.679446400101364
17.153437749958663	-14.893013506806621
-0.6076044489821318	-20.88571869131823
17.53474432029438	14.43552022044842
0.16400651193896973	-12.107417142815702
28.45268348603186	12.271208187465225
-1.4937564698087193	-3.6773411027737866
12.57749009509507	-13.188486422337345
23.503504553606074	3.4313541161586323
10.057494836110273	17.019909121301804
-8.381570370792444	12.76553765809621
-18.705174130089528	-3.6590107149527578
24.430553270012545	0.5784475883201091
-19.339344971212693	5.1554673933931285
15.894716525003542	16.987811413585447
10.564694396238984	-14.200291591672567
-3.1133433727277757	-23.702833771332593
-0.8879796645014996	10.135385765569563
20.22579052554511	2.3236911643407585
26.782119423363064	2.3043368386306575
3.345862499898283	-19.31389190907717
-10.180143559099651	-10.181614677805458
0.22400206839324116	-0.6150058933548515
-6.865825321533727	-11.862641780632542
-7.91599123249342	-7.58893427752181
1.5633814102399421	11.530035359640635
3.9644097588390146	-18.80181471762134
-16.69887864049937	7.92094250576768
-3.9876309821289655	14.023060636691577
28.022992836415035	7.813473558813664
3.6034188485754717	-17.898432097468664
0.06941376699493094	-18.64496544710254
31.66265144241322	2.836202626253272
-14.639730148399952	13.440829602827707
6.3817491106050985	20.53562811236865
10.732066304303059	-6.96219629727638
-4.807847401849096	12.393974671639022
-0.3623645084913031	6.447781701033056
-1.288087544936743	21.33115176348202
7.994164555692525	-20.789526495019818
7.00695125415849	-9.925886976545256
-15.92097188697015	3.30823621769197
23.321930237439496	4.289737544005019
-14.172263682199254	7.806117652837256
21.353616158369004	5.3633087320255095
-2.884035012901003	-21.086649023695866
-5.185850495316452	1.1210910454672844
-5.448182630571185	8.037839520994305
11.317084729933894	16.806689764421623
2.994775133524804	-11.96666823728369
-2.3622262593775565	-4.81949453434361
-23.275236451717106	-1.947770210696492
24.441811097244234	2.755280921912516
-1.3001514825982998	-15.744419393558593
17.18699703838375	-2.337404546429566
5.521439182687177	-12.926253982718134
-2.8804057365443363	-14.244872537398019
-13.794491763963176	8.907349769701252
6.332810442284115	19.460905363467877
0.023592104829262224	-10.316122819574222
-8.19420866061728	-8.719959645192576
-19.194599995480118	-4.480411829683355
17.486493799474207	4.630347939478011
6.096588944588556	-5.477079776327158
21.304986639615198	8.134990687355451
4.675133504322577	-5.280445570562944
0.43382917150695344	-7.3973498010230605
-14.53571063587429	9.422525216297736
0.2158045703781867	26.636843388499514
-13.603857277308862	7.44180948273795
-5.004189610248639	-3.5955131175275374
-5.935080470228932	-11.152815124037733
18.0284643426885	3.4738040080849917
-3.1747490268845024	-9.513148080519048
6.129948839014307	15.901183165046069
-13.297594231284721	9.965774243556641
0.07505732724128208	-11.636780213875225
-20.677428334483306	12.839854540755857
-4.290560862066645	-10.763410569100888
25.09213601250697	0.8252340671070141
2.815057576319953	-9.329516051227033
5.643921975137483	-10.338186244529489
-3.5092931090798483	-18.925428095146824
-20.78242422863638	2.977354996312783
3.1227082052982866	-11.396481705296369
1.6926723896613174	-10.794407756144347
4.986618227235517	20.69628162255322
3.906295496867819	20.866166130747544
0.949633645858443	-6.792540738131786
6.194137903326133	-7.2777279041538705
6.95146035739621	-13.302152008181064
1.6868807977942164	-10.041171143451121
10.685354666047399	-9.211971836535009
10.342684749246379	14.025079334357631
3.2830488994341644	-9.534041794313291
6.6376624605153	-11.773545849205284
22.419039606639735	10.600511205452056
-19.401318720694412	-8.135698679101642
-23.61139704754802	3.6118092971930547
4.746906716572921	-11.648365651635471
-23.889888973895143	0.6461684347081169
-21.57628730227064	-8.734583188277242
28.16330704774458	7.446474987581052
21.3836007630005	11.13847420272107
21.285275112847614	8.35366457341089
14.746977084118045	17.221336631772434
19.476364486036246	-4.377579243499167
-7.675793271952833	-19.12824491064417
7.9210287172056395	-10.738211531229904
-6.142391254218142	-5.699020468510169
6.417072769186695	20.076467997325764
-18.43688817431012	11.813723650821993
-1.342710990958877	0.9269282734814798
2.989614036230143	-9.247750356050693
2.76190312515223	-11.2659130953429
6.570570055786418	-13.958941778977957
-3.364213600039567	22.819320098886426
-1.2464773835809406	23.83356436132527
0.14767878526761785	-15.533827029116924
1.2944680210857693	-19.61595982067686
21.700383363364313	7.132652473453833
-20.253242697470498	-5.382463535485325
-3.689102553927355	-2.306072873522061
7.513129607812006	-20.883477353711122
6.501530689940149	-3.743021212743971
18.170524781135274	-13.213980559273066
22.037808132763193	2.1932646988939335
-24.011008128226738	-1.8513310590321748
3.124997065425668	-14.12075618557867
-20.65540409849815	-14.882861712567568
-20.210068376490053	11.97746826030988
12.567623623816518	-20.207903572669288
-0.15374200178684017	-17.44227539580518
20.18612347487379	-4.691842070614262
3.1062429196003936	-10.294354738263614
22.55001205235721	0.6758793413237199
-24.643240132960617	-5.259994555150459
19.88777740409258	-19.210070506690432
22.818660183842432	5.083280020093767
8.545819766490325	23.60048932959497
0.018387185032985455	-3.951843989126424
-14.323306195943657	-23.05509315925974
24.47441225222107	1.1979518426801636
-16.48116126057252	11.553364438844424
18.121246586378593	-1.3771323665160726
-0.7132623499098243	-9.148704980610216
3.656288898432181	-11.341277781788001
0.8572631969029983	-6.978293440211164
16.84103848543589	-1.3998089958859115
18.812916918416253	2.683868123281949
2.364701899700507	-17.688220813605035
-1.9858296340643378	-10.526845136262832
3.6540809628505126	-11.243388261568363
2.845140326188301	-7.50873228676131
-5.041640083047413	-4.49491502358568
-3.1749002492051437	-16.128919017394274
0.1943398715487024	-15.9272875039856
-12.02238937671368	11.529216937977278
-3.303979645398556	-3.691493768359147
16.73613012630132	-12.148062489693933
-0.03026380034359226	-18.818637297214675
-3.672669277946599	-15.009063432548976
24.59834538106869	1.2219677413282146
-16.22061893369644	-0.4938747172806056
7.719324705500185	21.17812138940177
1.7114686901736464	-10.702766011877412
-15.312507035120984	13.833132691658957
4.328712336679904	-15.574607467507139
2.041695050716298	24.180232044762494
-3.9162357700948824	3.756591540953704
-8.418214498752583	-7.675896652304701
-19.677765329320202	-11.966161444864436
18.322557011200832	-14.94359681391466
-1.050744235088682	-13.192875377365008
14.55134129250467	17.188351898439095
1.0413518692985682	-17.94262612150292
1.2060458300894494	-5.269206466133386
-18.27649217459797	14.08835365712835
3.4783369785078846	21.584828147875704
2.7189301135874206	-7.342610381564408
-10.022214441562323	-11.552594012379215
-26.91222063862405	0.7718150934952998
22.477139059514023	-10.902383603993544
-4.38088885736008	-17.434937903136642
17.97124495390983	10.353091565165071
4.9706417337472795	-20.393650634158753
4.113626638887801	-0.17130325692633747
-18.435883243561616	11.878558422411034
8.011136089497581	22.341468755198445
-2.2768643526884627	-2.5439631621138172
-11.968646211910427	-14.148044017758084
-16.981267177070972	-7.9797508272506725
19.702623718506402	-12.472434221438128
6.164620339008872	-2.2118412069489364
20.020249658496155	6.8858348170852315
3.8379166567252274	-19.681594057569352
7.146952319250793	-12.23066567743212
-16.31699060971631	11.61705776067372
5.940221697918753	20.826192829958956
-12.948537180618723	8.272842261278322
1.5646537405679373	-15.362805270144952
5.00862213995163	-10.941888441862572
18.188260586065088	15.488716261961345
2.411835854835997	-10.375631718442895
4.320703140052752	22.510928392774936
-14.504670890281945	12.277776964174578
3.6824893937956387	-6.878919053525133
-16.87788523812551	12.66841960963859
4.113945978061825	-12.603406896962774
25.292029018386035	-12.581047743859099
-2.25571141722462	-3.446932092192894
0.16742780998228612	-19.972709417911187
-2.266505251580273	-19.549736213568263
-21.62977058077748	-8.635186162602533
-2.50457048185548	-9.63504394119794
-1.9725137752613506	3.6556209209033836
2.7674956643123836	24.25716118922264
10.761054152901696	16.227900890219203
-9.52568423122255	-9.755689942751584
-9.768290624184047	-12.533614741818447
0.7617255910049178	-22.20378275275632
-5.108910511689512	-0.9472829420546567
0.21189663055917302	-4.703125499516938
10.606899694454484	21.445338815780353
2.1187299605161356	-7.420532785316742
-3.237769657580313	-8.907048105158708
15.73630257156103	13.307631645832247
-26.07704495203681	3.5073264211437687
-19.165124984618487	-2.2193872654101767
8.9466067559324	-21.123085265509545
-21.867486321326954	2.2406123403610407
-23.016495773898658	-2.4805315825860075
20.417215212251048	-10.523377171542387
23.700197325700447	5.433437620867172
18.4846921575062	13.436073709217698
18.888527661292773	16.65179252559884
21.08265791454308	-12.770302749050805
-10.326143670275266	10.477449352680908
7.230844866887562	-9.781485000068589
-0.13442375248166083	-12.382194149101274
5.746785867581139	24.407007115849023
-14.878797478741705	5.283092974222471
2.9256217289733484	-4.020305759501484
-9.052261159616455	-12.233412865829568
-0.13342277769727526	-14.686170832671493
-5.317827143851192	-12.65727784351172
14.775203248667925	16.236472038800127
11.28323679671069	20.720334863905414
1.4202890704377509	-5.512392537842131
1.218309493106012	-23.62500310378512
17.441032905901015	15.8186378620107
-20.453040961553864	-6.685182094783975
-5.155942600260355	-9.269406286648088
1.1305188209564305	-10.670084707894492
5.61547628290645	-19.70757200217688
-18.24246267226683	-9.592086160051448
-1.5862223105430981	-0.24561908280401362
-19.83208036316026	-8.792498778031275
-14.116462862910243	5.189784794142361
7.554668448162366	-10.852613538508459
-1.5685095796811341	-21.8031824455575
19.55437042321806	2.24662117369304
1.7636360546143288	2.931665475261227
26.199994156105628	-11.921628524738033
-17.865344436780003	-9.148318166455411
3.871043730656449	-10.957926598150188
24.818884162511505	-13.030950667001322
0.05908893922511209	25.01256153912493
-0.2526252755739594	-11.01942030100601
-13.581069803789594	-8.921127592485242
17.406193612820736	13.813071385197805
-13.989290412528067	9.498245350840028
9.917671327833407	21.591066880111104
9.5247347322385	-9.81291707287558
-0.3172347993038019	-20.922695962910975
7.557181134467732	-8.633081042660022
20.846057511157067	-12.818487200414669
22.33227447896957	-15.970112264533393
5.454907111253067	-20.457663761504236
1.471049722148725	1.4059110156335648
5.399561336115425	-15.75900197137156
-1.2495534248375773	-0.4929210197656012
-4.274090644627931	-12.130875237979714
4.399926589809045	-11.010512806946892
3.1783175356916256	-12.756378279972798
17.495339830645037	-8.209291877001817
1.2788838317259936	-7.561963061644532
-0.3774509993238494	-8.054711013361182
22.67248225459745	-13.321322706578805
-9.002105910879429	12.635752978600564
7.935318246743427	23.250366763835014
-1.7293139544960223	-2.8786401726312376
-4.019924097962935	8.432411974286193
5.253171645026588	-5.393574011912979
5.600421349722555	18.797768602996886
10.743986788388403	-21.3171646726852
-10.67017704303272	-4.301612128184316
-19.36300558866537	3.350525426892132
20.939863554594275	-1.5663205666834334
-11.56626508181018	11.307527386076835
14.530327210296326	15.670627551042472
-5.639907901702633	-22.305650894180747
-6.674228777754015	1.6324883883158374
-7.878273304990577	-8.66936142927765
3.039619229327535	20.84575753868438
8.692109847032587	-18.546683654683534
-10.768423250907874	-6.6923744774240825
-15.70457383792309	-1.3088123337727116
26.508722182919907	-3.9682926226539297
-6.1877898349995455	-17.468510921016975
18.42259294406418	15.174896584447298
1.1877099868159537	-17.702302571485745
1.7236089701037063	-9.205703292459452
-4.424720418868756	-17.132395483663707
0.6080229558277723	20.846008614308033
13.435888937371669	-18.05864130742863
-13.335027522686502	-5.269968924973312
-22.496335790605734	0.8921734409674169
23.412415553882678	-0.9747271438659335
-8.893131234460556	1.5489206662811643
14.947930963086439	15.364003927670897
7.486271208683011	-14.437752792966874
7.091422664859538	-7.625971447123039
-23.42792695993405	8.789205400706619
5.8156926758084335	18.50407943757544
-17.38555968511292	10.65654119652501
-7.390361132019361	5.1611635756650385
-7.022699675908495	12.68292714607532
17.798414719631815	10.047413339522112
-8.623312920363954	14.309685272766682
-3.1982517850786243	18.892187845916574
-15.103583672032116	6.796037032131237
-2.633958172701889	-1.7644129501157808
-15.99545277924975	13.916714328255159
-1.1086112501502248	-1.7377376037333223
27.558649586088237	4.269431280471415
14.322798675339413	-18.81471271878323
-4.315852538733383	-17.80631678314053
1.3912531540382183	-13.679545958030724
-20.60462242826384	0.06108393986294422
-7.077415193583755	1.483502345389243
9.732480139572864	-16.940481354795956
3.634371350081075	20.616699199960564
-0.6084861361862154	24.822911051873415
-12.39792587037592	-1.5138312219886152
-10.08251774679611	-5.422112142150978
-5.337568362539226	-19.632330191339406
-8.079854037159086	4.423038222123724
-13.265920442392842	-8.748297444516112
1.0477195349654145	21.331596021761083
5.653017896687982	-11.541148731737122
-12.4131655742534	-3.618057742997756
5.452439199127971	13.582488010336666
-16.43267510122317	-3.3861989997892
-20.755866880395143	-1.9387441063886035
1.832022990364481	-16.714535520443135
-25.443978934570175	0.5185516648927265
-20.420786384116074	-1.7412287178359813
28.82262102782322	2.785857195002625
14.135717869160779	16.889865795544555
14.598827140990258	14.914048112395921
19.219760474054794	11.16689858859348
25.91579842337818	2.626578464592342
-3.290277179533918	-11.347160868643803
11.39730422146647	-20.38234906389442
5.282287442644558	1.142240378475422
1.9847193676811257	20.66807754428693
-6.836650600594089	-13.577717216648619
-5.558774313611715	2.832014086371782
-15.552789357091688	-7.853812310027089
-4.811175331255891	4.61041378823356
-14.991453657837065	-3.7727015210904513
3.424060001771512	24.57648359245183
0.5459681697699993	18.030084106318192
8.363232444151851	-25.283159847332946
2.6019089706482816	-14.327060184273629
20.498857628499984	5.298818498288716
-20.458152493103924	-0.6159873653268935
-16.119078658405	-6.290787117315072
6.863094377195027	-20.725924566128167
0.9380706782093096	-14.221762157150245
26.408891434166417	-4.120584091651717
14.006038227240431	16.804537947117886
-25.225900960514533	-2.813781792429351
10.886676854286367	-23.12837161512011
-15.95112406579561	-2.7692135933893307
-7.163054850984501	-6.036987565613821
9.997575994014195	-20.766325743141113
-2.016342641748313	-17.39293387641056
17.308488516676768	11.234930699383977
1.922367671984043	-4.482865619560925
30.280996957769954	7.824572353201293
-10.410022847011486	1.0577982047622332
3.474458515937064	-25.29711744686987
20.68824998942242	-6.371944358261809
1.0999629985352333	20.389584774206465
-10.231752901068688	11.604877120162568
-22.34196723592193	3.9122264479372726
17.183890242874945	17.575428955951846
-7.925522138013285	-13.375511966119483
14.948659825000474	15.62215243627764
15.194100741481499	-12.583362671332873
4.355374597174952	-17.011055277496773
-7.869866650987293	-1.3515523242176184
29.52031672669994	9.381205912900274
28.075195106558823	-0.7934821519369455
0.1954080683618879	-15.961362808062171
-13.75958436221509	-5.10328416139028
-7.030212174987405	1.223053613056397
-11.487345463087008	-6.839270725151654
-13.01582911841682	-11.068613926972901
-13.508247241794738	11.47237674752506
5.188118607780025	-11.951351268068597
0.7334825397856264	-0.9469464356086723
-2.187745114374754	-13.895956540330939
28.878509856810187	1.6743389821824604
-6.830015394015225	8.308228790517203
-4.962676798919236	1.773894688828534
26.90207361172004	-1.2250635498409574
2.3643155866354206	7.563926854284789
2.491607075574892	23.976024827250892
3.4749628495669467	-11.951901207638118
-0.07741107460172707	-8.225606611635934
-23.720990382488083	-1.8051334506746763
-5.255330756207207	24.997148658128935
-6.072708948328836	2.4531121628449357
-7.627708873098365	-11.214799042687037
-21.397535119550707	1.7654742647997719
17.73262886216348	-3.780772574762534
-10.275887309740108	-2.921781819047788
20.740758289036886	10.952948215610064
2.614538985141858	-8.473552478559894
0.08866713465619579	-1.0770727726237916
-19.433278336468817	9.735378804998712
-0.9101041821027738	24.947963269310698
2.5445333494149254	-10.495473621913805
-7.100671638276789	-1.8705956360453075
-17.360131118509983	8.252296793663486
21.982684612872493	-9.810866322012641
-1.434374905446591	-8.128203834360988
14.047860405152537	8.233729299276835
3.405083985045725	-5.516775861868611
-3.8362301274691903	-8.260035327873027
-13.681319921726168	11.041265480303954
4.579241071693934	24.092202788826583
4.450394779690181	-8.430848713525744
-6.079078309427854	-5.865265491810493
-9.351452497051122	13.597095665165892
22.016863870826207	-8.096493363465754
-0.4351147594141856	-5.989649826088058
16.209600520174675	10.137389439314646
6.2042108056815675	-4.737989445706397
5.096845466475605	6.945438976946336
-14.615054456743888	11.384482198628108
7.468559796395835	17.019707343357926
-10.648515844514758	10.879211192580232
-15.267736410933463	1.128621060375745
-3.4316760066701977	0.4981701889942179
10.07019944575227	11.096425598235447
-12.280527597871249	5.278297509173491
-2.646661354360049	22.494407961280768
-13.238157628968862	10.226597354604502
-4.829815020894046	1.5122586874816133
-20.70135458021024	11.724772160340745
-5.446902766064066	-1.8743781521337226
19.119725437317975	-6.292217817760292
-1.3423198620246801	-3.427429984173803
7.213258587002244	-1.9808329611677493
-4.319609382676538	-16.6373484713305
-20.656111054391175	6.563762675540841
-1.6229944772702143	-4.341690737107426
1.531234013320107	-7.86247841881915
2.869056624476749	26.52086464369524
5.3079570132233105	21.38697691698941
-10.39339638347883	-6.2071892967048825
-11.559176216525257	-8.603476960318236
2.565571896079993	-7.049606746892931
-6.988910114113949	2.537646686801062
-12.493427665603214	-5.114942313720372
-5.416832637893611	26.232231168209534
-0.20529721545440435	-3.3640238904606954
-11.681779336029855	-1.9350629090279272
11.09118635601298	7.299448627060521
-14.089124760353991	4.602515411223759
-11.501473741396754	9.696703866554667
6.123782267019869	-0.7080519151956052
-13.907582964242883	9.675787703511144
-12.849979893557274	9.13487905570275
22.579979924264254	-4.782163589948702
19.439318791533815	12.89972624291926
16.842710380867448	8.037478625583388
17.666018776408585	11.898263296409924
20.23487773715548	-6.2124936600436484
-21.11142123562852	10.88846843538067
-0.4856066006344649	-8.118403938310053
-5.377387368480623	6.07288994130229
2.234238077019086	18.832716262505578
-11.900102032878799	7.096294682409479
-5.689516777875775	0.2857823612967505
-5.675007919247367	-9.874535380386867
-6.726868125198025	-3.5614450747509
-8.965011311925412	-8.308390547829648
-0.9265304735571069	23.86967016829199
0.08430694221171352	27.152578071171497
6.40900366184197	-12.757108499150014
8.793020786869041	0.650484632207337
21.063141739137848	9.422179705116664
-13.485133540360795	8.185812114673446
-6.11109549443335	-2.755308234327667
12.704736639965102	-12.076712833378979
-5.282458959246731	-14.173930905817153
17.287049156808326	1.135670038742092
13.609260208230474	10.893885988185447
-12.866414447495977	8.013884814331432
-0.41587939154758624	-10.555264861839797
-15.831686806865811	3.841852323353
-11.825421134385582	8.862900472165956
1.3099131496985637	-11.243570676490998
-1.553592097006817	-2.271354149823699
12.83045739682169	13.248378547147778
-2.3355803183143355	9.261978516276688
21.206721662222723	-4.448181021764439
-15.188102340616174	3.4428038939382666
1.3124507900869964	-5.843031397852343
20.656327450656015	-7.033259322988268
2.829996305488541	22.42368928798072
-7.010569928807726	-3.2309732451183337
-12.023635559030657	6.385967755779116
20.834787896133076	11.333889499891285
-6.664561839480166	10.738450803924414
21.14582159782748	-3.950914423228407
2.209773424162068	-3.686837924578157
4.881360961072044	-6.2543312580124155
-5.053428419180943	-2.1221747729509084
15.012903722906954	-3.4195736602805353
21.536705537831583	-4.0925328426109395
2.907150603302359	-2.2967590210755082
-6.512388724309037	-4.151727141219045
-1.4276389487182235	8.172004968350828
-11.060599790636253	-6.765021070324228
3.0702037633496633	-9.87043232977792
0.4478034230941056	-9.908409192095752
-1.3692149640862703	-11.217456695255068
-11.10277117511325	13.168003776080932
8.416186923079295	-1.3882946797964633
20.299452022324832	-1.718644537394133
-2.4301339291160433	-4.005973341084531
0.6534737066806064	-9.409697645045277
18.907576758190697	-9.529315124318577
-12.862424657179767	9.454784846001848
0.5087044466761811	22.30732718710071
-5.885647208258669	8.774072930524724
-14.761582088313759	12.638153842910313
-7.957525748691307	-2.233259013353233
-3.4564092350888282	24.04834624553975
-0.8429199293237928	-5.698930663898951
-3.122601814753278	-3.743789786960508
-14.053082142061195	13.533525812522171
19.387484866197692	-6.4068048290533435
-1.9421361851759233	6.289861308401302
13.967606843157409	12.369118567757575
-5.857813537094791	-18.51694760240286
3.5818954600962702	-8.009188594016965
-7.96013786254172	9.99849549363134
0.18671866005132517	21.964203028409255
-0.16744319516293243	-4.028276370030171
-5.115092822523141	-7.441927568336733
-19.183635768133854	6.383893223941514
11.8615948793098	-7.6736523487847625
-10.032410139697909	14.418789217812254
12.654765470818877	14.580133544297862
-7.1529916792710955	-22.194430644128282
3.8437686766618757	-2.806251375329863
-8.640173265213065	14.014276704205123
-6.415599502565347	18.25623609623292
1.6973525306139787	-6.437515455585571
-8.116653447037688	-3.029567463799553
-12.044533279019253	2.2700992528687234
22.329844724532347	-1.298146490544791
-13.65661259321539	10.905355205370643
13.032109304770197	17.267636589433323
-2.4656871386333914	-15.951285124740545
-3.8331086727860657	-2.20800894334871
-13.624176723521545	9.32931194875069
0.23492425840137546	22.137111953073457
-6.044694397126934	-4.78929423264081
-11.900993722279303	2.3847715766042605
-11.218539404461245	14.402333280941063
14.0683224512302	11.676607371063136
-11.61679789995827	11.730718608498867
-6.259695751530375	23.158205874788223
-19.48607019944868	12.512296149374947
6.029496132540006	-1.5404504612869832
-8.465484649277874	6.247984029390703
0.290248420599734	-5.67367618153891
19.131343761094026	-2.7747353901697562
7.452256476145191	-3.6448490088837637
3.733039589556384	-16.629246904198016
-4.32488851704041	-20.204320774460726
-17.941129066811925	5.674831982526481
-13.422201695878286	12.083999492336485
11.879190551723998	-2.8385525186985467
-2.4205874632229056	24.69159196945293
-4.946326197692418	29.12676803988773
-10.433151942067587	-8.241703478649006
-4.992536023397366	-5.209667363231458
-5.724093953525136	-16.662805131046753
3.1446491077128185	0.23872429171757403
-12.655270841825152	-5.593428776019709
3.604997605095372	21.24409804617736
9.657657388025061	-2.9305316527862013
-6.3239055206949155	-5.793367352867229
12.928443758727765	8.289988225384185
-15.091429858368528	7.969966674633638
-19.592171777082502	10.274128866824455
-1.4978885194884208	-19.265109637021343
-10.892568834448653	7.780026915110412
-11.863386246820298	6.724860445300126
24.762774071275498	-2.483508783093142
12.774044513407121	15.147272160389898
18.31743322764195	12.389247317211058
12.557226708769404	16.117545242645193
14.553029508718371	-9.220606664345855
-13.896567238016248	13.91464090269523
12.11819526450644	-1.0683422775529725
-8.480617006966575	7.513298472188113
1.7348032340905117	18.904825403866084
-19.102954815792202	10.207315213117
-7.899442755468274	13.578834847884282
-10.459354100895933	-4.173107855285898
1.0476115102465346	-1.2687224228035283
-12.990915533189936	-2.8017327209332654
-8.689274161497094	18.110530593704492
-1.6957423313973905	20.060913801423716
8.258536410397568	-5.28780186440121
-5.464026236851328	-20.95669442224569
14.417821237757988	12.461836877948581
-14.220612228697195	5.853705676043491
-3.2317747634823912	-0.20639752657396188
4.977828227136837	-4.707017170342601
-2.0883415036197386	-20.926992149032188
16.86434219963361	-6.494774024653464
17.771819595342848	6.1952046422509115
-9.39057352398967	1.35254069152034
8.974962728784497	-1.7699717494817626
-8.272340802180562	4.496764529068271
-10.213211235141182	14.65573529159948
0.4511468755010796	-9.402009519791413
2.6117656465239065	-19.390668931070415
16.28497108247225	14.347603537318612
2.3516455421495346	-6.26683082682916
18.551033894831665	-2.0326698553540585
-19.4832176147477	4.374339305772264
7.8866792861949175	-11.672873877944658
19.902136954406014	-3.6594237615636387
-8.750255283196058	19.198722621725963
-11.41980090508504	17.100902023183924
-17.083483559217367	6.515664799545881
17.520697070037983	12.658137582991527
-9.176063507696181	11.3730482094921
14.493488727093466	13.895370336943957
-0.16918467478785038	-6.191128418104857
-4.672429464202524	-20.39376949099726
-10.606094100531685	6.496625545340509
15.619926655382594	0.16696361584750252
24.395530475681472	-0.9191935223603325
-3.0563999927332075	-17.505970909635394
-7.634489611995939	-8.685412827267069
6.450705324541693	-2.363223426420131
-19.01300019649817	-9.202310734656454
-7.429459943300227	-5.188674951668483
-1.9455851615375208	2.587643757082778
-6.362879220269881	-22.172986270215954
-20.80461194011844	12.351817922844782
-12.19469288775158	13.139772269646313
12.428854007148612	-6.27000060948954
2.1391858338728897	-1.524819379394639
3.637301597923685	-10.303202903789838
15.09983333005342	-4.261605927986941
-18.40112237905458	16.3702219394236
-2.8875900810009676	24.645719247347003
2.4176339373885725	-6.69148364755044
-13.796879263767673	11.456745725929315
5.631037780774509	-6.629044915685642
3.249671426508809	23.397241061574363
10.291310030802418	-26.180933320964115
-11.21748927087816	-5.645404172338027
-15.90523664062455	-1.3503243473100779
23.27359633659181	-10.436339671726559
4.425254690490977	1.6129008237943339
16.791388858588963	12.715202760553781
-1.550803559603241	-17.70864752732758
-5.908662725435119	1.2341847548838805
2.351869077175392	2.539377235224318
-0.8770657707602205	11.6698732808195
13.723081438018683	-16.02973662072382
-10.611333897339549	-2.9722672798752807
-18.615953206465658	7.794528111271283
27.175462142516054	-9.345331237982629
2.531254546696087	0.22020471550547796
19.352331831159393	13.937541327369724
2.200313767017937	-18.835553901680147
-1.2882880564612365	3.8292093863677956
7.585896701919806	1.648880091869126
7.4531272102668895	21.027869576917972
18.111008044820192	-11.065777336033651
-14.374306660182734	-2.87931607663939
-14.684992896400617	-3.1917274544906524
17.07630588237726	-3.7481023211595215
0.791433562195767	-2.7683752636415773
17.316334147329364	13.766357771237331
4.018862542172284	-12.78368397941311
-3.2814980272063594	3.4443875477127865
1.764610216654995	7.32780962493822
4.923244332659545	19.365613645373028
10.37406165848435	3.051698408971546
18.145236665400947	3.129929884963583
6.3245268268484125	-13.614015458887199
20.322584897737123	18.167685708712327
8.407244253823425	-8.034072137146316
-0.0021014514307262713	25.054760197519993
0.9901110031686515	-4.432901511023821
-3.6858802818987293	-2.5211394192351193
8.465191376662236	1.2147438891751035
-3.6519982142751606	0.054548106128176274
18.391740166975488	-10.612808331245708
10.192012524264882	-22.185039934695922
14.554357942506739	-7.175404462714565
8.012943932884022	-8.37849932934659
-11.747585354265523	6.694749081994045
4.35371836552354	-9.647506002355776
10.384804009629196	-19.595122560204327
7.7464021775889	22.430160981679375
-0.09308827327237273	13.216335492197398
-14.982617369609391	-5.8603460246245875
-10.97196785739252	-8.239942530827037
4.27540665380529	-16.22823851408483
-0.5318371589777856	-6.2398254245543985
-10.20348962990173	-8.513740347618057
14.556800468615869	9.438573149820625
0.5248646359886311	-24.174545888285934
-9.72274177960468	-3.0984515546181473
11.84286045761002	18.12797249005972
-24.361888856175433	6.562118483011187
-21.889667931730663	-0.051390657220114426
0.49781158652027674	-17.031564144670433
-24.351095898669637	6.4000995187102525
-23.39485517689847	-4.074025856322218
15.754995830617485	-5.984946656829117
15.40400658520172	14.878457495796493
17.59135041563905	8.702675110416457
15.275511835062105	15.814572684769898
22.346565040325622	-6.773952050436377
5.325870430071305	-0.3667012860090021
15.135193359169106	-14.168631885065405
9.637693935844272	6.122075946532651
8.400034942273848	20.073694946945178
5.189467571256396	-3.1919251327729263
11.472500026364134	1.8682882118642394
-13.727801361435928	-9.823262971596709
-3.3626304103120033	1.7858220589108273
-6.196013198216279	-5.6221323992622185
5.78475376041715	17.815364210106292
3.8092861836862033	23.072367211949658
0.676425853625461	-26.322332297911856
3.6867642304333037	-13.5194149489502
17.942366013157603	15.707396226226862
-20.888119390416946	2.207722044088568
-9.759440240576787	1.406726540659784
7.953113492952674	-14.938063980240772
9.664106720857255	-9.956758802074845
25.25795968184274	-6.809708323631501
19.970396536946815	8.838116656323216
-21.274916831242873	4.791403542658184
9.94217068193809	-16.936966526405115
-5.184599882964972	-3.649372522010677
1.0326031006956529	2.585129676338546
13.80858633814341	-18.462593663871676
7.676139977964598	-14.51527624516029
15.20906208569335	16.868824979141998
0.30658417225564144	-8.755656406567939
19.44222400250102	-5.657770733986333
-9.740997477662841	-0.1530272930235521
14.843877249958291	-17.52993820438929
7.6638404867650305	-11.768695990360202
4.175434593413819	22.607695542875543
-3.52417478350301	6.795485720068676
-16.789025443546016	-8.963865757765223
23.09236051431428	10.583959564739887
9.850885878728743	-2.7748641860684184
18.22338899607769	8.121713316835825
10.748466377802627	-22.17764062940039
5.6575592602287115	-12.61174659561765
0.9516426362199559	-11.075919685173892
14.900055430421807	-0.6291350408466095
15.988593965934331	-9.881106216893754
12.71610497783202	-8.266395614189138
-13.750021274771717	-9.778383174882203
10.135319551247028	-9.413549868676176
-13.237608000123842	-7.454022670253076
-12.457173475406837	-8.549076697850566
7.813135921474898	-8.341290146234316
-2.400257380267554	-19.852425815288562
9.251820201909993	-0.34489242403251613
3.8642040630944745	-0.26796515373345575
23.44034099509103	2.5543473783230906
-2.726775746484511	4.812741064550874
7.261053590290144	-4.694584143054093
13.67180941704265	-11.347169773267947
1.6598358733086966	3.694101201187493
3.359505881397007	17.343650976375862
-1.0086943586118204	4.773438196551031
8.384992131119883	-11.090279002858306
3.5367449193344296	-3.6387363813637474
-3.2800952370103778	19.700501927254205
2.474720434096262	-26.76347676633807
-11.508969243912404	-8.725581588001596
-5.372480998347463	2.017250273163125
28.150065589146514	3.142507582104668
-3.8283789447452863	-19.78909279422038
8.991859077274698	21.067987974077504
-2.3583714359437677	-16.177561735480737
4.2944300352911045	0.9986744666865125
-19.51059821103739	13.86961075748022
-4.116111857006898	26.477542378615592
-2.551474917915155	-20.47548573850292
-13.57192605696475	-9.835860310598196
-21.010011209100746	-1.653980523263346
29.84343668910844	-4.12543424029952
-1.6234710552433076	-8.086188806091362
8.095866222932417	19.877820565718338
-2.878118608173602	-21.416501579489704
8.323859014289342	-3.8725067713020414
-8.839951073886294	14.917828161353496
4.332651966058944	18.047676799547855
4.235050986099598	-26.23246575119973
-9.790882425096267	-4.834446179352847
-22.247082709488854	1.6694480910101797
25.673293872089694	2.4503737296224313
-1.333488188441103	-10.487505804304535
14.476110667167514	11.468672519633346
-6.980371155957083	-22.75788292323622
10.249518778385548	-8.02950016806999
-11.412941817692227	13.656547015165026
3.9622367015691355	25.30000430107429
-16.460425680973074	15.477676156959305
-7.733486756843342	-21.788661238311402
8.281461805165376	-12.301616569789859
11.171471650998479	18.604531341826917
-4.454075995359469	-21.494164127865794
3.610580833048449	23.53153125887912
-11.074535577604081	9.116212311238701
-5.780444543372493	1.356151196831508
-17.72826797825607	14.572346587416726
-5.4902667766489115	3.2849016092107646
28.85221490895514	3.2449266805479464
12.34010714127648	-9.521994499623142
-8.086789564975573	-18.04656580924657
-3.177072855481381	-17.031889887839142
-20.441500931433918	0.1785288789425066
-1.2620061419631774	-16.3873847958311
7.550181485899233	-18.97633618397094
1.7824375798377086	17.819919518438077
5.348117554728308	17.36757572345418
-12.579470740903801	-11.784986436917016
-0.14589615429421715	5.902543851479325
2.7870394327471497	-16.51783219718751
0.96553631810302	5.028637347300455
-9.40609598458516	-6.749346939419506
3.758378120673107	21.778752155356408
-0.06221330806672123	-3.030461292896278
-7.370340277672656	-8.786008002040818
20.479579179080392	6.286517304166796
-13.902056835444572	-6.684141603840819
-12.368545514876784	-5.760732432810371
-7.474101104980797	-20.591259063546122
-18.64645149638967	-1.6483227402067213
-16.283772148326367	-6.990196521423086
27.082999096523704	-0.9117697894365586
19.616488266493153	12.796013636961405
13.897670927534513	15.126360814573736
11.2570757800032	17.183296895417154
28.980072211169045	-0.6790644809008309
-16.65561026524078	16.662463528054726
0.9515082376449489	-21.476377458055083
-2.9955325686028824	-13.440498198110319
6.684897672077405	22.355943497696572
-12.676303667180774	11.118998984776256
-3.674212294233384	-17.071603631133467
-3.829440147430868	-3.8629525975897967
-6.088726280932398	-6.791279415939892
-3.2158855984141512	-1.924954383723237
11.621639719895587	13.17226608533465
-5.199679219483639	21.342230183960368
10.955007162296363	-12.813898487556699
-5.262821329609161	-18.658619048767275
19.036669354772105	18.392157779476474
-21.36706088322403	-0.4591398014544696
-11.80580458676547	-12.356755863484313
9.323068413337309	-19.750836529145026
0.7687214099849915	-17.327010260644922
25.21310709833856	13.714970928949342
11.06354683861585	17.45263449762623
-19.23824069361424	-0.9124875485109925
10.314634381087032	-25.371525451019394
-21.417400470056183	1.2443973252743008
-12.626359663495789	8.232262437438177
9.050949992272573	-22.523024322212493
-1.2503795601944965	-21.273580009287556
13.276316206202265	16.98082085366348
1.974145667066708	-3.6967394344368802
25.39305747643945	2.3380027571291033
-13.95795248599161	1.5962488317096737
5.743422633983841	-25.9855559881633
25.66442205407578	4.38508449040351
-2.8697243483549526	22.642978511887517
-4.18632460957388	-14.549126215423872
-17.38568206948413	-1.7288636321756357
18.828992620225502	2.3415844599624105
-16.90365484912824	12.6919901821945
17.404981675532976	16.220359862983052
6.1682864343793575	-26.105221201878614
-0.039277791960843286	-18.678309468344736
1.5831184111943466	-11.982332316642923
27.308799973806156	-0.5347528257640065
28.713304779188384	-0.3170356869728944
-2.336849600087081	-19.27306988775503
-4.00273086670399	-2.7034361348116347
-1.532553254579054	-5.527701617661711
-7.331607041577662	-6.974724713543461
-13.421872670323655	-5.330271459047713
-9.293266750049801	-15.04313410286267
-7.80715429879159	-20.229717974753665
-14.772053958184209	13.814220283669986
-2.1057207213030202	-12.903055285869529
29.516341107847484	3.885892852825813
-1.728134980446424	-3.610966483682514
0.14727931007688128	7.663005970337982
26.449556863298653	9.473102734772533
-11.365669902041915	16.040076093173468
6.7537987312114725	20.918850824840458
1.0172610522684702	-4.35671351121279
-20.952149162640204	12.079513902774712
10.484752162346847	-6.863175222631813
2.952782001320773	-5.712111079620049
-12.282828260380976	-11.21290602664048
-19.28230260410933	9.026328275107709
28.23097828089118	9.736232659449703
-9.374039217669418	3.4307474617758653
12.54270588185124	17.69158658016532
5.234312378231743	-8.636350420469485
-8.884625360817967	4.998725162182547
-19.501787949983832	10.93447318949031
-3.6594568782748094	24.99002243997339
-1.8436131716278898	-7.077549575948732
-7.107290220733675	1.0980961175853905
-17.971088124900987	7.814074625982699
28.741321118899723	6.890498776986452
-13.185483517761625	13.658310937912743
15.78388628144693	17.24436049170737
-3.115117616843257	-13.982433822611968
-9.556374969939926	0.7864810748615736
-20.067231891476915	13.952821983923851
-4.536912923437002	22.728025230041478
7.741303355483009	-5.185336308807904
-15.940625979959812	-11.032377685500721
-20.241666053608636	6.096475517581035
20.416625702497182	5.532824305463402
-13.183630460668734	13.615557295867545
10.328837094216887	15.967862063544295
0.3120578385531761	-13.015969725303362
-7.253731958058677	3.894212576903732
-21.795395111502053	8.96066082132183
0.7467558026539765	24.31352008787647
-24.961322985863156	13.254131651851607
-15.101190779215075	16.89553378194984
-13.808379160122078	12.756822108721064
15.285800730595012	16.345850912081257
-15.939006441065487	14.851420311132715
-6.400998729962355	22.75981623033633
-17.787497923098126	14.901646363667679
-11.38618394641121	5.192635095045697
-21.239289102617445	14.26732708463621
-6.4894090895140595	-1.7630879502704901
22.715696669784982	3.634816473280598
-7.950800064603688	0.9440864932098328
3.4939375232353274	-14.76392466731141
2.8335253350365543	-12.761055985753202
-14.368113697275117	6.488792820142109
-14.698485238886745	17.807838483245824
-5.139715739378965	2.5018923967844713
-13.990159672793089	-13.646436406336779
2.425099863221673	-12.695957359290372
-11.573949097398481	3.8399403922158353
-13.044661163453181	-6.010087850238064
-4.56679029090562	22.99509286992141
-0.303654759984173	-0.09751902240852392
-11.19614670410844	-10.728898384240955
9.66246783848307	17.105668011917817
-20.038509704329467	4.554549999523917
-19.70080766742365	8.15372133098559
0.5214695647723547	-14.045963542053391
-13.967454163511078	10.845709678832396
-16.95208859809473	12.596746723655066
16.800928691612462	6.679602606672346
17.47676415997655	16.01541362718
14.00293023439026	15.76818302576696
13.24841016054797	15.054125736451633
19.823461367933024	-0.16449298878092325
-18.223934661222756	10.658467267129078
-5.1079828762434705	-3.4938371722188255
-14.327856876990936	11.262873323993977
-10.246200010639864	24.016923832857547
-21.09274590708535	9.992135118984638
-14.873525565807764	14.39707254907269
-16.302752817453452	-3.536104109425015
-8.693621813572292	6.183958724680033
-12.128498877911145	-10.525275507756211
-6.9831651041527705	19.81594229372947
-7.262844567979033	23.960977599837594
-2.6537119774912608	-2.4230051366941328
-2.551978295138907	-17.705561384637093
10.652518332615447	16.635421298937064
-7.903206546459204	14.232825274553447
-11.939557423620993	-11.197570945936372
3.776874548692351	-4.545804796712941
21.559682580897398	14.04576395150721
20.004620574298187	8.086431515174192
-21.645850828537206	8.493319371061489
-2.0090012944525033	-5.379149863045056
-12.746775861455877	10.357134433221121
-13.72687533566981	14.197889908757789
-2.271535006862574	-5.828462439565838
5.392009254954957	-14.137752002150007
16.597248452466058	11.867420543369978
-6.432875035106506	4.99399526958591
13.670754987245209	6.630115862774486
-17.038896393404382	4.245240096073672
-3.8745531053638023	-1.4811125176453166
22.511270360830277	-1.5521234944056144
-4.076342034396827	22.993841722309767
-12.286567659928561	3.65016445118497
-17.42640728387602	12.14983209677874
15.713244992136715	16.047377566728915
-22.610589615220356	14.383797478510619
15.941742212366076	16.58518263689803
-0.3195796659474046	-0.9267724179538687
3.2737325918042246	-12.341294949614479
-13.77987520650277	16.522175955993436
27.343313425158037	3.1724800568194538
20.54016131690439	4.939581705048555
-1.4736814964237295	-14.969752005604233
-12.150208883441824	-5.9468400656161355
-7.796044624836732	7.397209630822531
-11.188439775678761	-7.296444851158028
-13.616368440256553	-11.148307388379608
-12.619290943899761	18.60291547051154
1.3459756754496925	-14.332241322133596
-17.717618276310997	16.162564827869517
-16.877574470861205	12.793930778419783
13.655589786620778	-3.863935040998066
24.447446456371505	-2.8897792055790035
-10.874015907115469	7.186064191328968
-12.379981997803622	20.09083317838985
-9.149888366654356	0.9483013860129231
-21.143654371853135	10.450615599324994
-11.720114635100872	4.7628647496692675
1.0114679014837766	21.0297680758827
6.5316272369638355	-15.931867736332016
-11.598805326665909	-4.332703831420966
-23.08160532435069	5.457350255255231
17.004707446627044	-1.931406428337653
1.7285201264684076	-11.957957895015403
12.784107679426462	16.653980844552194
-5.4541573974594915	-18.32919173934622
1.5545284735538538	-3.86583084367218
-12.775439342609967	-1.0094615759815904
3.728720240894574	26.211089010311532
8.936823447714264	-17.001082611215892
-8.646737373506774	-7.796978202778379
-23.450661312305364	5.256688716500287
14.524586718710834	1.0694780084198023
-4.621133700258005	-10.590620860260524
11.162743434346986	19.371518666705118
-0.14343371743121366	-15.984946485381368
-11.164468182412762	-15.33721570167145
-10.90653041041667	7.633725683694998
2.0683615015914256	22.84850005199636
8.63516683532952	-24.777551253206934
-15.090517019121572	-3.14855384964877
-24.593665674369344	3.252777479438062
21.312675845440605	1.1030109305606612
-4.044017103810355	6.217734491298691
17.20958217240912	12.478524453902152
-1.1797386944544141	-14.39557697755856
-8.361838489406205	0.6214873034512921
-12.270523554488634	7.393221067333826
-2.8464216632660913	24.031245597477675
-7.88019821586589	-0.1031432285719322
3.3223832921219167	-4.748799935845225
1.2169037584144715	-7.630143664430523
18.91430343636424	5.953204571292145
9.130088774231751	-10.991358046822674
7.205469670429602	25.673381795003436
-13.120685364721506	6.9236956075924825
-4.540953336804449	-0.6302939802548102
-8.53094064666545	4.902767324258795
-3.7932110200070897	-6.489533975848412
16.50464959592286	6.6999635962173345
9.286965169403658	-19.737221259888333
-5.010726378196211	-15.307998272934658
-3.034449655258788	-14.731874536238106
-24.240784450548396	2.6358941448671076
-6.661367312885507	-0.9759029897556633
12.563800676945903	-22.279779139008426
4.748942628054799	18.309903786063707
0.277855408564794	19.997835681185524
-5.553115993658952	-15.180872985527273
-9.454603422386054	-17.396535683907107
-15.418096154850355	-7.977568602955979
-5.039947182135589	27.429572875136454
17.20879368978837	-11.576411270507977
-14.325642062860421	-5.10738238005074
16.559727318017234	7.054873196365922
-31.18725936922294	8.261054893264411
-28.394705843354473	3.1828841662365694
-3.8422402980736186	-19.74926838497732
-28.82843277815414	7.399464189162624
-28.87432035128038	4.470326762043336
18.0967325899944	0.16014084250272298
15.351851685242636	12.448677085415332
17.149945100066002	7.942759447578014
19.813821311765643	11.13253264105387
5.089811512871345	-7.681377960416623
-9.573794374293621	10.353787802486483
7.01236806215334	-25.255029747347507
3.644172301134324	0.8405977327834635
-3.209045573065853	22.12370958015249
-11.342028155088117	-4.495442154867785
2.399341597347863	-12.7101523692635
-12.948450541529104	-3.71977713327745
-10.283101633113928	-2.4332849880576726
-19.142468309579083	-0.7865534624997665
1.4849584013084043	28.051430740649128
-0.6721530053579484	30.052093774121705
13.182045157940962	-19.251466394836722
-4.509995180877924	-15.904102552532656
23.752262438634112	7.622573114876117
-24.803580605924363	4.759760244503969
-16.829684796624385	-7.715078468724517
5.246095520614372	-23.720321111806367
2.296824780072543	-15.32499133697914
17.326300347889028	-1.46387686401575
17.716361221273356	11.93084465634955
-27.882455707325615	4.224374519914523
1.2301919710077702	-22.185403859086264
-3.1725962227872326	-13.102569391325213
-7.792294668748787	4.816160142251422
7.978285941211924	-23.213883596985077
1.4676017420386813	-15.753004248122418
13.6521513688534	12.05122122883882
-6.464918829180487	-3.7156851274431526
20.249285133995688	-6.366613747236228
-27.049578872027976	6.0494774730902305
14.330114332086193	-15.669362889596444
23.326038107429827	2.8702941552189696
-0.7466395439898114	21.844246587009547
1.3955901375097108	-2.279277252758855
-27.513759295587956	4.633082000682432
19.432046595524557	8.032290842420176
-19.470512743978517	9.262590798553259
15.147517698670818	15.953907401317998
11.702776935900115	-21.76058778391996
-7.62827233117154	-19.608236208427897
3.326468889814787	11.349102019455744
25.970749367908244	9.165972915493613
14.364742314003868	3.209019233807142
-2.1857074200779265	-14.926639936418105
-15.275544176072984	-6.46444123325836
-5.131970078738684	-9.942287252734538
-6.019348945449483	-9.716156082411425
-9.053248255646507	-3.9753050538576353
2.0303242549793645	-9.47057029031158
-7.298978225263223	-18.084627694403654
-17.12377586366208	0.6415866102983852
9.334520984561475	2.545311316192039
23.681990304936583	3.207402200202778
-6.0003417781701245	-5.411287824024479
-8.454781284391503	-5.372935343018169
17.608469287349322	-7.158856291594682
-2.29215311157263	2.3563538855977093
-0.39423161589219957	26.11850018879921
-0.4684258226236042	-11.806590094080153
-17.438261978785945	-1.3480915883427043
-4.374171971183569	-7.024531894133627
0.4129365586347622	22.61756912287646
5.734795857623111	-14.574786548584104
-12.168477276368987	-6.55902415826044
-26.22679141139665	6.252549337887541
26.7903022356854	1.8779604164874741
-0.7533415642659729	14.111663524777832
5.35540210108076	19.637867042551928
-7.058801913915538	-18.87962094626663
-12.057355422378498	2.373949175499426
-14.53110416416894	16.38885124512254
2.3112750962413005	18.218450222183986
6.135650434096843	-10.918817982076458
-16.395732705785342	-12.41221384119034
-25.362776955378397	1.9241600128135177
27.39723223096486	9.043282385437314
-5.576355182482546	10.975343477565517
17.933309264725416	13.397076625905893
-1.4236315424126862	-16.936889635242142
-0.005178521894010711	-8.830965805786247
-17.08021850237902	10.23920845180763
2.368494255855864	17.624666088874072
8.341961786759	-15.56934000371138
-18.048966698590974	-13.414294688763974
-25.837330630741867	10.767005241231368
21.016041462623978	1.0505831944876682
-3.946887411197684	-10.634913153431295
17.81383011645567	12.447948463287998
-0.5058623764636867	-15.891001223292024
-3.294555550957375	-16.11036086631377
-6.495359802410191	12.549511661194465
-0.8834080445669084	12.133041234691655
-18.049829945694828	13.63198687291506
-6.588608416416943	4.875809523058648
-9.257601822047334	-10.333328192662472
17.494394010455164	12.474841028717544
-6.088218487769207	-17.330243683980957
2.9656586286118585	22.68421935365861
-16.456462450514348	12.31915826769595
-4.372947346944905	-7.9113591735380675
-18.01457934206546	11.47377746561623
-3.203103365603501	-10.283884038200327
27.959539526801294	10.142007019326908
5.339771381055633	-22.368269769716253
-5.980721828478237	-16.75585050164556
-6.0158109232967805	-19.91186996559222
-11.486211143483239	-25.96041656845644
8.146686396528667	8.733970084437033
4.928766597836903	-16.684950695877095
-0.7619805159198784	22.949245863217996
-0.3729894995169841	19.34804001192233
-18.87610339027517	-11.30600018481612
-15.29649756397048	-11.019188006723796
-1.7757407262500935	-20.554706018891494
-2.3163894325482617	-13.462472098458303
-12.892931355427397	-7.222471995196817
0.5027135431536335	16.658230025979048
6.920599648166473	-26.393891931933492
-18.934638690617493	-9.193704217759894
13.744097468230244	14.135241597615176
-26.535526466951186	12.224798222781137
-23.89193378584925	-5.554870432148154
-4.331157487716166	-19.00364452753219
-23.442351471343308	-2.7370299705118604
-28.391218885795624	6.454977054204286
26.13085520505718	12.68765678562681
15.57587168694965	11.454931773098282
19.050169249223842	12.044038714778967
19.400237995653704	10.956119100227447
27.41894369267375	3.7307014430342393
-17.21722995034395	11.331937570652096
10.087499527148715	-17.426902645106136
8.081526331551428	-7.046825785321227
2.754025178405618	13.647798802792414
-14.403293965170224	8.55741029616039
-6.184052812520206	7.769845590663588
-19.938943044138334	-11.709457711208602
-8.917615940423673	-16.148486464811008
-17.05457158757332	-9.200221100968822
-3.7329028759377003	11.733643092443328
-3.605214281063573	17.12964615555723
5.479582929623463	-26.77728571810488
-7.894635222844573	-17.073747426047742
13.480802540580127	12.68848942890242
-23.710510639947394	-10.865166701233749
-19.773871543916982	-7.362333063916441
0.05097971751217589	-20.408202538393073
-2.66810824663046	-17.050821850910822
28.97739696893677	1.2496511622230373
15.284231502333355	11.14153834328874
-23.028161429073613	-1.3875682795286495
10.720376622446887	-22.572380079304985
-21.950057044799816	-0.21468094091014528
-19.36149986384372	11.313087203638762
12.404129687894581	-19.451715341675396
-2.187346335648389	-18.794934888251973
17.188515278880605	9.623126699950642
-10.546183616849966	-14.750598808235786
27.865747925350174	6.515928056137093
-23.200818803994185	1.007826068710384
14.719380965246614	-7.803010469548044
29.50849841530518	6.908204877224508
2.5174220935496523	19.329625792405178
-3.333294885788245	-9.701403261194333
-23.23411451958944	-12.897857430925031
15.437069170734594	13.790460767864916
-22.361533716964402	11.020461985665914
16.525075866359657	11.559922492747424
13.447118223384082	-3.5763935664653834
-8.91900318118045	-17.192635724524024
-0.4944515052256625	-8.211417397205818
23.900780849203066	6.069327814897512
29.92849937334151	8.177827746436781
-0.7434385809718259	-18.777750132173594
-9.046034985356938	-0.387650163217394
-1.379169012454288	-5.581365232990421
-15.837823408109093	-6.090497987878194
-21.881609268618583	-10.795065912239401
4.801983719547491	-1.5534019649741824
-7.478645237232947	-21.15240056732649
-18.624424683291117	7.718313815157591
-3.6391323427930273	-9.014355634711341
27.982609814507338	10.039538138972693
0.947174709835182	-17.3797723906927
-4.294117674324553	-12.887740268909884
16.436857383841982	1.8045506435424092
-23.397649253222013	13.585117217359809
-2.630385330569457	7.359003320371565
-5.3701554282495945	-17.657169962793997
-12.124324967218476	8.851347992288282
-4.512705130058373	-13.113053571659664
3.0878863945209782	24.00059855622903
-1.6207564349807897	2.1113001337248596
-10.97010753517745	-5.32421073477894
-30.19832009730721	0.12198148145193287
23.498998700380586	11.224562159700861
-9.520084065029586	16.093711765906136
9.268329890863193	0.98310073396722
-4.650146682185013	-18.49014463663335
2.763818298203439	-9.985002057872073
-20.639069498152843	13.867711124784206
8.31427893463428	24.428102764355973
6.756650031583569	-17.120795264319593
-8.525980224101477	0.20348396270116947
-25.79595941459207	5.96944031219574
20.543243457919605	17.852054776781006
-12.528264866954483	6.118278500893671
10.847703259756688	2.791378862913976
-8.876487205414726	-17.286065111061582
1.6019250422307778	-13.322327140341315
-21.384423147326626	11.681605045649235
5.312011750666544	27.9154607091258
-2.645568465542492	7.1431709773803975
-10.070591344327347	-5.511664023175069
-21.305114209987927	6.060448678345796
18.31860072025595	7.404705820981447
2.028507146675528	4.557196814047344
10.98528541895548	8.669071745177884
-12.734125258915427	-18.46541491426613
2.8311578198920477	-13.735751679774497
-20.129521422171983	13.333800769580622
-2.7764117871980427	29.04727425046839
-19.38776793256699	13.11944801477158
-4.975930329853357	5.07850414130765
1.346204153708719	4.052799271231052
11.999462719208825	8.951846910290916
-6.104173565017461	-4.420685274170913
9.253666521220802	13.599980452104683
-14.156234774408116	11.343947749246997
-1.520216162412046	-14.814465412959326
-11.72617975208726	11.064290809586844
2.7527322228674853	-14.05248544197378
24.544226384106274	12.481902958456804
10.332025686287745	-23.580870310162247
-9.13439301555925	-13.095626449129243
-12.719631635590963	-16.060992166525114
-26.55439379074485	4.925985035610693
-4.039913509628909	6.468672979068335
5.737696957656514	-26.86675007866424
6.469812198764385	26.2441001289672
6.396376772386894	25.223921717125965
-17.700576720890155	-0.4254585213315483
-15.13129857914682	8.41842567222704
-10.039863906013155	-19.181036484171234
-0.7415321544176044	-13.314379683672296
-12.362161299547168	0.8857863680628779
-0.6026582311967192	24.637298853705172
1.9259854069316664	1.7779647128146945
-15.21212463457869	1.6790339518495618
16.841837528683886	11.839247754857068
-18.120998872997465	-2.9068705595868325
-24.176164027310957	6.173060353698942
-6.249829442004821	-19.107231741208675
-25.490471827863175	9.192947782555708
-28.414808909788885	12.022657649791764
23.461243065960034	10.69568297209917
13.082714758976255	11.207138948016226
13.607086896324503	11.281539536546601
14.895226272812707	11.162844071990065
29.489595778971772	6.664721428580833
-14.819135414779065	10.901434006622406
4.182676508417956	-24.425382049883947
-0.46730525014753266	13.550516205714432
4.895191801653567	20.422338635983927
-19.421723440408687	13.332800937642151
8.875728110226115	7.576271472596837
-17.592240674100935	-7.796882705873614
2.97723456408197	-6.7475605198462345
-12.746659312082084	10.731508155849982
-1.3357197557242142	22.198783988582772
-0.897474135512862	22.732353677319836
4.34575795335884	-7.733407393821202
-8.367566391836363	-20.496189140346054
13.755473613934322	4.280020538017588
-25.152766721836688	2.1957693528176025
-10.33303713718276	-5.246341417529263
1.3608826691127407	-20.027074355570562
-1.4852381150755842	-18.517756733173314
24.74781543069405	10.313507445336889
16.699173499676593	4.636306619772153
-21.726567682463035	-8.861958873035263
2.647616218878783	-25.281534181677756
-23.72716887699914	3.3758574785598467
-19.608898513316742	13.863077488510932
7.606479957123566	-23.15715113218848
0.026947113228918806	-15.409210581714811
11.751629483016552	1.805455176300072
-6.6854180463775466	-16.348489361586008
20.948717843020045	13.25128070434042
-22.652617329442844	9.305943500917337
10.696612511525474	-21.925574644548185
28.842661496013438	2.0172738266632884
5.222546941600376	26.82983668807729
10.400820273609583	-3.410977375852247
-26.419318103488887	1.39389562376315
11.399354905657924	7.692628662696319
-18.08245727326967	10.83203074906258
10.405168157772984	14.47673462970528
11.150240007578505	-17.876674252371007
-2.7692147446306805	-17.456367274018387
-1.9365404190427347	-7.270376260382578
25.200043272676982	11.198006746450478
26.477549796220938	11.222711587200253
0.7193229075318374	-15.018285976533216
-13.679373215595716	5.590686574455335
-7.861194383525435	-12.769528885173798
-14.080585615486276	-2.65780937578105
-14.555932754040915	-2.7437735954537823
-0.9763287159158441	13.56201551354857
-6.723159828366182	-18.24368957282283
-18.842025974828307	7.581974250082037
-11.364717366587243	-2.439871173029393
25.48099901466842	9.038336099418887
4.823643473663752	-18.092034308417265
3.6818411004455394	-10.890692019918067
28.683682895364758	9.6607483971198
-10.145561460846487	10.803947453889023
9.234773395587263	16.523634081127625
-3.419707387156163	-11.747900789961033
-7.334122324134858	19.949506279368734
-4.881832721314386	-1.302169291313605
-9.777924029049089	-4.774920522111075
-17.70093960969556	5.2175594350852155
18.11965733927271	-2.9714469889333546
-12.528073395411987	6.971279656262796
11.71060185291276	18.598526752963352
5.745907091894514	-10.888267818255159
-12.562456557259386	4.136267514868091
-21.45465325099747	10.39053976334352
-3.7477707514783125	19.221678428150998
-5.520575493927358	4.610805996615348
-6.438505150048444	-4.700975218436798
-21.45838495611215	7.279655699423086
25.696524974624662	-0.5700539729256986
-13.146915783773307	12.96801757576314
9.737527318146206	19.818809308491936
1.7114869619913682	-10.386557215247445
-8.119163319995462	-0.2547158797572297
-22.978949348156817	10.819212745860103
-1.468696233181406	18.112619730267618
-3.1857797110156443	-0.8559133014552402
-13.309329730286388	-7.312183713152497
-18.592481387267064	1.0728370047685563
25.023867623916438	-3.7501848998277345
-8.605138260292792	15.198964655024357
11.326494398632889	19.646176015991777
2.5207997311974477	-12.937404294180272
-8.45758622876149	0.7075331802649591
-22.17777456580191	10.741878388576513
-0.5464223905511121	20.777370427945574
-24.517128596528504	13.53654447465041
-13.920759907945234	13.458233574814663
-13.872068773875455	11.933285642246588
13.268378283936904	15.859171934030124
-8.12683626680932	12.223326027832282
-1.7258311136354905	21.618784714634543
-20.6010875245753	11.854721188568377
-4.062291547854814	4.540074510190983
-22.324397187267117	13.20231021703361
-7.078414068782033	2.594210405250901
26.698618806488867	0.681975712341814
-5.162834438934015	10.38288062621046
-3.0831796602992423	-14.791458619034135
5.56135956761512	-9.559379681537058
-21.486112449982976	3.3874771585390686
-16.817745284711286	14.043170071323503
-6.7653474355741965	10.65449639958459
-1.7270460178379852	22.661773918658227
-3.840224154275712	20.3155112280576
-15.378836136969667	-12.376723060478938
-12.906291437195204	-8.222450330509917
6.356931775356499	-11.308179681347447
4.249271643189936	5.1015717176556
-13.499576444432394	-9.618081654038514
-5.297645973628062	28.582789629723877
-7.659069375429061	10.380828961237459
-11.479325706984284	-11.126920037830203
10.53091900261339	24.74578415008736
-18.322620848197595	3.0442471372941577
-20.01637806194311	6.621425976392236
-0.9246933192610935	-16.74709600783339
-23.200275514276196	5.089442557904314
-27.882227592032002	5.647519526360961
23.6091332352835	-2.2348048061122503
16.26736925530623	16.145276297597377
10.589363830718769	20.164354204825397
17.03123512317033	15.564447769639042
25.76617094408502	-2.5134453431332804
-21.669615940415614	13.231852832972057
-7.256697957856611	10.477264714887651
-6.427667500598996	11.803430150072083
-5.8365294658459	24.41317049333339
-24.93347452312453	11.1423804121305
-3.7931850573442754	11.062653091526718
-11.533335079625976	-10.682305030473934
-7.119101179594942	0.11569197464020586
-14.382130312328433	-9.692188056037583
-6.571327961302122	27.003022946164453
-0.9441149824729735	20.678855156590025
-7.760235821894317	14.18327968605986
-4.540683519647061	-11.173875790162592
14.474218799056842	20.718626027433313
-20.589426793978394	3.2434935974003745
-6.585805922778143	-0.9956801355544346
-8.57970273627425	-0.21023383677420077
-1.5032167209299148	-13.643297863687215
26.786601083220848	0.9905193289633852
14.091953988854478	17.94599741117842
-22.061193772815173	1.0254118749401666
-2.9689674397942105	0.18564962736908266
-21.249280483952976	6.310271894453589
-19.07727767189123	13.140964306858917
-7.322913244965426	6.146540569801486
-2.3856598815638823	-11.719768273929665
14.615435451951646	18.68553857222995
-5.6815708179686055	-0.9669440290305579
25.08013963181091	-4.154748948537287
-19.437444842401256	7.973944971705637
-5.298393356831153	14.274214592660941
24.351931371736963	-5.038075930049364
-2.4996485614271333	22.95561155532367
-14.611762119849315	10.833394820018349
-21.664080331719045	0.46441089188830387
17.042674390451747	17.132497030665256
-24.360351530271405	10.600189653043483
18.258552067758043	13.469393252074806
-7.518209481674358	4.473982142173694
1.7419479051267401	-8.320465773044946
-14.875592404176755	12.162031715480365
26.719269957746036	0.031064899216276462
18.597669217685052	-7.338454000610884
-0.4196595603690562	-13.020509055016884
-16.93086746885234	-11.089975316896863
-0.7638925573481221	2.1705051471342913
-18.48563860262488	-8.418196615581994
-11.068583852059842	-10.631359541773712
-5.270243321049544	11.873503618251549
2.4433400454709853	-10.438131529644012
-22.801858996151203	13.326571772300408
-8.699621916888749	4.573437790546781
27.008502060015314	-2.3261389336490725
1.2690550778650778	-1.4800691063148914
-3.434432769460411	-8.799242871526367
27.51997589326672	-5.418966000901536
-16.750080053257644	4.550226944016764
-3.381286213056485	19.3912875632438
2.9118239330228315	-7.577941944276798
-20.121201047840618	9.452968739407583
-0.3108567514578847	-3.7641865045847873
6.607430945197559	23.720232061113947
9.95748336492097	-23.651979553065424
-4.965719962908784	-6.280618813029633
-16.574090234024776	-6.727109302957615
22.31739826903077	-1.516628335192262
3.3090994053979155	-8.727438527365633
6.525606427388144	-4.4946712686182995
-7.16776671577725	-18.742334682554905
9.790603105250348	-5.494137130729582
0.4650238287457613	3.2825074982054727
6.6477114933195915	23.45347260425045
9.388857718872536	-18.73763202262835
-3.9909724148953454	2.753292737836431
-17.57217593196152	-5.326379746897101
24.074795913528437	-0.467822727287997
12.418872937361328	-7.500593673322794
15.267262350448405	4.39551460282901
-8.707916763156492	-5.3945138504465575
7.6262422580705005	19.106482117635515
17.242271681324674	-14.223813674551177
-4.617848919445346	-6.7537962225741675
-23.168923655262393	-6.509630397760824
20.519457693335355	-2.2846639167163736
-0.006457764763105094	-10.926682938398896
19.105208173214795	-4.699274137950605
-8.063849280899785	-21.428689406130587
2.460046804973367	-5.3942270786235
-5.765802122513879	-1.0882305013215094
20.0913804071922	4.651424932900083
-4.047541654117413	0.8059446808534025
-3.0956196627369468	-19.892630364263635
0.682962217051572	-7.666334145860985
17.2284685245151	7.345986271859776
7.700954442060409	-10.131763169854253
4.0329763192513415	25.10589029936135
0.9565558373837374	-11.726552665718819
15.046225521134915	-6.676087076055691
-7.239201405331416	-18.897593123383487
3.7943903951376248	0.3183631596809911
27.280286407521952	1.2260209250240384
6.158419051392665	-25.682749664641136
0.17835435636939204	-17.944566357105455
-3.174605081584234	-14.725610219222501
-16.507852791233947	-25.22596756880412
1.5501358325983412	0.43910124352095514
9.28483293965105	-23.092036817620208
15.778089277307279	13.074128916760626
0.4153722312916096	13.864733892864752
-7.0085522464401535	11.353919949621387
-16.705893916726307	-10.982395178401385
6.330380247683983	-8.02552306676887
2.6350914533856282	-9.67254285211383
-4.788509966439072	2.9249202874794284
10.634006438837828	19.716062286373027
16.217907619799327	-20.148797007306193
-10.265269870041696	-4.981830694746289
15.813765127725373	2.4162203607646133
-11.969470039580873	-21.488628399345085
-13.475547248375447	-27.55679577419959
-7.11752543700865	-16.924626011362538
-7.557565432544757	-20.76335147416289
-13.923883899154108	-19.166202035173843
16.128471827600368	-6.2298248521641355
21.378790821701063	6.883655187032369
21.900777113698958	1.4891821295789152
17.340484094976997	6.95481795210441
-7.055141739716919	-17.9646587991334
-0.9115258546907815	-2.128974311075802
14.369509084117817	-22.412667449143658
1.6961904825697065	-12.90789376254529
17.321895128852724	15.173941578581497
-18.156348212342692	12.072613945659201
7.936039980229569	-5.841768151092722
-8.793164367166513	-0.9624227835736285
2.597921283048613	-7.717175068240434
2.429357071158301	28.70461474915903
10.411075101112205	-22.76203672979761
-0.0976455148259703	-17.94740368835619
15.70198391654797	6.433771812496044
-22.57896245305848	-9.426230175959477
-9.148506444992373	-9.12108135041741
4.685195875126956	-22.424241229561257
1.5569707792022534	-14.131292937421318
-1.1892403303770482	-17.10702126009687
14.36413945634542	1.8401691952870554
-16.771713001068274	-2.474700779918412
7.371851438144478	-26.297470163701725
-13.587829143710747	-5.13466780163582
0.35587777532557585	-13.557065875352587
8.777209919602399	-25.789136622670185
-9.225651325004291	-15.826420282266334
19.180965561726936	6.968333190442912
7.90859643413849	-0.8968498874095058
28.255316064510808	4.331824440845982
-20.608399148771174	-5.4518408778970695
6.263288276248469	-26.48465730691399
26.271862027111695	-2.9958964173412426
11.070648633863005	20.87526420956553
4.624656154016213	-11.524641435392292
-19.684567577207073	-0.1395095018864463
17.82655336001702	-1.7900458814743874
-19.005415026419087	12.746412358462509
21.191942180573477	-1.7008057282524327
5.032809822814077	-24.152654632855885
8.61056209594031	-18.38731404817789
-0.5846447409879951	-16.47921947305554
23.816920193772145	0.19489137875915252
16.45504618921356	-9.681050108388344
4.4773879450977585	-19.200434733462515
-2.6346340844386957	-6.889906790169985
-14.672607201376556	-2.5776884490829852
9.924501831474364	-6.101670324226531
-2.312575847381284	-13.239355773698032
-12.314014151180663	0.7815465921228071
8.761349855619153	-11.408608294343939
-7.791598926049496	-13.957199079391678
26.69227894605544	0.7442284560529857
-1.8269896028353838	-15.51530988925166
2.6468226548358116	21.03009350421064
8.798754182835332	-9.232537090705966
0.4912245974899943	-15.786458822193417
9.564200800048724	-11.443767793405629
-2.5015396053137082	21.230585684009057
10.854967326496322	-9.208714966709419
-12.838992608781728	-8.16496840634898
-6.525734792518888	2.0518810153378366
14.135618880577141	-2.798309465582635
-5.7090238600021275	8.665735327485693
20.46397985683502	11.3649239553486
-3.0306277866024183	-21.739577563939502
-10.378068881094963	-3.3079573801823057
-22.186766127765228	12.575259285643481
-0.02230032015076879	23.541678671992035
16.253928971478	-17.076244818290693
-0.9583981201046607	-10.696296085628429
-8.201219633384023	-13.881579739271672
29.130729669009828	4.4455932493582635
1.3018757110314987	3.240506998537512
15.888781993192147	15.245756939076637
8.688417625656419	-13.279180818268838
-0.7445290440866917	-9.76589122887671
-19.50453757678299	12.57881881190751
2.4001406035514976	20.75414684783453
11.695727079979159	-10.351318057752092
-7.960148264990842	-10.905368482295103
-4.750429576657749	-4.634096341810664
27.764060586447773	5.379888876970759
8.059785073046461	8.668377995010053
21.593221563421757	12.51833995530364
0.00434746283321755	-23.078428854005434
-5.262908328561337	-0.8717908415418364
-16.7855069765337	12.305146504929152
-0.0171807177962056	23.865513129555858
-16.512791902979078	12.032818086436432
2.930671549560343	1.6717413507127303
1.1941194080100281	1.2557108472652616
16.019902134987134	16.01952720662297
-2.605833110098369	-2.6388530399558823
10.284396928557962	20.190302124829717
-21.67276808651985	7.934160076262198
0.4411299092951963	5.272903254033506
-23.263513973853847	12.807054422473554
-0.5927131543246241	-9.278728936321231
27.03832691147579	2.0992673886887054
9.01880800733098	-12.307860560485308
4.6764666463364515	-14.538924995007338
3.6865202255741503	-15.908823811914354
-3.7623591897340796	-21.443566724398654
2.161364491534189	4.811029944579562
10.646352359754376	-20.287928910837547
0.96645688802213	18.423839921465696
3.541490048408348	23.06554781534337
-5.813012739326965	3.161165899201111
-11.2865157051814	-9.908139945600547
4.497080166553449	-18.130917801574736
-6.741570066813801	-11.712352092661167
-6.993509879664178	-2.7377184041208302
9.555033542050674	10.590636102833974
10.358242153927067	-16.06654372333222
-4.263629691026644	-2.713787853091015
19.650009768914266	13.00572907075879
-8.943026401893194	-11.791076579959196
-4.963337009406223	-15.432017453556343
4.280167561838677	-17.30041524063587
-0.019332959180928713	7.776588307605384
-8.05513973986429	-15.340205858694462
28.98900857599671	-0.24626457114521214
20.759009930874452	7.6982103564575315
17.531438125041568	11.825689096561215
13.127194532301818	21.88896751021229
25.14429673450055	0.19823821898359179
-18.083128446511527	15.283023261157746
10.303775694187197	-18.490014109136776
-3.645224604014541	5.280577562614025
1.7793647871448879	16.872724032205813
-19.95094273201233	10.308434208089677
6.722410065105847	12.153366456395583
-10.263394312176866	-13.056102657629978
-0.238702976365086	-1.5437718608495699
-14.509171378798824	-9.799125898191893
4.127498045784347	18.351508316313858
-1.4585473345687117	18.068673351683998
12.76316957144067	-11.314491686803542
11.064134428268643	-15.763220818623939
22.838566544708655	10.104906467345069
-15.440859938477628	-15.997807908892993
-9.500416058603523	-8.632258495901375
1.848030288318195	-18.341721770193637
12.717666044114534	-19.026962010330923
23.554368444419666	6.108548008271228
24.111349914063556	6.049767116426375
-19.81551826275926	-7.830800083282415
4.551402765219784	-22.646019005910173
-10.961497839398305	-1.0736473098197847
-19.118024519105603	12.731058396690724
17.115835569487995	-14.92679408884814
-0.6387927219145787	-20.854927638508347
17.474692570724226	14.49313818578979
0.27839651621676764	-12.023517773485395
28.436646481931934	12.214133140535223
-1.4773036347810706	-3.665772308624758
12.596038046989072	-13.168066455413214
23.588894922956662	3.3990545708743576
9.974041373858567	17.05743637594068
-8.398207721346242	12.835302368778832
-18.796670638159735	-3.749290838050491
24.37351192000579	0.5486532282243228
-19.17422939414367	5.102537072898258
15.904194709524441	17.01940492866179
10.406226871455987	-14.194234456516789
-3.0396422365188696	-23.677486848579626
-0.8944040762409601	10.019746661881097
20.256077682731657	2.314105058816976
26.784533414282006	2.16128858905998
3.331506683614722	-19.401236835374025
-10.210783466522987	-10.087215946324722
0.3084776241351831	-0.5041930216640443
-6.810881644872583	-11.795915261180896
-7.827222848559915	-7.646276635168417
1.5432550736645698	11.425106030652417
3.867797896438278	-18.67407042038201
-16.589937284507986	7.945568786190921
-4.020361962554643	14.01866785483117
28.199428201133717	7.761703281979486
3.5465129658858188	-18.03223969893425
0.07818155267978964	-18.595496391890645
31.721340939974443	2.70433957154446
-14.616979619732193	13.246488520510328
6.439651945482247	20.610123615850444
10.786177748547516	-7.056762588423238
-4.881710318472079	12.433285298663561
-0.37513684709588974	6.347392930748915
