-1.2032546312319892	21.23764688307343
8.048580466232517	-20.783344977405957
6.9934186165907395	-9.928262865727634
-15.847684684207831	3.404275368025612
23.32506580172362	4.250598748015944
-14.135524445056193	7.853244817357126
21.355296262620204	5.3038392105196355
-2.958861768149257	-21.054633494363266
-5.207684664701439	1.2049824248360463
-5.46571247191767	8.068900592368244
11.222657323138604	16.899896734404454
3.028019624622032	-11.952545096942105
-2.288431196355277	-4.882614426592497
-23.303508555135117	-1.9186126685775753
24.431078486900077	2.5313291978647268
-1.4559805053131476	-15.866992318153953
17.19524294572552	-2.4477833589401095
5.618572131612814	-12.868779072164795
-2.8065036260543597	-14.282483758230974
-13.77685015851695	8.919799056694954
6.400361654733622	19.500681078713445
0.08774336530668939	-10.301149907895226
-8.115342244020882	-8.778896644368423
-19.186779068659085	-4.522212354740638
17.52848816167818	4.6168704027124505
6.055033485752796	-5.457440742651046
21.27464146433582	8.04124866923077
4.788563767012871	-5.175148889003456
0.47407861058991474	-7.351691622676653
-14.552184697570278	9.421616418562369
0.19272803398393473	26.56135483982764
-13.680681173920043	7.470915234407209
-5.053649008090789	-3.643955141551379
-6.024188794570152	-11.295373674163942
18.0706976420119	3.515662911556413
-3.108895771902947	-9.650974919904362
6.151854052075311	15.959575301295667
-13.391652780699822	10.073504827858377
-0.07586664244762835	-11.653287726328829
-20.743720465346602	12.878532718577485
-4.250453524500438	-10.74737626888914
25.050064479346425	0.7303781535763283
2.8970568851148326	-9.369887812387244
5.6399261960908165	-10.289536439324685
-3.479450147017764	-18.920771868803087
-20.85767103866404	3.021361385936884
2.892741078413021	-11.410468724216322
1.6699493140333017	-10.697198552691413
5.037702072376568	20.755811432766723
3.9520091162877424	20.847116015226046
0.9470439223514069	-6.930971114132946
6.341000617707898	-7.217024007174412
6.903827281722864	-13.366743660526081
1.6557599069271056	-10.073573611274197
10.671703133460765	-9.221267277211453
10.280352876791987	13.889332079342612
3.193137485319197	-9.565714262636833
6.642293620368092	-11.755753994616843
22.45432078282569	10.656685958945976
-19.401345279160633	-8.141773620684294
-23.588545922206453	3.589142554883528
4.7578091460330985	-11.742331045519142
-23.972816668170882	0.5293796043795046
-21.532522971008202	-8.896790955216892
28.12753443499341	7.365564890679359
21.529777840802968	11.065484448389997
21.332512199310163	8.334110455644153
14.704850814218782	17.136418091318408
19.48071800313465	-4.469367996701546
-7.708977814347077	-19.20073149483196
7.8685286238595955	-10.848515612184977
-6.152230572571131	-5.628166295279901
6.227379013975782	20.085433050147593
-18.380479032154888	11.773070695212825
-1.260421035818138	0.9619204092451834
3.0766289538376683	-9.180556670414015
2.726622326371639	-11.302233628214973
6.5160530035537025	-13.917714384393584
-3.416073153684524	22.77165859145671
-1.3000541725527093	23.79033358611857
0.1265060453091693	-15.578617304930075
1.2904584279365823	-19.62146193073102
21.68585588911018	7.159301113717463
-20.28355839497473	-5.39327321049861
-3.718030492181213	-2.2706811382618364
7.539788097358398	-20.911081082730938
6.4933366803906765	-3.6904500109718605
18.250285751831154	-13.271739084025736
22.083472941555392	2.1760960731763594
-24.16448878675645	-1.7253556940994272
3.126119975887038	-14.100443584749213
-20.62190189056573	-14.858841778605878
-20.16468755183333	12.037237652643023
12.558965148061214	-20.264605620220724
-0.12392920552462464	-17.503438839946828
20.08875424678346	-4.66658135845458
3.045301105425903	-10.425611869740193
22.51263007971127	0.6913492477017003
-24.716972015914504	-5.221049279428294
19.939887760926666	-19.190664043960247
22.811455674843472	4.970911125621243
8.537318595645772	23.52191463112362
-0.0684582799931763	-3.86353156923507
-14.327619570284638	-23.061648886493703
24.488501258128743	1.2807751084702963
-16.44290860467745	11.514071949800785
18.02172275946849	-1.4541822659896257
-0.7618585655108917	-9.198593519586492
3.6610737455039324	-11.363770588084325
0.7943692911191244	-7.012200358333172
16.85697409224386	-1.2949623714652259
18.825758137763557	2.670507568066402
2.333545718020043	-17.60984928011393
-2.0491191297533295	-10.635356272848497
3.636753203746066	-11.408670985439745
2.867575837427623	-7.512811449331548
-4.977524910229249	-4.560643706377218
-3.2021378683387915	-16.23550856238226
0.26222222246863636	-15.957669290535584
-11.91670025659086	11.525277912093081
-3.3380172444949454	-3.706427265525316
16.65735583396869	-12.011824941660082
0.056350806920774175	-18.74319311918245
-3.7237037100638415	-14.976179441454729
24.519187418462607	1.206599158961954
-16.17920162251006	-0.5588885694082799
7.719458053147887	21.019011969814944
1.7883404098019513	-10.757334778003909
-15.280658826083204	13.856724636876523
4.309468060093689	-15.559480147675936
2.0701890439621318	24.062814733245045
-3.852754384321957	3.810583661536162
-8.49827070897022	-7.610164233891802
-19.614293920661378	-12.027876238422634
18.519458518310408	-14.96870166606453
-0.9953907844081952	-13.1592560530601
14.648794688813682	17.04876710216126
1.1370331321173992	-17.891674180116894
1.198633481653787	-5.275735306903876
-18.263039237938045	14.015519044057264
3.544712567524266	21.53285568287285
2.814637227273252	-7.28348571054118
-10.124460483424764	-11.653604784875915
-26.993168147455425	0.8496000160047641
22.34965774297794	-10.905475499853425
-4.390448887486373	-17.53022634401995
18.10723197542428	10.373974080574758
4.8008439010025805	-20.39546178438955
4.254901566671164	-0.2993479049970945
-18.398434741597548	11.937086289354042
8.150763280045258	22.31090653996385
-2.2791276806891263	-2.539426350951882
-12.069949410509276	-14.186308905212055
-16.904618343544186	-8.002900267114748
19.69399536758779	-12.349105143795818
6.24444971256161	-2.198022807895703
20.033296438204378	6.749277779297014
3.830708168798685	-19.605808186205593
7.167505212439951	-12.268641478192695
-16.188859997161508	11.56006089587284
6.019625808135414	20.878905208511767
-12.856691060284538	8.16716257626046
1.5589566541479503	-15.327053340148645
5.038118271629646	-10.937581123509098
18.321106633860268	15.468115751621
2.4568499323761874	-10.254616606732183
4.318402362133858	22.54256520757777
-14.548225637152868	12.311353749346614
3.6056648031478504	-6.829274589750491
-17.023105270579062	12.647803996895432
4.045502723788876	-12.556199270949586
25.283499982133133	-12.567105071748532
-2.3320415609649228	-3.46869964601453
0.18067497705247293	-20.07229434246417
-2.280854310126032	-19.49603932454693
-21.49154354435492	-8.611402850598365
-2.406412656177028	-9.659517639107019
-1.8299379727285379	3.6733382816425304
2.7624044156739074	24.30691133100408
10.805616834611783	16.261047333895966
-9.60378673564	-9.76840365163119
-9.700517451652178	-12.488158454651845
0.7559955636775362	-22.243708447934857
-5.122319891808421	-0.9873832346574422
0.22865264968797203	-4.6417944327418645
10.569057699499904	21.56948471756536
2.159162616039084	-7.34440822953561
-3.2690612754637125	-8.877757388258647
15.652727485687121	13.266707108630765
-26.072379052930298	3.5194937805050293
-19.189582038957187	-2.1629925192012722
8.842197014017476	-21.005527759671132
-21.921345670682648	2.3339734918599513
-23.118551289802422	-2.4341533823147685
20.417448686481546	-10.555075722790429
23.76157500333508	5.487970116100144
18.429706405831404	13.241814097405426
18.888576667724895	16.775013975984578
21.11666420610222	-12.682739249984554
-10.273811394869032	10.486881913706862
7.2117879975159305	-9.829840738139117
-0.0761641737762123	-12.352670563525765
5.797052115152538	24.42202604150352
-14.92522882693756	5.4045815504886745
2.925324716644697	-4.009249098823844
-8.923591104334635	-12.33612040449307
0.0005855161325383218	-14.702232962789086
-5.438159027388609	-12.583549217024592
14.789533745604604	16.311420650715288
11.290173719637512	20.565796919247745
1.544544992175988	-5.5418424497348315
1.2383436639040555	-23.558879494639893
17.47262303599135	15.943384662514761
-20.384566834175633	-6.616789617956911
-5.325955826035628	-9.247844687879391
1.1679059794004927	-10.669181849408512
5.702005584974385	-19.793212215198846
-18.373259862837767	-9.562600993331039
-1.6393712485839327	-0.25010745096630627
-19.783075035180687	-8.76645886064302
-14.054233897129784	5.220137779011331
7.5863985562148635	-10.90435776230723
-1.564474338635117	-21.809534372205093
19.5132111505009	2.208861230505279
1.8635355977500263	2.934221196072893
26.356873915370315	-11.774070361029883
-17.86921349280303	-9.137552984849947
3.877964487732288	-11.026780191378071
24.760350276052613	-12.976380566863805
0.09265247414723554	25.132529868142516
-0.26552307929705704	-11.034127239233156
-13.519988722625506	-8.96621778342244
17.484746041379296	13.727882285935902
-13.866731688042927	9.544535237646015
9.94473113153424	21.58024783966394
9.518898739540955	-9.693491711167713
-0.26780690673758356	-20.882887905983708
7.78936047708118	-8.672092408908274
20.77519334961714	-12.922376969044462
22.267993793522564	-16.083868270456197
5.526927427451226	-20.481328738314144
1.4604347957435924	1.430123064782494
5.422727344030719	-15.745385829252886
-1.2791470149128754	-0.551857729754016
-4.305752342518139	-12.145104073826044
4.42508077243766	-11.064874536194015
3.0820666430704566	-12.837169860684567
17.548825194142722	-8.193072062802152
1.3331406835742368	-7.560301987883941
-0.4003621141721192	-7.919990105304226
22.627705822496665	-13.297847330865398
-8.875514149868298	12.687488268615214
8.049337184308264	23.18946782544728
-1.8155308016404779	-2.841829742621382
-4.107401132727113	8.456721280759249
5.3085452804512006	-5.30862065892277
5.673458275781236	18.718389154327447
10.768781943471746	-21.21756160224505
-10.670483109679783	-4.282655453969382
-19.399888260030174	3.302514483677567
21.029873283378812	-1.568715459490611
-11.518454966269418	11.210510815931684
14.486529144334419	15.595230226564494
-5.712072407798771	-22.31924946812439
-6.645032730806683	1.6030152927098802
-7.90051969228926	-8.763655035847247
3.147127557069213	20.976002535686494
8.78693574229257	-18.538435865366516
-10.778944736161147	-6.671076013830405
-15.697745245802993	-1.1959659950662913
26.43793953061996	-3.9010282104005354
-6.1493019856217535	-17.481040935800433
18.354089014913985	15.184763195555359
1.0463558395277548	-17.782884619279564
1.7090749692016352	-9.291621118478114
-4.2503305852538595	-17.08839377078771
0.7117537631087923	20.73830541531695
13.369080948080562	-17.993115921402985
-13.309957164021414	-5.181721962786822
-22.417211672924182	0.868478898000788
23.3696868370461	-1.024775882184398
-8.912760719649672	1.610662312550134
14.961425967772891	15.321888922443604
7.403223402557693	-14.395140626450752
7.10051241983162	-7.664774515655668
-23.385001613376218	8.747776995456572
5.815905614527292	18.460102946884646
-17.32123164742648	10.621029806238939
-7.554265068473323	5.142214700407996
-7.115908980976347	12.823149167015606
17.727367027664688	10.109616283895098
-8.518283626423235	14.459848474124515
-3.1097167731782003	18.985887106764395
-15.16017353073023	6.726666950878007
-2.658461793736532	-1.8485654823920576
-16.15204759609508	13.804419276031917
-1.0992055038445843	-1.7712853491407528
27.561115234492917	4.200197684291131
14.161326558836857	-18.793692998662717
-4.252935017177189	-17.667743244020137
1.3522686914852797	-13.772064163988714
-20.55737153536277	0.03335862175240269
-7.1103241136163975	1.4142717366874866
9.710492920892953	-16.910548750385264
3.652987230161373	20.554275249664332
-0.5524683402437145	24.85315028130653
-12.394025170878665	-1.527176464705547
-10.128683267859058	-5.354028665069551
-5.258334194793121	-19.479786347980742
-8.229873058516255	4.301086758825182
-13.334974086449183	-8.836295549528888
1.048121262857284	21.335116225004345
5.552814391033767	-11.574623374255443
-12.357487666449032	-3.523977195776644
5.5726200943043755	13.636855972374478
-16.29140611566878	-3.2742279869724373
-20.777902589407205	-1.914045521076044
1.8980910194393135	-16.76658043412703
-25.454224706020987	0.5551357160263309
-20.377127990865443	-1.6958303354743365
28.910567235780164	2.681080696240872
14.127217993382372	16.910159805671615
14.654022071897808	14.925966875831504
19.15338075884169	11.235671174591433
25.96770127937198	2.6184181915079114
-3.292732469760192	-11.356699018130529
11.374076241692496	-20.405173623040177
5.284245670107277	1.069625988386087
1.961829457199341	20.75709568323331
-6.9301144005915205	-13.557126182205586
-5.568095424835633	2.7512681704872444
-15.568688570063106	-7.7929140444622895
-4.835999886519517	4.488230559271245
-15.154117287703544	-3.645505953074736
3.4185110344570906	24.562454620604285
0.5254914087646188	18.045407455827092
8.250811041115952	-25.38874204161932
2.62421151725974	-14.17272331037341
20.600304355893066	5.282446693738315
-20.44419620189593	-0.596239650474858
-16.058018950629176	-6.344522048195495
6.93975267100073	-20.597258838390164
0.9520589102893463	-14.177705985792137
26.393410359192657	-4.146335790053695
14.060469809768378	16.77310764319382
-25.323245675334583	-2.7420391634359134
10.879328657543724	-23.079739259809077
-16.022498915117037	-2.743794260460423
-7.236409254047965	-6.037236163989298
10.229525389348387	-20.701767084481173
-2.0277402469236963	-17.407629511177767
17.377965724839157	11.197379953077604
1.907915357113026	-4.389482418838501
30.41495792429747	7.832878833853824
-10.422676832044266	1.139138959603205
3.5435150339281396	-25.27475557146706
20.722510894459276	-6.501080301654788
1.2203454703549244	20.370666782454958
-10.077732920751975	11.732911135625027
-22.30997094806427	3.9420493774897354
17.14879544929614	17.54512074562937
-7.8946345711018555	-13.370434359802427
14.998803264779696	15.627129873090535
15.16498082570581	-12.520195696153928
4.512095322508852	-17.008591451381278
-7.901074927139922	-1.3256193555868208
29.44728345169058	9.42658664462705
28.15992621768032	-0.6673878240671519
0.11677170544001216	-16.026101168712348
-13.645860507443771	-5.043459311952097
-7.0227454591320715	1.1709063482459618
-11.528464248771	-6.762985134668158
-12.932438148261484	-11.082065077089238
-13.41610057056533	11.50068069141018
5.184826722979494	-11.91453518035535
0.8386866284729072	-0.974080728886243
-2.2147843091639596	-13.951478864834597
28.916860476494797	1.6276265634280425
-6.928707848530501	8.376886655127272
-4.835003637609516	1.7949970781339268
26.779911249259346	-1.3018037182223199
2.2048493089259846	7.566788054480843
2.4880607510291224	24.090348104599695
3.380686308003443	-11.96688518750345
-0.1217549552303625	-8.263121388254662
-23.73944671429998	-1.7277773949235036
-5.278591384725194	24.994502549918366
-6.066148838897331	2.4252584499844962
-7.655400665784721	-11.201035062797219
-21.222380471787307	1.7619269117782739
17.74561586931674	-3.749295510092475
-10.244775781518591	-2.9036004245543983
20.900665669801608	10.88992687498854
2.569199904663194	-8.535109444468267
0.13890342239936904	-1.1142270596861905
-19.317423840190695	9.656295061804485
-0.7830696040596409	24.927325818934282
2.4982652679494075	-10.422302942028187
-7.143516577008779	-1.8607015737961037
-17.392198997055214	8.273035794267834
22.107923146999553	-9.746285174018062
-1.4868296898419548	-8.032463417810762
14.068249804744289	8.036424313368423
3.3951635453840865	-5.4150279779205635
-3.720020641444784	-8.16670414781186
-13.584850982013185	11.057572236969687
4.545217978955276	24.11056980229113
4.502683005367387	-8.496452775916772
-6.098939951560561	-5.913987653673545
-9.289166429111313	13.599695243960735
22.061248070891228	-8.114701505772786
-0.4146611012015296	-5.919177718067819
16.14227813234311	10.071977398509862
6.253695811302114	-4.684977381914711
5.082034204126407	6.795228729259838
-14.575357448695021	11.31902569507886
7.575414035108167	16.953724607846233
-10.651190562505745	10.781957150195906
-15.20067966571542	1.1044058436104986
-3.3419884660257546	0.4787761699121242
10.063842149244792	11.137233415273142
-12.271573508699419	5.1581944014584655
-2.6579189665837872	22.580890372703717
-13.232938088498514	10.171348784852128
-4.827760753709392	1.524282440959538
-20.63900342674157	11.706556864563908
-5.488336046465353	-1.9200435253776589
19.160507683010117	-6.340080973610481
-1.2680470700470154	-3.4406400710873934
7.228230376760458	-1.9410801130752366
-4.417752725486756	-16.524980439634692
-20.621576346239355	6.583744176736365
-1.5246314678890662	-4.41996741042247
1.48106548102339	-7.791620103773032
2.776903454672882	26.46971411645131
5.38479713860892	21.571279029694306
-10.478973808621172	-6.33299300199772
-11.629453351470612	-8.509866223342941
2.4787305999057523	-7.1683947556974585
-7.03818917320069	2.659593265583127
-12.517982071378029	-5.141665342738252
-5.405998126011504	26.174740431317687
-0.3334741064799356	-3.3750188194385786
-11.705270259732037	-1.994117163095796
11.053303544634284	7.309305648583327
-14.218370490589463	4.661806368794923
-11.379855753002808	9.694657762106408
6.203277384274534	-0.7349387938918984
-13.956588826510032	9.598179113423347
-12.788370875235772	9.159195565807506
22.54038497633836	-4.763016877271549
19.422444388899034	12.826494351295192
16.82727610403201	8.101511647363052
17.6103005146722	11.965914439224285
20.263386318401984	-6.1382873191039415
-21.11056442399128	11.01023226141368
-0.5033070182176239	-8.070808164694576
-5.374133110684226	6.109683541787814
2.134841128464616	18.802426255557265
-11.997126181508813	6.954695326166669
-5.843351179372083	0.21734346407776253
-5.540374970798376	-9.857802429489887
-6.7467013167784735	-3.616688151097466
-8.968445732499962	-8.345539774447833
-0.9196653349390254	23.88400273052285
0.07456605056382357	27.035662677742106
6.359536552308206	-12.750695458043984
8.906660742358678	0.7633563574402003
21.098290590704533	9.317648113154583
-13.532527715105752	8.327207692266615
-5.991063268770201	-2.9086099192913686
12.692962339837779	-12.100115372624938
-5.1751572462880295	-14.14497728815573
17.434994380362713	1.0223085146543647
13.557042195993272	10.884230328478552
-12.766351297004539	8.092894821689196
-0.4077451782477033	-10.607849583920904
-15.942091080044024	3.8530979662931135
-11.855050355466407	8.970104617801178
1.4475267152628972	-11.26553840235682
-1.5329333470774955	-2.2287525963747887
12.734005704212489	13.16075129699107
-2.297424098450342	9.113928333607973
21.210397790379265	-4.5205999533588646
-15.114987312003942	3.45956207599594
1.3619509264549756	-5.8929513017793616
20.7528151495966	-7.183720637614179
2.7912654613310877	22.40406294601246
-7.131853102852312	-3.144468429683853
-12.110675179836049	6.502771477941913
20.832794420366977	11.303448563473165
-6.626589606553041	10.73178157715801
21.19815287157934	-3.92234262379917
2.2897632153747534	-3.5939248999281608
4.789810861152575	-6.245955021314339
-5.05159959691783	-2.0134572471824947
14.9612605967133	-3.3223400947088977
21.520864997259856	-4.04443986082793
2.9050665729123857	-2.2994386526983166
-6.529532481283135	-4.189270828219173
-1.4748093089752827	8.153341509471732
-11.082472913097062	-6.8122333099623225
3.082813348815509	-9.774323340263376
0.5405352190383499	-9.942377776718516
-1.353162417324112	-11.257908575303498
-11.150141846055801	13.314806385664882
8.433867993618225	-1.3863043480838895
20.383483328774318	-1.87379233655823
-2.575593714501505	-4.028971192733852
0.6710889985816741	-9.437952893084299
18.97438961385151	-9.498715955510862
-12.820704590277956	9.470346639020013
0.6446409702487346	22.296192560241195
-5.981710555630476	8.733763561056067
-14.650883737936141	12.629195621043946
-7.958042966985104	-2.2339591159218424
-3.570959965900795	23.95578821263091
-0.8670013225093541	-5.581079274439725
-3.1112466311104123	-3.750994546954597
-13.947724350762972	13.49451081165379
19.392947655434522	-6.390772576364986
-1.9713297215443744	6.240449563482522
13.97349182367352	12.304584155019537
-5.770990874065366	-18.41693935171558
3.553417043589034	-7.948682288475246
-7.9544764540114	9.97729385423264
0.12074795499768726	21.988303604496988
-0.23119707696873149	-3.9933020399529386
-5.167239259281354	-7.465037568797942
-19.17922673090064	6.372856119007093
11.794174098349595	-7.693656534300093
-10.024563634785803	14.440244054182996
12.587671712878677	14.546205150771712
-7.213609742945868	-22.247885280447605
3.789530408051694	-2.876138714300031
-8.685575620036536	14.05603268485308
-6.483529870064971	18.316842322715335
1.614683493498367	-6.46669947842218
-8.141052274073514	-3.028493990931945
-12.138471907664613	2.2894202816592477
22.308847106086514	-1.3477928038356184
-13.607729775421848	10.934825030705996
13.045883864946743	17.229153158587465
-2.4351696886712415	-16.067461717258297
-3.8443180455043677	-2.2455178248360066
-13.672690355777036	9.28398685350051
0.13081248482583152	22.157900127624256
-6.10653578053062	-4.796018718127026
-11.79562018635383	2.2870003905388563
-11.302089081584148	14.408890410599662
14.15854310013076	11.732041126122002
-11.46406287410979	11.697971168849861
-6.207832295119995	23.237026161593413
-19.434933738070974	12.627757419744388
6.00957801656499	-1.544305171795629
-8.339122463571465	6.159458603474624
0.39804008730283114	-5.743858455891866
19.20847796143384	-2.888091994550445
7.419434062661921	-3.6457805139408594
3.8089831176271387	-16.648876607329612
-4.273569005801161	-20.162656498982606
-17.845105969528305	5.735566223362918
-13.222986790500014	12.092025973772627
11.996139395255494	-2.9647619057432046
-2.4874454405983943	24.748877585450412
-5.017037222548837	29.240455219002104
-10.31453421510838	-8.17035498732307
-4.876260477010953	-5.254574913567175
-5.826650251646905	-16.726032860240903
3.255040023777695	0.24568762909770683
-12.70386481526002	-5.499540458434776
3.6404754915216726	21.19645046732541
9.57541327434042	-2.92882221768861
-6.142437117448461	-5.718589628056618
12.97653837813217	8.206554549092482
-15.128581349706797	8.016192035418634
-19.686582017792837	10.264719229634899
-1.3161814035966124	-19.296590199539594
-11.002622180902831	7.8187064239589095
-11.795569170935206	6.778976812294874
24.75582338697225	-2.5458760942771077
12.78745927868405	15.12944106772761
18.486675185895894	12.389200177387968
12.377169025785578	16.039097776375772
14.767216340481866	-9.247169361442918
-14.06610635393897	13.94246995925288
12.172578245099507	-1.1299736849722353
-8.457689996389341	7.372206978606988
1.694101699463323	18.747762046484038
-19.16496774794869	10.194411401444098
-7.966841352800411	13.549451452006968
-10.563647160950909	-4.2495415946850015
1.0902291557494268	-1.099654070763484
-12.966282885478273	-2.9255121944083946
-8.719869347263081	17.999113001851306
-1.7612331464811344	20.090485118738357
8.226707590147225	-5.289668515482076
-5.3541582226265785	-20.915269754190692
14.342282775364191	12.401286484530363
-14.208454096906275	5.8712121301852465
-3.341386886423151	-0.1837608393497135
4.927223810602887	-4.771609137900286
-2.085855366234279	-20.945811962730378
16.900099545026745	-6.4828422307963836
17.757258086635794	6.219518780406858
-9.296338223495972	1.1736488987055564
8.975425029371639	-1.7132133945606691
-8.243586088993645	4.5994891760154255
-10.201423947316037	14.603461073486008
0.3495953736785766	-9.343091843248384
2.791651022946965	-19.362700044798572
16.314194848385952	14.37865382361415
2.275661990636461	-6.202403232272489
18.463173111514543	-2.1013808687338766
-19.50438607914623	4.333104370603458
7.892900346107547	-11.499156099114577
19.936952499296773	-3.5623337646136335
-8.805323886219522	19.157165144960736
-11.487047611228524	17.24792903042525
-16.93173107806322	6.451109630405752
17.472791063237803	12.695727853454832
-9.180244006369964	11.334159551428424
14.558124477760115	13.926891656467054
-0.15015156657352846	-6.2728128882328384
-4.632654901865231	-20.380851991725145
-10.571111612900335	6.653994418675049
15.63182483176411	0.2085938718007708
24.37048438852003	-0.8877851354042965
-2.9045452926111794	-17.472303735868415
-7.632578003065413	-8.802160235107989
6.453307773301656	-2.4104390613853792
-19.015214191052117	-9.301268471137403
-7.35053139782214	-5.060772279435189
-1.835044951264422	2.567685276847083
-6.441500310950133	-22.2314281570682
-20.882183900724097	12.282524054093367
-12.314891247725088	13.186827623186227
12.505212203574368	-6.283472875451718
2.0988973057446154	-1.5981570772933293
3.590994698206016	-10.444159920026326
15.023765231848483	-4.311253982334979
-18.463625594680174	16.30339480135957
-2.992260448974539	24.717598940830126
2.500742111960356	-6.665536240881099
-13.806504233160368	11.506313132762951
5.76169710956367	-6.581973254681572
3.2604220084428692	23.409825232358116
10.300580978342804	-26.076038280445264
-11.274578165035535	-5.648231859800796
-15.796927802422756	-1.3702479085244825
23.240201938708953	-10.46244167754398
4.4994713979070635	1.578531624371509
16.736653871223886	12.70672753871726
-1.5646677468355414	-17.767695225495604
-5.8188683232857645	1.2438543569530476
2.4150082773009567	2.5328134457162763
-0.9735868515974215	11.539480685744989
13.75974003342611	-15.994900059948908
-10.562970781159887	-3.0118290635699
-18.69537923599204	7.865038240424027
27.066659371784294	-9.234970607362055
2.447143124081364	0.33292655305590746
19.26020080307158	13.870413622980212
2.211419044925381	-18.965434850503915
-1.292372002260034	3.9493259361510096
7.477502406790829	1.6587036382835245
7.571313741448976	21.131350327208793
18.13105229053142	-11.036028774681423
-14.441735435413365	-2.7887040117146844
-14.537483137651646	-3.2091084774928706
17.059781359515004	-3.6780009153761197
0.7757510064318217	-2.6187825760278662
17.271311617913476	13.83131174374543
3.9966280903971936	-12.836399896828626
-3.293303774905545	3.476727605371836
1.663870285488738	7.23220158327652
4.942404687560609	19.292699081792247
10.268837034047158	3.0284253137247257
18.15273145722029	3.113750596217856
6.2177924896831955	-13.619434925818801
20.251427431781096	18.20631182315703
8.40632832005027	-8.128513925959695
-0.0839583785765613	24.966813067188983
0.9525943657319561	-4.419791934284812
-3.650838500059456	-2.4745646997172788
8.511133620409593	1.2371634726936527
-3.707908297023914	-0.03172682159766685
18.31159498253597	-10.635150211204078
10.389897645427636	-22.0593736175522
14.665794717540633	-7.212565896387285
7.975694951414814	-8.390230384118185
-11.729562624723714	6.748958553633555
4.46318068090215	-9.68758623045299
10.440072900333057	-19.570668235906663
7.633382900392124	22.37478231862416
-0.11459499858310557	13.166974314666412
-15.081913804022506	-5.858431736768877
-10.961069235031935	-8.264853459205508
4.0624107232691875	-16.282151287498454
-0.5183010039599316	-6.187097064108893
-10.099063891968147	-8.48180659953392
14.586126379022096	9.38669622576934
0.46756598342182637	-24.19112925829299
-9.733638253406024	-3.191440112786308
11.931976061685457	18.085690041214498
-24.425372428487368	6.564909399483447
-22.033563551568765	-0.18950401402344313
0.5755769412668073	-17.149150121090013
-24.337708485810843	6.308509715381329
-23.346334304000862	-4.0936127337783645
15.729280110697976	-5.975385350611297
15.447510006861796	14.82299949541433
17.513060444373846	8.824703152382257
15.083787571422556	15.735045606839842
22.380340276609868	-6.592674104873429
5.357379501794924	-0.2208094857152504
15.2447798615325	-14.192211257625534
9.756656500991038	5.974386400265511
8.41222254570278	19.953198557734524
5.168611525172998	-3.060130307227164
11.415475096618005	1.8600490410341988
-13.55594752152155	-9.777367217052774
-3.3232764026797996	1.823377093626573
-6.132363568355807	-5.583089511162497
5.696283413031533	17.779675331252044
3.8291907428449203	23.124148391634222
0.7485423257563218	-26.313031322901953
3.709557632900642	-13.527858516471412
17.98742312202608	15.602219495494795
-20.96784804736665	2.190735380792321
-9.781522805531635	1.459639790744168
8.087787244765671	-14.99378001084266
9.815238721339796	-9.910155900078138
25.239417695149534	-6.737536413402401
20.069834586741944	8.778076756918736
-21.27464047468604	4.864839420418624
9.804428027012667	-16.808359925034857
-5.127037760215953	-3.722392088102884
0.9825697449878124	2.52940777027439
13.879937689624802	-18.418789527414678
7.779753287829956	-14.652783285854328
15.195212690887477	16.805741429732855
0.3699129655290629	-8.626287689434676
19.429737579946472	-5.628265751621477
-9.635279551430921	-0.1635509460121357
14.778834093881455	-17.447290811997902
7.812706547924403	-11.87055692432618
4.300723928844456	22.656071941934446
-3.6638592770552365	6.9273524687617725
-16.752394805225727	-8.944610300808082
23.050483803357874	10.589381514462467
9.815113749139147	-2.8161642290596336
18.262804291924866	8.135335862427315
10.851692453429552	-22.288521418615726
5.613058577629532	-12.61117080998881
0.9388320650707759	-11.110173466613888
14.973061281909153	-0.6641725497932587
15.982358230552263	-9.828115586805595
12.706431863081006	-8.310577408307175
-13.866160435879374	-9.961629182803534
10.166017906988664	-9.371508846641118
-13.34985253004212	-7.355295818659367
-12.439781629740269	-8.677491569579573
7.86419829839416	-8.271786520755196
-2.407540818953319	-19.92283038614047
9.244366032174378	-0.3067755855621006
3.785416675714154	-0.14789137630878985
23.449069644578007	2.5373032564276055
-2.713726164953038	4.9023877740787905
7.213365445585645	-4.734303262807914
13.845827704717445	-11.344689226721773
1.607336021805658	3.5813015574334623
3.384923278298234	17.29363042108888
-0.9632681126637396	4.671141294181961
8.383485856649065	-11.197919418153226
3.5077484653536795	-3.5980983611202646
-3.183581327175626	19.681559406923537
2.49867592513312	-26.72099698353425
-11.5787164117506	-8.686120379933007
-5.398456159341435	2.0552237018863417
28.180029530167324	3.0841252190714874
-3.8148214363303334	-19.822588626163245
9.050045784582105	20.9369627033169
-2.3145713122888307	-16.19996800490033
4.314517800906794	0.9836786329842158
-19.511277027072936	13.965211929879112
-4.006835910162265	26.519578019736954
-2.5136756032384975	-20.40151144629982
-13.495307131850396	-9.772126039663066
-21.00113992369172	-1.5717842980489345
29.819783180622352	-4.1352008104448235
-1.4543599710872053	-8.171334614166387
8.027231647596023	19.723238215760936
-2.923253345237464	-21.26402358239462
8.277127310046184	-3.85028067727426
-8.86277976495548	14.97144956577138
4.211922157938404	18.088597381077477
4.173777957906538	-26.235987989631667
-9.868036655058763	-4.8719951345832575
-22.131184448194265	1.6601289928556364
25.701721806451495	2.490894746125461
-1.333173642544409	-10.630061980349897
14.58086945140504	11.413232402172019
-6.841537711085095	-22.74940522207146
10.270693435836431	-7.998701521849104
-11.301591137459704	13.51225482577353
3.9723573098182494	25.251597059817776
-16.46363020791624	15.567989006701394
-7.862937125119216	-21.774932964674864
8.299566344865688	-12.224120643252395
11.152558612179583	18.542936868566564
-4.496232996053022	-21.563786918560293
3.493186278873585	23.62441492881763
-11.109496833215943	9.109675909685164
-5.676661407187271	1.4266673003670503
-17.650739504537576	14.57318091161617
-5.558171341734368	3.3712467432481246
28.955135274616037	3.1605894014821576
12.43758546694814	-9.553569691537032
-8.180937164830896	-18.11949111499803
-3.1426422471260738	-17.128070873068204
-20.405078562768807	0.259472100513721
-1.3218669493375612	-16.416178010593914
7.5703565428225215	-18.925980346627803
1.722222395789502	17.801371450693132
5.327294917326052	17.318822360155938
-12.497886751126178	-11.807173147383299
-0.249419257484858	5.954646923887399
2.773391223033137	-16.491976920022953
1.0172521689256644	4.997877407144465
-9.475015086115388	-6.684454716814873
3.6890662677216612	21.570796255222568
-0.10698000762946254	-2.904684888581086
-7.395008186983407	-8.805813915741448
20.46356251657923	6.199394493420125
-13.873442564956477	-6.518087532796579
-12.379118035033967	-5.729533926004569
-7.393624131601028	-20.5194545758184
-18.72070573351064	-1.5152664516567793
-16.38608779537062	-7.05462981048859
26.992426138604564	-0.914137450992608
19.743648739386188	12.744634876349144
13.885919598600369	15.034258298649245
11.239683814145954	17.324627476225086
28.91948683551445	-0.7751312976713928
-16.638784572990982	16.55981661442921
0.8370239931297043	-21.540110007630236
-3.001983959425041	-13.494365234286972
6.732338819429044	22.35623576964791
-12.527146483566447	11.07976585565627
-3.711232220912789	-17.105000480459626
-3.738730029349168	-3.7598292516519853
-6.11170836671257	-6.818797060671712
-3.164761858025684	-1.924619698107946
11.639188824573639	13.205555643781908
-5.1771841239197975	21.18686897907727
11.027416916814087	-12.831469445068503
-5.273927756874779	-18.785720738561253
19.02014388203397	18.452936199525272
-21.455271391709523	-0.45803033098431695
-11.798791462001676	-12.280903098252052
9.375877769505411	-19.692046885288462
0.8870457783247612	-17.382595477000812
25.230432507464293	13.606298988286996
11.044937916552982	17.437248335691173
-19.214648214847102	-0.9144507774831656
10.278590678417087	-25.281578584051815
-21.420157259840465	1.144073385254157
-12.649954416759227	8.195847710389655
9.059479619765641	-22.50577708162292
-1.2434558949391497	-21.14950433773928
13.287623701648974	17.086815610113273
1.988898907261669	-3.5945761740049247
25.447893841827256	2.353435701597814
-13.851584162971458	1.6499103703554057
5.596549409693276	-25.98527078316347
25.709864205781997	4.320477448174069
-2.797973362245791	22.815029006443467
-4.250211660705021	-14.676448809224754
-17.46802908355502	-1.7856162571780099
18.918271167510582	2.3534140497598357
-16.862509119498103	12.74848018023372
17.33899868412657	16.245937980596945
6.178229614803512	-26.124072842574172
-0.021788771727214995	-18.599649443364
1.751723291825312	-12.01065664794385
27.240218480924952	-0.6525449782082606
28.780634912643986	-0.36889408919299455
-2.2920339706568247	-19.159440964768535
-4.1756820171518445	-2.7502722063796825
-1.6179086086447745	-5.503688850328381
-7.299980763327548	-6.944078973876214
-13.497843825877919	-5.246085742298238
-9.366961479452822	-15.077226363266218
-7.899018996803935	-20.167897047038082
-14.868810473967367	13.801595690624978
-2.118962203026899	-13.013396639000469
29.519652821597386	3.895932222623907
-1.659029636485879	-3.467550687542597
0.15560383676774778	7.728804056787232
26.48983031214048	9.50548935171154
-11.429813495323303	16.08786874992815
6.895116578495222	20.933783098062005
1.0533195966130247	-4.325990352463066
-20.77839734242173	12.072348559828976
10.504575473312107	-6.789170950919534
2.994749126989331	-5.835238995132223
-12.309064034532335	-11.396049399170169
-19.32971535103441	9.015354788032134
28.262106027071244	9.602871693749712
-9.479353754997351	3.3887985394509417
12.554630999419285	17.766550235150227
5.200735870418782	-8.504443615732296
-9.01446767830707	4.961265938056516
-19.566945452481935	10.9906759359313
-3.6810068783257637	24.918173464202813
-1.8491075889736992	-7.027671322883376
-7.051036362498914	1.0965899860830992
-17.94271281915814	7.844517581176307
28.77103621476588	6.952654934184719
-13.11217556109529	13.625197347793556
15.733530828367389	17.140993856323423
-3.0493617282471526	-13.970170106549157
-9.487171627180325	0.8607817992976842
-20.021876604724703	13.992327869692785
-4.3450981144156415	22.719116447986053
7.856751044827756	-5.2637112004933115
-15.99284500630429	-11.170664853742332
-20.20399457770127	6.16816736296242
20.41992232141385	5.445793056507858
-13.174496690830253	13.67347073814922
10.365819035527256	15.927334337227016
0.3641711299288957	-13.041439748149443
-7.2722210524058	3.9066998466250076
-21.833614211292925	8.89078400208662
0.775396634630537	24.54374984834023
-24.95664614938327	13.14239146998004
-15.110313899093365	16.846350350216802
-13.835561366423356	12.683311179776897
15.433527391475828	16.519350895594194
-15.805186882030146	14.96083218282319
-6.393001580211447	22.774471040495026
-17.703968044725126	14.865153610048322
-11.45123115919923	5.161286030050545
-21.354741859008367	14.212712346216417
-6.6332644981319175	-1.8263548617050138
22.63907021917045	3.727448909361745
-7.9295336518276365	0.991150723603205
3.5461182290564195	-14.871386991305473
2.8325937026059065	-12.786937269841335
-14.417256121532372	6.466586636721047
-14.716053766980108	17.876589080154783
-5.222739702456265	2.523814832746581
-14.02280235432529	-13.689283288683905
2.3544615374152045	-12.698410619870572
-11.567519026890293	3.8497378369927477
-13.119118137416923	-5.961986261457134
-4.656278456523381	22.93666982843588
-0.3750272608013131	-0.05513237816409533
-11.31019482361853	-10.821243573541647
9.66394145899103	17.137069797390417
-20.0593142582113	4.572027577510146
-19.593967762633326	8.088101712506727
0.5267100836180383	-14.108554357829108
-13.953428403254938	10.789942602302848
-17.100301833627046	12.427842767428677
16.713393813276163	6.785799142557207
17.43188458421713	16.045914766562824
14.025852363578036	15.666348789508866
13.214459148715097	15.134250871888918
19.878016987621656	-0.19146857086839977
-18.39195958794496	10.700115654111029
-5.1249164594322085	-3.4759652363775646
-14.378716017917013	11.292405248675083
-10.297470254216728	24.07839530613938
-21.03741550625161	10.033437922376965
-14.894035638236783	14.384230043101605
-16.28635271469265	-3.5599749924476214
-8.720499674713608	6.157428576851799
-12.13541712468323	-10.536075635169937
-7.016263034737195	19.793028752580813
-7.226348123655778	23.978250066792572
-2.502276868636903	-2.3516043362160053
-2.603067689260625	-17.740963104613236
10.635298204255696	16.644426663421783
-7.911286556793509	14.122895154868786
-11.93350891470065	-11.22426518885921
3.867015562880699	-4.5887841191543925
21.656719398989452	13.987620542685761
19.788502880495496	8.219099808381635
-21.640211902198896	8.489381204031856
-2.0249599955254007	-5.524182276427498
-12.77656498910482	10.277944531743675
-13.781552516688057	14.150332057656279
-2.214237119786086	-5.910162075510407
5.341196756104102	-14.186170890231057
16.43594342775656	11.814455526893026
-6.5029380799804155	4.866404996486031
13.654611705344012	6.727386249227054
-17.13537740927341	4.134331355602427
-3.9847524700830093	-1.442693459166913
22.40516136109156	-1.5177433244347767
-4.196316269607429	22.99557736128844
-12.293491807644914	3.6737026323228563
-17.407810109645446	12.068229800124623
15.65857922866012	16.154545078675653
-22.64851287151377	14.433342644822321
15.860044216870232	16.551529499516874
-0.38564285662974906	-0.8780513386859914
3.2522942945761986	-12.321755380305264
-13.784527483427278	16.565976605676127
27.210100280467923	3.1417047562495166
20.519272129131004	4.912715482191091
-1.4612785784339306	-14.962168771192946
-12.259876455764646	-5.95596047068422
-7.833312162636648	7.404035701027091
-11.249637480175998	-7.2699775774458075
-13.691388419699289	-11.244179818694322
-12.575679557559956	18.530435378964427
1.3281134509427335	-14.25572089132982
-17.58602555327772	16.14948666814151
-16.780727281513393	12.774703425572026
13.583311135069561	-3.894715428305114
24.445877599252327	-2.781783759363572
-10.803669232167929	7.036433498978156
-12.345603044486042	20.181680760040894
-9.168476313188474	0.9259542072618414
-21.18499818040793	10.547691239794858
-11.845836102245649	4.738892968370888
1.023875274074217	21.16832840556655
6.526348448252949	-16.05131012649804
-11.463369594644073	-4.267856636244081
-23.162454849842618	5.459489882659802
16.986758462102394	-1.904614671772207
1.7400218412666169	-12.025176042249697
12.786439077292364	16.620838958899746
-5.32795769660066	-18.312787845551345
1.530650113430965	-3.8512742261099766
-12.848957085893046	-1.0222376089261531
3.7588089315751927	26.35509457963562
8.817002782401326	-17.00301030070354
-8.656580642245927	-7.673778595434361
-23.403768222768683	5.289419604751619
14.464290206137765	0.9955773477228201
-4.636700859060649	-10.515315058323745
11.122077272355668	19.420609089517697
-0.08811844891788126	-16.011329459974025
-11.2313257969999	-15.337678300999572
-10.88767956349932	7.679814453591342
2.0747719880905895	22.960834629549552
8.67481544171555	-24.691962167426368
-15.173017435833984	-3.097479720467917
-24.644726249309034	3.2094005604860434
21.296584513191704	1.0184657761763594
-4.01193319497925	6.2099956933592555
17.204693948497233	12.396418243017548
-1.2026938872204713	-14.449244613241667
-8.21411538110395	0.7306234367178873
-12.363406949783483	7.4077273732288305
-2.8199229514811504	23.965005157930282
-7.912052893462138	-0.1496923009012139
3.3094097566392993	-4.828186905374368
1.2650469383073664	-7.650372380351343
18.794716690321103	5.99616021070692
9.230177850476862	-10.881519410019619
7.045056193412773	25.67501108041678
-13.092623454724576	6.971611479529493
-4.516705298405409	-0.6274212153771497
-8.632235354378478	4.8115614639163296
-3.889821879051326	-6.483687427502822
16.516510216349914	6.70403558165131
9.131616612700562	-19.83189831495434
-4.934871953093074	-15.150381858231082
-3.000017027264763	-14.667303295951996
-24.26782822670359	2.527441432226069
-6.621623559984688	-0.9631559596720487
12.619436142555424	-22.236018432277056
4.736233181499719	18.434790925453736
0.26447129464004593	20.059243401177476
-5.603802664555891	-15.133334432431498
-9.48464439857062	-17.44583236411974
-15.460002068004972	-7.957440253191184
-5.045652455369334	27.333070685662978
17.17847136154897	-11.708761625571864
-14.28512552012232	-5.0450224726877515
16.605163159651678	7.06604522327008
-31.21504027935893	8.304911389908945
-28.31734318844318	3.159913049581084
-3.8304482151931865	-19.79291402988133
-28.88557247807035	7.4561060528230625
-28.750137639123064	4.4303163804210675
18.0454737266057	0.3277100054503053
15.39149609982422	12.406723691815078
17.238136670155722	8.055031318773176
19.737111551161167	11.04143605973584
5.095126316524863	-7.796260888539345
-9.722359116053905	10.42196408476688
6.962122735061538	-25.303004554046485
3.7419973432167546	0.8749072862292074
-3.4157667010859782	22.214657691283964
-11.253226588028639	-4.45563294215817
2.3856976973398902	-12.620082459163749
-13.00498244136888	-3.5939463710679553
-10.181662623316702	-2.4561659786562915
-19.199047382208978	-0.7798790846827661
1.3243109616686253	28.080898995756428
-0.7280292867748231	30.101980652756232
13.144874562986596	-19.20512645180269
-4.543388143713206	-15.945468946057858
23.65976862455835	7.6034802123914025
-24.811816928974817	4.844924722456791
-16.82821452323498	-7.682427746850823
5.246444063957571	-23.73363412339719
2.259062381191627	-15.351786285937484
17.381829755799497	-1.5525195549508664
17.717759564542597	12.062361924887082
-27.86028669810105	4.160931441811964
1.2549122069967649	-22.211247062411097
-3.1662371400960616	-13.094289022566945
-7.782143952915567	4.787751041862276
7.943772465753556	-23.292424475149517
1.4574267797961473	-15.718411730417287
13.567052756445321	12.055506644811738
-6.398646528727719	-3.809439190817108
20.282457551163617	-6.357378877052903
-27.045628274321693	6.096357511634656
14.410284726327788	-15.589732941851551
23.2934880025726	2.885802578477662
-0.8116837578640158	21.764182974223534
1.4400495007446177	-2.201958477193954
-27.527523415814915	4.694500796334509
19.427892247976352	8.004583752928665
-19.560127353938427	9.419617670696761
15.083972067193054	15.898041320428643
11.597161745535276	-21.594224776962093
-7.753887305259985	-19.582106365272914
3.3327686154855445	11.332022238029106
26.131757540853034	9.169081485946348
14.290846928062944	3.20297125967902
-2.081862413415049	-15.014269187368951
-15.300335211783509	-6.490606809112094
-5.168199994787258	-9.98392097815092
-6.044543228147507	-9.66519380010016
-9.094175233533985	-3.949207019410451
2.0346998923595856	-9.458563578037758
-7.398055884633651	-18.19320587995
-17.225592017870863	0.7366226524869264
9.395065744393674	2.517468885059581
23.79048142773253	3.199045284257681
-5.912975513657759	-5.405407591277775
-8.574595678008741	-5.263494135996766
17.654578247473953	-7.299732385478818
-2.3277475048093086	2.4196342197154945
-0.4195128968260795	26.157004223465783
-0.3420139192278858	-11.7983740010146
-17.374652437030043	-1.1876600460246913
-4.381647424668626	-7.093024089005972
0.3843055089589858	22.72137300761086
5.739585918107063	-14.556016489711629
-12.151126740208088	-6.68958081132175
-26.160187715516905	6.146403757530689
26.720798158851043	1.866424530999698
-0.8781339659478566	14.223495198069797
5.412865236659019	19.510539533125254
-7.108943008095809	-19.006921224252814
-11.994628057384093	2.354449085611858
-14.616451542112392	16.411662694518053
2.363718450102771	18.293911034797844
6.225700610078015	-10.937115986851055
-16.432603451724848	-12.381939958790525
-25.371717769723162	1.8960199943233744
27.28678670954435	8.991886171619544
-5.643147201050906	10.984142404005452
17.987310097070004	13.499028540234864
-1.3952067617426478	-16.986434722635686
0.02832248527709391	-8.84192662657747
-17.093523261038992	10.210126865200985
2.3739552383060034	17.680233481695186
8.270834258367403	-15.596320227469022
-18.03317087301142	-13.382206430281848
-25.85544284572447	10.743916529314903
21.043585361676158	1.1287453873168678
-3.9219630819200577	-10.637134226267172
17.78306619038116	12.481108023702557
-0.5638198567433419	-15.818411310975401
-3.23304621920723	-16.096175168628168
-6.552712522937291	12.705686379773816
-1.0149749649566995	12.170882133172856
-18.105476996254303	13.78991550540615
-6.5763209016160875	4.81494933898648
-9.211671951061009	-10.307677604896515
17.504015162712978	12.580747124088699
-6.02468170086533	-17.480998878701506
2.9946631576122322	22.675218591029726
-16.486985172638505	12.222594280655802
-4.4251230524684795	-7.855501596152528
-18.053007608634484	11.518340655631594
-3.2580623764213463	-10.334490191360251
27.94231252832631	10.239383430648425
5.295361674962957	-22.379567059344588
-5.912126707019305	-16.77214149026155
-6.033435861731773	-19.95344092708996
-11.52204991083279	-26.00748840998683
8.15895357383014	8.698995700655663
4.960065346373605	-16.693119849755462
-0.7422936622702092	22.83480006200408
-0.2777698973386192	19.464686919333047
-18.887888065307685	-11.277222611967066
-15.251334290867886	-11.002882386183614
-1.7439557342828065	-20.660040319437915
-2.330344990623189	-13.444956320544687
-13.095160611234668	-7.229341200065059
0.4663559295322811	16.502039830315944
7.02504521911171	-26.358591120563943
-18.956784719949543	-9.186810232886334
13.837890057125408	14.182243784702234
-26.46802015933227	12.125556038695018
-23.895225071672577	-5.605026993440226
-4.3835948810193734	-18.930308008397624
-23.41017595184947	-2.7563825071762404
-28.385545377029747	6.531945711125878
26.21832123672262	12.791913789738812
15.628653878336094	11.342970318428426
19.065253904466896	12.00133886352359
19.452810771775262	10.852373668794973
27.35494862431693	3.8465982089461286
-17.22844363087207	11.28145855808559
10.03077814484074	-17.329574584986847
8.02108673207019	-7.102755108832851
2.7251467444529744	13.799655209080365
-14.405281476142996	8.563201676521627
-6.241613577693198	7.712917641097624
-19.938675315569203	-11.613857389023757
-8.940463757631814	-16.241418036569804
-17.06023511320653	-9.085032119126558
-3.7753638717346805	11.784308810229552
-3.396220553933592	17.156271368588843
5.474413849981843	-26.835758844532492
-7.938559908755676	-17.0753466657335
13.599399627457174	12.729702944331486
-23.727397989373873	-10.856730883007359
-19.760582479434163	-7.261401529133051
0.11859735796380046	-20.33943717540943
-2.6183325431740996	-17.009583468756674
28.96191709576425	1.2768392649285056
15.29027600379922	11.117904707193421
-23.019509197800314	-1.392847473357099
10.700002391901089	-22.52546949713088
-21.98639625413717	-0.28389018933852656
-19.458520587220047	11.351062374206194
12.479224557016293	-19.31739697578014
-2.2529352913920553	-18.700612748856567
17.139412667313245	9.615818733481891
-10.54756602887718	-14.79869122132409
27.891218517818597	6.5022208477177825
-23.143218202601226	0.9643115300509056
14.566291060088115	-7.833978125438848
29.524166641811128	6.779865040858998
2.60099043127486	19.241175791906077
-3.4280752245893096	-9.711014666959361
-23.311996691096038	-12.809276192807944
15.405468035054353	13.841187232259866
-22.353833387401917	11.029201896000073
16.470425520726266	11.544299477461037
13.499234783600773	-3.4201784232162744
-8.779124926607077	-17.088283051908153
-0.5810160891542484	-8.314492568400617
23.92966650716862	6.072326777617663
29.921111746344927	8.02249362722553
-0.7974697322563566	-18.75135474440059
-9.222077818084507	-0.35904877826669124
-1.3430935655588778	-5.595393597822738
-15.858770550106339	-6.111323876055719
-21.898594175769958	-10.756034243821576
4.770367060735915	-1.563152880662883
-7.434360516993707	-21.362936601559337
-18.58458146613836	7.752121610800862
-3.546590078908027	-9.060177394448598
28.067762926299302	9.969804492188658
0.9147316558319829	-17.36578432668074
-4.1215212725520365	-12.903278916116694
16.327143829346653	1.7780580822927647
-23.367012726749056	13.519276089870257
-2.6175171653294265	7.473567638629205
-5.176127168455425	-17.68194926041435
-12.049241682887356	8.92114217220265
-4.509064470392269	-13.082626832239495
3.2145937170781163	24.107849214067016
-1.729522206178055	1.968371247914155
-10.996731913770947	-5.376200311605883
-30.252538038861477	0.08621256026190223
23.45173924118846	11.151378488777002
-9.564487745715637	16.1458732046871
9.298125144924231	0.8908230810882038
-4.648026632015259	-18.560508774132014
2.77159535124013	-9.915725206427528
-20.587699525571974	14.00436135942577
8.268402883655444	24.319052798931295
6.67910438803657	-17.10533363444382
-8.540191161994256	0.14580445363857608
-25.76151492618112	5.930419256102506
20.632256451109424	17.9230415382073
-12.589769037931967	6.037008729918094
10.87390090634578	2.801953091640605
-8.931514094749971	-17.338835967635138
1.6168863364456436	-13.31026480509173
-21.38820959684682	11.620964459538456
5.300697051833203	27.961614754461692
-2.49591380666899	7.246039567279913
-10.03780692247053	-5.597460028940956
-21.288125815465374	6.106751613202853
18.29738601920486	7.277837340342093
1.968704984436607	4.5231139970700145
11.02472887775349	8.788334234034675
-12.712006714191263	-18.42137825381388
2.807877685311855	-13.846546604891433
-20.249458267527086	13.366079020413288
-2.7306903784064707	29.01469054544151
-19.404591308292602	13.047775589790733
-4.9170556938265895	5.009743600260945
1.3862963966379673	4.118113918107495
12.007389783339718	9.015761187634327
-6.095185471838857	-4.373165302105398
9.333709274647184	13.669301792087115
-14.10205394400353	11.177638189279389
-1.537820549268517	-14.928039937437049
-11.788323963502348	11.085013189786789
2.9304026880626033	-13.911796385422841
24.533384976908522	12.433581443175575
10.309198294842874	-23.556561101127244
-9.13728461050283	-12.980998470571262
-12.709884660067841	-15.954654862460231
-26.59561324214889	4.9362211012985195
-4.075937837134413	6.43652160004689
5.680364811309677	-26.839615678499847
6.437939197735225	26.19410530306699
6.429427821218305	25.322392648642307
-17.760738376487737	-0.4160122920933082
-15.181348847272272	8.432283560463183
-10.095342558495453	-19.05633277025155
-0.7712641645050491	-13.345833611393903
-12.349217421038652	0.9264039793034592
-0.5756560064955332	24.610477112289537
1.9517310833355304	1.6610671322804713
-15.181683414287658	1.682996939431913
16.79855468418098	11.87279144001906
-18.19598381003828	-2.901098263456433
-24.359951699980147	6.34000476295781
-6.399580605952636	-19.081053189420995
-25.489722422628823	9.119244122672193
-28.28657236498644	12.051685828096325
23.400919814299918	10.709144400938413
13.059403832136011	11.212962086749618
13.589452110624384	11.284270866445599
14.81867276635545	11.209855360855256
29.481077627572436	6.582884507649515
-14.762831034279042	10.978899843258425
4.114573252666246	-24.435957437977958
-0.41812529414946	13.486007029918682
5.113139574080009	20.370161578782078
-19.382648676671746	13.383757602050027
8.881167172675474	7.503807420134136
-17.66804128816152	-7.776879680700385
2.9500615034301125	-6.687876439374259
-12.753400729614077	10.84532020795199
-1.4720671919128065	22.21194211048473
-0.9630532934282399	22.728824853055592
4.3388883914734855	-7.6930862556648405
-8.355108260275868	-20.505462495030947
13.860533384901114	4.303898567047557
-25.075785439049486	2.168846493240301
-10.222527572352972	-5.242339851960344
1.4026497145440477	-19.986663167782645
-1.391570894440021	-18.493565772508347
24.77545339446554	10.254168241664948
16.763647940029294	4.746651444989901
-21.85102167587805	-8.912623543395979
2.4956985135174166	-25.32674465086432
-23.672021771946472	3.360324505844756
-19.62949177075476	13.856052568344213
7.718307179164629	-23.118141073666358
0.044896592325993454	-15.493434089816303
11.797464438574297	1.8053157150053767
-6.605635726786956	-16.504316363928613
20.96419969358337	13.316633824819963
-22.555028093751467	9.416031158157303
10.800836831366368	-21.913977127425696
28.832132800232188	2.005114012521161
5.145638113476617	26.740307196548095
10.46131138842584	-3.501192812392106
-26.362434248764643	1.3640119926333087
11.341041848624462	7.6795882255796055
-18.12288975428025	10.800735559465053
10.365682147688574	14.50702119400112
11.24429725375741	-17.763697226502813
-2.7993197000849737	-17.59199062479078
-1.8925562896017138	-7.258249536340393
25.23985998727346	11.156103656869982
26.41395050700998	11.178329706554159
0.6922948296037496	-14.907818400901162
-13.700053662541833	5.582049267335607
-7.910458716969667	-12.714962861081494
-14.01192593876767	-2.5889174147024896
-14.627653625280109	-2.835384230779796
-1.0628055375880299	13.575717817020378
-6.5973341918650386	-18.22471767228016
-18.92180761134364	7.505017232272342
-11.445942100186544	-2.4422763873129547
25.328568762307185	9.025383242533035
4.899063624621083	-17.986526388497886
3.6735310631710982	-10.83910808436112
28.594148843512087	9.680593721913755
-10.104232573852663	10.87088710748185
9.257812801105324	16.608226558520208
-3.531213608370298	-11.59625772136916
-7.3288991639135395	19.941983088568993
-4.913428569556364	-1.4235296353188671
-9.883145202873642	-4.811951004690209
-17.675475835067136	5.14783283740434
18.06986441215918	-2.9182678162269187
-12.561218488698868	7.166401236956406
11.713394452428512	18.5434131118992
5.818387209792595	-10.848562146043989
-12.518415523695232	4.122350924422479
-21.370836258315613	10.43826658232831
-3.63206370753037	19.195391601012833
-5.4180189758006225	4.693640951657982
-6.505888907581839	-4.595862162925213
-21.32081369598957	7.347012866734624
25.857988337950086	-0.4767581344597908
-13.143049783789158	12.92550242299407
9.833332260306419	19.850780275518822
1.6747986590713573	-10.427769197261007
-7.986434801126137	-0.17767752265587958
-22.942563661903385	10.736535128686487
-1.3640777857586812	18.09993666594482
-3.159652185570839	-0.8589419973465703
-13.358453630796273	-7.302085531891481
-18.561255143173245	1.0639876719531405
25.057704787367708	-3.7008173837635527
-8.55980591233317	15.334321328979899
11.247423261352886	19.709248382604283
2.399613016518588	-12.879105567779856
-8.410117394840405	0.6000433812555993
-22.19152016565218	10.812964831348502
-0.5848629243743346	20.725071772311264
-24.636783159188838	13.430894592127046
-13.971400120521823	13.566852419506098
-13.920510828591775	11.8552749944303
13.206579010194936	15.766074229383156
-7.982404049668655	12.210289147336681
-1.7924566536823068	21.49869511866925
-20.584225086505676	11.852078154525202
-4.028307937756424	4.660731200935193
-22.37078657693249	13.18698234617281
-7.143217236244857	2.6095852074417265
26.633156245750563	0.5859005770951773
-5.110464790303242	10.34086375138495
-3.00607469746369	-14.906354463367087
5.486653437569474	-9.551130629852622
-21.457649015960463	3.3305351314404916
-16.709001824430587	14.1249368525545
-6.742657016704496	10.703819764483633
-1.6765350017346856	22.690263892824937
-3.7201649340244383	20.260779783268454
-15.411007840422576	-12.445577242209142
-12.910396245020854	-8.297270372672822
6.193778212490554	-11.23784709060545
4.280344582039532	5.065162197648476
-13.464579223514093	-9.53106849978885
-5.321511091287645	28.658552874766116
-7.521347719437382	10.622236755009238
-11.410886470907773	-11.128813691051546
10.534736335082101	24.816683081565973
-18.34386998819908	3.0752775443031126
-19.99409335364635	6.5944964208963635
-0.881453803438743	-16.73228440186508
-23.14837097487457	5.065556180784126
-27.819027350525637	5.57471734419533
23.682382468953914	-2.1765367865900456
16.12516219134277	16.198070556145794
10.542928174954833	20.255169185404405
17.195066524154917	15.458541023677654
25.72266018048732	-2.535105644851839
-21.71607902963732	13.21873789274296
-7.298447419451228	10.424206319019284
-6.463144953442558	11.661344260380474
-5.783636055640408	24.350417274164844
-24.98284766785957	11.052294676632945
-3.841086138901061	10.937575541609856
-11.652205701508038	-10.704913882271681
-7.091557908242067	0.195912595279935
-14.452645459792024	-9.664663052302465
-6.660913564462925	26.88639275775632
-1.0097763434829943	20.647571701617167
-7.691868344103433	14.145471532438936
-4.6062447894605185	-11.209822628983435
14.397735414879067	20.801500776858436
-20.59750157364085	3.2350836027212417
-6.590505903029639	-1.1867629936915214
-8.646474826557558	-0.2824234631401732
-1.5335446206679588	-13.587427186090983
26.694278862146227	0.9975724964514917
14.115513173132486	17.961301375780987
-22.08758373205	0.9761601800440526
-2.9944897896658613	0.21007726750916528
-21.322702788438022	6.364828228387613
-19.03496646535027	13.125845662107114
-7.396321169224182	6.252711683201443
-2.4098961979787354	-11.80368411955081
14.602204887525362	18.633366292550168
-5.764620610056191	-0.9351858423095272
25.067102906201207	-4.078438446093988
-19.451266481139385	7.950599778307468
-5.218870882562007	14.267904301624185
24.38502668154133	-4.997608562416603
-2.4375620755074108	22.910236526582747
-14.604239732498442	10.964377562368771
-21.69010627202651	0.560801266053198
16.970917207125957	17.215795903711275
-24.354348500121908	10.72584262734154
18.412940104681148	13.452048817567018
-7.6235639723682915	4.459265959474742
1.6281003498830058	-8.40382443668971
-14.940047890842369	12.174401255745074
26.71436659053602	-0.022884535258150707
18.589319784091035	-7.384353870951411
-0.3264795127078689	-13.118499270062784
-16.92307537734495	-11.032424454956129
-0.8225413058748821	2.0919730262377065
-18.55008724009009	-8.417694302954471
-11.048637942434649	-10.66800043175192
-5.34446390268311	11.905894302301709
2.3453052454114642	-10.422874483360571
-22.77666936224865	13.244252994572046
-8.723413500475917	4.6063036896463405
26.960380329615354	-2.3288132183407804
1.247171871832151	-1.4631072042517859
-3.551207059871637	-8.773228145943202
27.515318318939684	-5.555152316621517
-16.756231478710784	4.556272903458344
-3.4294657878774357	19.385387067696087
2.91240491731736	-7.598229379088919
-20.057325787208907	9.427627148918772
-0.23519450004174128	-3.7500282647850547
6.715849940039238	23.77789607659935
9.919656475018865	-23.662673276394337
-4.836329951645565	-6.401075397526513
-16.63030427330314	-6.790901579463795
22.206531517854277	-1.490592608443381
3.330959367847991	-8.731301294441273
6.616142666049697	-4.627868057368268
-7.2932904657271616	-18.78020965224089
9.912777374720084	-5.502263681735496
0.513464343583481	3.389265985437769
6.633675409534907	23.555383027194207
9.311244662827734	-18.75818753449955
-3.871100490881173	2.9275381079065164
-17.53685380318344	-5.367625295168989
24.11573631003558	-0.520873434296906
12.441981819745736	-7.549506017195938
15.310760706569662	4.290809746915471
-8.670448268226947	-5.271785361733526
7.729779736001317	19.00303620269339
17.334740101014507	-14.163408208470857
-4.54064369821475	-6.786426926628294
-23.259946079657205	-6.6073830050693765
20.463567004633106	-2.070364085825595
-0.037075721667683845	-11.002677309463241
19.09016948290075	-4.552426010191494
-8.098403966368604	-21.443220985648793
2.422235194858223	-5.311580983181114
-5.722367589392762	-1.0928573640432895
20.075458825949237	4.5553617266742386
-4.027187499725738	0.8119446966639539
-3.0476449353054824	-19.83192575278793
0.7371104363982391	-7.597124352851368
17.13667236627729	7.350427022330137
7.7068277215877385	-10.236113257567984
4.05838313155128	25.13192363855045
0.778552724711174	-11.62148315212752
15.072672168972296	-6.662639452672473
-7.117502078849224	-18.920549241419653
3.8314223856753915	0.45167666577223875
27.376587552338854	1.2586736294231478
6.123065502994372	-25.53478707388304
0.12950957953952286	-17.967831550181607
-3.213599493990571	-14.628707084708923
-16.420106950626977	-25.16922799779326
1.619317156502797	0.5411379162682184
9.185971853526434	-23.05482630866849
15.770454846902357	12.935385033855615
0.4700237694450511	13.857489488706173
-7.027707801528879	11.411317519621532
-16.682844970512857	-11.089492743078559
6.2881568570101765	-8.026236468033822
2.7002627328453457	-9.701160203194213
-4.8152217841415865	3.035911832087785
10.592349535023939	19.730034296025774
16.249340925793035	-20.242417048461093
-10.25236708627288	-5.0082788901549335
15.779102851755429	2.400319164783343
-12.0497486284291	-21.536294489783508
-13.470469148447805	-27.464368408974376
-7.089230165661936	-16.86321691836758
-7.5180573922543354	-20.745295202941335
-13.926993008997938	-19.169436329444817
16.16967225350488	-6.344160702814494
21.263377739945426	6.994985507713711
21.992775350190808	1.5579657633184842
17.286111285153947	6.948249299417874
-7.116290694375873	-17.959868155728962
-0.9703978745825097	-2.161452292085089
14.436310797950165	-22.46281102638748
1.7872156638597567	-12.90188837364184
17.39289636191687	15.277910218529689
-18.149780980985447	12.113462818688959
7.8941164078255515	-5.8802660015875805
-8.888740158241047	-0.9319522303377072
2.674923355325034	-7.8558569082650385
2.4337663704208716	28.824057361963145
10.400599501512763	-22.656982137005336
-0.01836453919942055	-17.909001773113143
15.624221869993477	6.461190096974731
-22.646949513987984	-9.469834375293635
-9.22565681849094	-9.147661866131592
4.705029385056402	-22.522044400583553
1.4533521885973217	-14.106688318822792
-1.2389802788206172	-16.98882182440691
14.412256994957598	1.8431830260907955
-16.850381368798168	-2.4902486166393314
7.355732826488758	-26.338144420899763
-13.647320125339762	-5.101505885818914
0.361338511591467	-13.416381872124472
8.852052742340883	-25.882325974642796
-9.173215258979907	-15.828072594372953
19.18334474948551	6.820890057302246
7.708872882725553	-0.7999662056271832
28.280917043835903	4.2536291891496285
-20.70513839478778	-5.443384322872926
6.259818602299465	-26.52272664257714
26.343784055056112	-3.1414226300348593
11.285547739401084	20.7476017677158
4.620055904974454	-11.516255982455535
-19.670394540285972	-0.11215011156160082
17.827420608997976	-1.8125593648197909
-18.866993495949437	12.758224250497761
21.251850866345112	-1.7040557383786412
5.061924368340404	-24.122621792494307
8.577504128011686	-18.24933127571316
-0.5229819932721106	-16.623818488373608
23.79065633796961	0.07423630530403992
16.400513428764622	-9.73454689582756
4.552658114665069	-19.231136826968616
-2.7463210291154083	-6.909876978108466
-14.639767729348266	-2.618694341650955
9.984838585217624	-6.160316297995747
-2.2938664749261233	-13.298354559989548
-12.40267737704664	0.8653256861768126
8.805354960304838	-11.407789230927184
-7.696655739212358	-13.982047322284311
26.746486179914747	0.7372949303465473
-1.785980411258072	-15.44350294848051
2.63813791685883	20.98303880257808
8.83617446578404	-9.252130983147014
0.5199889378042498	-15.676614768735597
9.54687069399541	-11.483934900908388
-2.4902117599348266	21.25053016372224
10.921517875522218	-9.125012595420097
-12.842711941292695	-8.225873233360259
-6.547703078292766	2.197263637423754
14.091145110440255	-3.0401409210066546
-5.7754034470850755	8.7653729489289
20.395742656170256	11.36809607689176
-3.0185742734558754	-21.715100789073617
-10.385164572872567	-3.294920710212326
-22.14273345338985	12.523981149583697
0.014604270522045316	23.60114658153508
16.24243608367102	-16.934392049374004
-0.9825991342053978	-10.640983096552363
-8.256416954473094	-13.927883507094588
29.063995881988777	4.360900542523592
1.2258105369045131	3.162948914768058
15.97817182210959	15.27616928103421
8.804660473383747	-13.243670961304398
-0.7884708168971776	-9.74358682658115
-19.51933845083105	12.528867347043901
2.337593570500735	20.64159230038872
11.680636264719219	-10.34688582225177
-7.955275833073012	-10.993560608389291
-4.765519456927401	-4.668895469960061
27.742715690928446	5.2760775087227625
8.07302640502798	8.7204125596028
21.651118871475774	12.552768088884948
0.04913026197993431	-23.160219559676086
-5.276801280055375	-0.8064158773945799
-16.85006180241136	12.434823922228162
-0.055695602420281085	23.736774993371704
-16.44938401009436	11.944070999961845
2.9693573777516717	1.6732233254633808
1.0759969453018132	1.2107269380328467
16.025515815525292	16.026769937213178
-2.6227708904566014	-2.6058999934700307
10.345349357615634	20.247364855188195
-21.64661742767117	7.940947006788621
0.43422410633733494	5.231021376408862
-23.150548251436653	12.82979899932939
-0.6744687081659104	-9.225739109248881
27.115909414978763	2.1528702749771376
8.977056908709464	-12.276362924828485
4.6459284720640115	-14.451235209487187
3.794845915478671	-15.883354682071431
-3.7565745452686157	-21.494949457618105
2.162912980509242	4.724347486388174
10.677865464066182	-20.286462769017287
1.0168084752870616	18.442807203090158
3.528470128237969	23.124255531181518
-5.901760257151896	3.2494023043760545
-11.212898382885555	-9.887350597487718
4.551744746967916	-18.10680924893915
-6.752131484066892	-11.832350578144489
-7.119586056699027	-2.679089231478508
9.548297289621738	10.603073957974537
10.31319374136582	-16.09100489201852
-4.196602665429184	-2.731209198975084
19.62840381142164	13.249646432613437
-8.865995222487301	-11.859289956492615
-4.93340877219537	-15.407237419437324
4.253185181460994	-17.32442170873585
-0.031361233315643916	7.866697107707159
-8.020941671854551	-15.354985693825613
29.0950991502731	-0.2559069171259602
20.8981162509677	7.705021081683748
17.606738346840014	11.92701634616339
13.056342785689122	21.86816199891271
25.25085740133382	0.2148655170926064
-17.989034480479646	15.351630095946208
10.229271811016359	-18.433304612468742
-3.6001100358406948	5.237263651062744
1.7602985665043793	16.901001853572854
-20.048050155234733	10.291006909883896
6.776615705799236	12.059283237924229
-10.206811384674566	-13.108755757591316
-0.18826677677483866	-1.4799872480208631
-14.481358555931	-9.803666145291583
4.059328554444773	18.34053704157869
-1.4261500377800682	18.119718138494004
12.879450393457413	-11.313056382737681
11.005743644580882	-15.758998085942153
22.86406505971125	9.89327275623177
-15.453673128748095	-16.070405386052848
-9.59419098695529	-8.675070929938935
1.8359451260911914	-18.43696164612942
12.706020164339595	-18.926515764851498
23.640340561173073	6.022632452218544
24.191620673853016	6.095896032047239
-19.833833882912767	-7.822426816068479
4.5791239733659435	-22.626715990874693
-10.92674147282172	-1.0008485693601876
-19.20260891162161	12.680866663366874
17.186426595949445	-14.937301411097858
-0.595817061791413	-20.873212710409344
17.57296102682008	14.334938295494263
0.10769041025396224	-12.04749520590636
28.416295729165792	12.197515504728589
-1.515118632432457	-3.7768832871076716
12.566332292171131	-13.16132463266986
23.60754701237895	3.433879414002229
10.143536751975635	17.01026865088127
-8.45800578907604	12.722781023375992
-18.706582663582733	-3.6485538633847403
24.41257992363291	0.5558143059724654
-19.316346262187576	5.127890287953083
15.903661497848093	17.005510243779458
10.513474154647971	-14.158486062730894
-3.1440372693887477	-23.700419647381302
-0.8752960634151284	10.040138841309137
20.31431992599437	2.2728207223246732
26.854728207671425	2.2907149198484595
3.3259958359437607	-19.33732144924748
-10.186632612973556	-10.023354986531537
0.32212775849450703	-0.4997333877573477
-6.815931182586815	-11.782075846937401
-7.819014085155788	-7.675443643408386
1.5908404610389577	11.535454968700202
3.9052105977615392	-18.757153086016128
-16.538303256832418	7.967190414621698
-4.018959609322519	14.063790556486842
28.151676680259882	7.727933965031933
3.626497293658437	-18.03141146236912
0.16727685647113832	-18.65366390325594
31.68718692626978	2.822541997083813
-14.69996626287754	13.44517875205187
6.4281402557772624	20.63153095691192
10.775604413703306	-6.923314771974975
-4.887141657029579	12.4375103760127
-0.36105013028655114	6.344578108322658
-1.2174077834858534	21.32523325806933
7.989065857925799	-20.7555739190983
6.977459354155094	-9.950866704691748
-15.911485847990612	3.268937609305102
23.26640254941235	4.27714640479702
-14.076902268577284	7.913294977918964
21.393445750298195	5.303723465267754
-2.951229012696177	-21.06555443871138
-5.30354106504232	1.1454944480037192
-5.490775224880237	8.05045433065324
11.14981774780716	16.844692655562856
3.0492289702752764	-11.919478436567616
-2.3966443310878804	-4.80280464344723
-23.32019910293404	-1.9238617234502806
24.396445372812167	2.6244368529646267
-1.3834107951359675	-15.878902567833942
17.22919916828723	-2.352182656303917
5.700024498825437	-12.850701954857227
-2.877249266576508	-14.209256374085001
-13.799810319305143	8.946586371486841
6.505963120722616	19.472482150118783
0.019151437387778737	-10.315873386630793
-8.11833376098304	-8.850123563186074
-19.190497291953225	-4.485902319053165
17.521853762331112	4.503296503929277
6.211908254721152	-5.489021256040003
21.33358257882541	8.139661245518907
4.718662161196792	-5.175603216592699
0.4093391254618157	-7.364752650619526
-14.491841584214365	9.429392783490826
0.2997214568977139	26.6160887043193
-13.590073966256112	7.386569546708399
-4.989756813592994	-3.537418715609684
-6.057051301811235	-11.225908147782325
18.00534532073898	3.4212131863162822
-3.2177183115515446	-9.558816697476994
6.113111177501576	15.930769852701141
-13.385267035873735	9.941350573930237
-0.0008548553152383752	-11.703960506574125
-20.679305568336684	12.894780293316451
-4.283691997975325	-10.799975990126963
25.052752316340445	0.8406647158035784
2.797833733939605	-9.275863408292802
5.69900674555526	-10.49364246360248
-3.598725181332109	-18.92180247255976
-20.81299127768191	3.0954925489278327
2.97137186225774	-11.43580158812046
1.6714502255575316	-10.709284612134605
5.034072369620994	20.737135783659973
3.928925076109152	20.860364451116425
1.1050954000201734	-6.838810960929532
6.1595447549424405	-7.26450136383482
6.906327046631226	-13.275697276635896
1.6936219043723355	-9.971027744084338
10.710813850327732	-9.199659372958134
10.325179550688341	13.888812354002642
3.241352296681781	-9.46520458737011
6.629066395301915	-11.697709850480294
22.347546299781204	10.541383278731349
-19.449863673114777	-8.118889275055674
-23.582756863083155	3.5745946216520497
4.683227171211516	-11.83576003398118
-23.949847514202034	0.5567057023574139
-21.606173274317424	-8.832639575051896
28.145822105039976	7.501442662488839
21.417888656428186	11.137237986321352
21.358856557117345	8.328763019121709
14.71871132142534	17.174467107489974
19.46945839483269	-4.485314771671373
-7.743271321142203	-19.232313333542997
7.900769430690732	-10.815704596978755
-6.117177482328707	-5.786990108565258
6.289038448756477	20.073139534833988
-18.397215149322356	11.799449363773597
-1.2906190210854371	0.9412915089767174
3.025719759190992	-9.295550903058077
2.757855676874997	-11.353296587144639
6.590988401843672	-13.902591610853607
-3.4483711613670027	22.825286733302235
-1.2228606916808262	23.788795764194337
0.0937896466896424	-15.531781861466484
1.347510484266484	-19.649441277047444
21.768642411953792	7.220845867557466
-20.267195250957126	-5.330513245574369
-3.8105024120047664	-2.2918955967425476
7.569983182848469	-20.82104874409031
6.469057830909937	-3.744522073624357
18.28900604900964	-13.244097960497525
22.004584447023635	2.200035452902843
-24.063559505519933	-1.7939798807277005
3.1058203993523064	-14.072085002290434
-20.66997367284201	-14.78989710678035
-20.21400426663021	11.933270165724757
12.584387527598045	-20.30382076218566
-0.20685309026994003	-17.459121930156645
20.115204226163232	-4.70711083990623
3.1669839682310084	-10.377084380681781
22.644373359711825	0.7671738318942112
-24.6325440014547	-5.232888788744188
19.927013828270283	-19.16054850400021
22.872407740115914	5.032177989081604
8.53045542920496	23.534835944820546
0.04119815422531777	-3.901782522964036
-14.384690396335552	-23.060431427848844
24.480237499531135	1.3238276362427517
-16.40024690272269	11.559975564713493
18.087996895916508	-1.4014564075023632
-0.8522560827052083	-9.254731765548629
3.614894546402581	-11.311317273291353
0.7762665863981565	-7.139522324349279
16.87366801886995	-1.4613619971704046
18.805353682676046	2.7069792024221333
2.4416798564418936	-17.66534997509572
-2.014752884233002	-10.505575102846526
3.612544183705134	-11.253113313080735
2.8219423934914416	-7.457381110015528
-5.024609498999023	-4.598712085185341
-3.229064392691663	-16.23736650437629
0.32297500835390225	-15.904994975292915
-11.93620902099759	11.532736200076348
-3.278842570306642	-3.71685773095533
16.720656089873795	-12.20783958604405
0.0066501484824704055	-18.73536511836353
-3.7068868398810384	-14.894415968000654
24.528320814495377	1.2069779782482424
-16.24419979548132	-0.517836912143659
7.645904981074773	21.09281237283299
1.7683800908135652	-10.919606117098956
-15.36484786928559	13.937152739419947
4.263236670155732	-15.513327015843435
1.972263031242616	24.164217748606738
-3.943649607723523	3.774477106619855
-8.36112892396799	-7.686923022901351
-19.663789477863634	-11.966194492036225
18.433337965428713	-14.904124811469462
-1.0283141196024892	-13.177823382824524
14.620392006506851	17.20987550489917
1.0840692227715492	-18.024212830549423
1.160390387119315	-5.170440137623829
-18.283679195171487	14.058490302931235
3.600718839088548	21.605265175974733
2.798515775969182	-7.337758735178675
-10.056312549183602	-11.56132356339225
-26.93349584800078	0.7917700234651066
22.464864118324257	-10.871393725245337
-4.337614630814569	-17.581548470664167
18.056547582860528	10.468644877155702
4.9084906458625195	-20.39535283058516
4.212193551561462	-0.13873443737502522
-18.51192776649126	11.839128545493454
8.08047749741706	22.342016337177704
-2.248055946886925	-2.52278335699779
-12.077173869343579	-14.1668093458402
-16.95683704493877	-7.979027951260702
19.600356504173195	-12.320983583368394
6.2757770344698205	-2.3065008840435097
19.970063469302954	6.841385280372963
3.783467173020892	-19.673998453517008
7.154652110950426	-12.130961307817213
-16.262905027746353	11.653904288465935
6.073467576849036	20.899361510500494
-12.847715218923284	8.32909897160143
1.5551833336418968	-15.353354453329153
5.038741370471268	-10.93906904318714
18.23925386460186	15.478617725554429
2.3995771457418065	-10.283769730409121
4.304489276577749	22.58434085070977
-14.521817111291535	12.40616806973696
3.6779871736314638	-6.794460544247048
-16.887134325985382	12.664372422986137
4.043166328365434	-12.629710826525848
25.400185960406603	-12.634765340577003
-2.2512127134664732	-3.325852353124894
0.1588228394694202	-20.003157167944703
-2.2261088701486766	-19.536782661452833
-21.5418310771742	-8.68618479409429
-2.5560812646614424	-9.625545597038455
-1.876936262225985	3.5558455037738077
2.822004607164505	24.275954315542982
10.678777606368202	16.19533925698344
-9.668480586657585	-9.861795322460981
-9.749305938503715	-12.462835494484311
0.796072859775107	-22.223815470850507
-5.152414027936838	-0.9466166892541331
0.18698322227373304	-4.639760216038433
10.683818880768582	21.391879231473116
2.0297261920005853	-7.3188885592090775
-3.2517809262206914	-8.878247887239127
15.690503826587609	13.34487153059993
-26.125807818538416	3.501837645308169
-19.21336291883851	-2.230814400114773
9.0073775038365	-21.112595283256343
-21.91001785112466	2.2370247348527323
-22.982120360784375	-2.433252769007181
20.269845458701415	-10.476834530312798
23.702890945396927	5.45841621024492
18.462903606303872	13.29295287983564
19.00509146212053	16.56399385403947
21.130760778778466	-12.803258184267415
-10.2746648518621	10.46410490884392
7.240197497364604	-9.85052483567521
-0.09817195189901154	-12.42327972515889
5.7354259839615676	24.419158640794944
-14.980756796837712	5.351971257867269
2.932630157840451	-4.029641555046729
-9.058511523262917	-12.21653343513537
-0.022059502164297945	-14.700680931852062
-5.408075277215214	-12.525869565393352
14.899765755121566	16.273394054190412
11.331974979204066	20.758164821543076
1.400158063165751	-5.50710345007112
1.1299902397236905	-23.662039446284826
17.449663819524936	15.82998154412207
-20.445693833718313	-6.629514261037291
-5.259422192500105	-9.219539898870908
0.9965554837607569	-10.736816438075792
5.747252751909023	-19.698483748463488
-18.292923639277088	-9.502102807284434
-1.719837187862029	-0.2998698751891322
-19.873019020654066	-8.817473567663672
-14.039199500930039	5.144053606361744
7.653693685448848	-10.902247837500955
-1.6350735530436076	-21.727303501772916
19.45642584853881	2.2747234700956076
1.8071491727789126	2.936376295067407
26.095680093722045	-11.799167387211755
-17.778353668019367	-9.12488364229597
3.894936460303403	-11.00451887651667
24.868479601489213	-13.047750674862966
0.13582042721250326	25.105122283059842
-0.2628719144736384	-11.000586232207779
-13.499193817649017	-8.994089830587805
17.468054670829	13.776658103687856
-13.888920780583158	9.626928556629741
9.944058529259971	21.60908820575686
9.570665708699735	-9.80954650844981
-0.18049094650109412	-20.927311618423072
7.606199760704107	-8.661484546273694
20.841452668481487	-12.88540611182482
22.184234749275443	-15.872719612892833
5.553561253295642	-20.43859009288429
1.3818368863295638	1.366900112170313
5.362295147783909	-15.82754883059017
-1.270155117682254	-0.514972743845086
-4.239932135281823	-12.14744097829239
4.4434749791217225	-11.01408699430881
3.1924367850102926	-12.88748296331539
17.545866168646256	-8.253455738170015
1.3452270519889673	-7.532327532757047
-0.40540622035413887	-7.9503880164179455
22.7088905855131	-13.317540100309403
-8.923875948948117	12.72912946981621
7.919879127378624	23.18857834097782
-1.7833769485005995	-2.889380255810164
-4.067241081504956	8.446452313516737
5.3258424920879195	-5.374998561382261
5.685402450506506	18.769495432974747
10.93192902499822	-21.362096962394606
-10.578039395529723	-4.3047830197486565
-19.4424060838403	3.4080306022697116
20.836219089048182	-1.6389785154299723
-11.681422339427257	11.288270471018823
14.55272851571427	15.652735251855976
-5.729655479362713	-22.422625275486656
-6.600804439160021	1.696572272767323
-7.87422942567928	-8.770717940211036
3.1547805520221432	20.83220953836813
8.738594111930125	-18.532268028187627
-10.757245813337606	-6.576365982575428
-15.727693031185119	-1.2376379926715333
26.45884256984551	-3.9352943957877065
-6.193455941894573	-17.469306286436787
18.353763539856715	15.167156112664385
1.167407111324546	-17.831257100347912
1.768405405856552	-9.228029581547826
-4.36904129770156	-16.985335453223133
0.5895456386151018	20.784930177021195
13.470401429137738	-17.98739324443421
-13.23287071430945	-5.193942959268149
-22.45600800193001	0.8063676269156689
23.332477248431317	-1.143666663712145
-8.86273835977399	1.5470809401477028
15.02007630892293	15.3344902870123
7.451434315069091	-14.550833492074041
7.071596497180978	-7.649775709528005
-23.42385575234174	8.780125471509452
5.818880002423754	18.487076613316503
-17.40575307213855	10.62717485777217
-7.486251115863563	5.166005887044963
-7.0085689778268625	12.877076085702779
17.826953816786357	10.080951071574194
-8.548325891595148	14.394650305072986
-3.23115958254851	18.98418526410831
-15.137713083365556	6.672940131545524
-2.6999388410686316	-1.695854202900398
-15.94836533067025	13.925043508069407
-1.0664036397764025	-1.7598159099591155
27.56328926692426	3.9876167840545347
14.209542753992888	-18.90329007978559
-4.291487288878747	-17.795675780498964
1.367182213684206	-13.735883657692163
-20.531064665015087	0.09264384838801704
-7.164247993343184	1.3429493498462446
9.772171813063778	-16.999698750883038
3.691358397672642	20.541947079992575
-0.6588916604629522	24.867089492755067
-12.385993191545541	-1.5713477640516882
-10.104880213210834	-5.3343361748725755
-5.2483122544330625	-19.54836789095084
-8.145085864404546	4.357501773964573
-13.256364534997632	-8.954197526344805
1.146227481336468	21.25723975843779
5.487485213023123	-11.477636055260449
-12.346196680600082	-3.5513831364468262
5.504482647247106	13.653938165712662
-16.40972549969659	-3.2945521004337492
-20.685362240365155	-1.9792695623483076
1.8360349308286603	-16.636428034295037
-25.4368954772782	0.5198287617905203
-20.40645853184463	-1.7158969226039427
28.78675994948255	2.763276033861737
14.236356503846203	16.914877109815414
14.71980277884956	14.939162228954315
19.189342051085386	11.171715069566751
25.989363513268263	2.5785050577962956
-3.214481521924569	-11.30753525028252
11.427276721377817	-20.34921266776856
5.205025192951558	1.0454153682069791
1.9884043654477876	20.706322086151264
-6.8772595426036	-13.662091548429554
-5.464210668768052	2.756200376219756
-15.51167270540117	-7.802985398055672
-4.734804993122976	4.549927895417646
-15.012320920773258	-3.7243021428784586
3.4362334248780146	24.47604493665166
0.5249725737462289	17.971935340073863
8.359299608085971	-25.376842738750796
2.63556042680922	-14.244304563284123
20.599807803285263	5.301488821653226
-20.49742519658699	-0.5600584255742889
-16.043573585043664	-6.301927886975762
6.867861572634824	-20.59809938421876
0.998002795314877	-14.216068468379925
26.423239520125513	-4.19072202419995
13.90152314496843	16.778427668043904
-25.281464761613663	-2.811772193911906
11.035765432369725	-23.054384108170094
-15.921076817383751	-2.8512380813496803
-7.125568280390576	-6.094305125714232
10.219549966892297	-20.836966230368425
-1.8900355367846857	-17.38833047539999
17.40553931431113	11.284803942790639
1.990702972931557	-4.341101085307464
30.469746598904997	7.814038662222518
-10.448939790732789	1.129418116746678
3.4513347233682903	-25.256460975944936
20.708953732922613	-6.452391411147709
1.2125337313194995	20.379295199525945
-10.237382618586075	11.576916408272197
-22.317829692048708	3.8641356630702473
17.176841146333985	17.545515323950628
-7.895405738471249	-13.207811403677022
14.965178051350064	15.642404553215638
15.173310978431676	-12.582777530838255
4.392422418126918	-16.90938280698238
-7.817053320047826	-1.2044803691032044
29.52972187847984	9.417559258233634
28.10948392833758	-0.7238245900362708
0.18529747665741286	-16.025437041001986
-13.706002837408928	-5.067221847546391
-7.145728358377837	1.0764954471629493
-11.472284217223082	-6.799915969201382
-12.890350359679644	-11.150346802340552
-13.456066870833803	11.455744602320518
5.1230014481260415	-11.939383399625711
0.8181884432677913	-0.8765055882161126
-2.193144688304104	-13.903924199637407
28.771534928437546	1.6693604038884018
-6.893094722744219	8.253089057604164
-4.986283681987462	1.7616933663862326
26.851300147450072	-1.1818551295166442
2.223562160766259	7.519434855867453
2.4768774998633747	24.07825765980273
3.484482224989338	-11.972072519869588
-0.1127534793497406	-8.298353908756052
-23.711732261414685	-1.7693306264799793
-5.257138984895521	24.953275653437423
-6.04806523786617	2.3839437734831237
-7.648028034596267	-11.176377096876744
-21.360090781161862	1.729613847088898
17.771224188416042	-3.7024941415343644
-10.138488576113154	-2.89535079401306
20.756944387284594	10.977027093948308
2.626072985115109	-8.56195116664417
0.15145611141306292	-1.0190427907950783
-19.35017098662124	9.744251226372198
-0.7519977876284129	24.86543210599779
2.393871565586819	-10.48402162463985
-7.1054745309752585	-1.9418117484462667
-17.41635564425204	8.271117205017383
22.005491145921678	-9.716002848192385
-1.4381103361508636	-8.057113192768206
14.02204978626086	8.071873855265643
3.4408018580078448	-5.435820832079681
-3.7183486835550585	-8.219920314056736
-13.722970511495456	11.009696101371476
4.598655588175772	24.018869778404845
4.475075474986835	-8.398505455219459
-6.111282436348921	-5.869706800128206
-9.349055742502498	13.642222431069454
22.11487646193824	-8.13421810963715
-0.3699345461152814	-6.009222399969905
16.119046382568822	10.30173092737119
6.243994558721588	-4.668710872768273
5.141837060424298	6.844943534192416
-14.70360921552176	11.41159470741378
7.4549517294503405	17.01170506739754
-10.687228492276157	10.84073077379295
-15.230375969288861	1.1494572883739176
-3.467277817821143	0.536281053072347
10.050907908093643	11.07304424490666
-12.230287134315983	5.302407434004401
-2.6292645509653654	22.49053049552905
-13.264270347006049	10.186741303014724
-4.7890530045432795	1.5434931792067996
-20.669959238583694	11.705528476135195
-5.505483787106927	-1.696044560536625
19.15201228641623	-6.331860820226448
-1.3367296724331654	-3.4421065271311644
7.126727693130572	-1.809404487749905
-4.331884664782261	-16.528064734638146
-20.738070365650046	6.654500143424641
-1.5387880688676852	-4.4506815852100505
1.4397840119873435	-7.84237941830064
2.842255833117814	26.511506073127936
5.343910385535493	21.48377439068627
-10.421379721677297	-6.272541823112422
-11.649733093593401	-8.507720732455244
2.52813759548669	-7.1091183917148415
-7.026416759774102	2.5314342718865124
-12.449527807758393	-5.089737483865368
-5.364820383598012	26.0366504261824
-0.204241868129117	-3.310095077932625
-11.756769155499834	-1.9212967659214883
11.156833831299465	7.356948504079358
-14.212729505932279	4.555184304124778
-11.40515747223296	9.678725801525362
6.300771716402218	-0.6479646409119609
-13.939893560661375	9.613008027087538
-12.812058233258771	9.135327232769395
22.65505653036111	-4.737945780993113
19.444126270193117	12.751591966061374
16.828696492676226	8.0530549731705
17.598524228775283	11.890842632246052
20.210597207812928	-6.14303013460923
-21.10561482947687	10.929568067159916
-0.4446339518949805	-8.029104446952363
-5.373740767647884	6.095107320329818
2.1787228256829576	18.928568961925954
-11.960535140551842	6.984588457616573
-5.780593665981368	0.2156015221752584
-5.547782130259132	-9.87185404808043
-6.858230855673257	-3.4552034758951895
-8.988553774381481	-8.41778725519859
-0.8751353219028855	23.87785874196286
0.17142060750082364	27.06049795778023
6.443990890697374	-12.826063274993793
8.795390941251963	0.617375412030707
21.020947997548284	9.35746765504291
-13.593200798649164	8.204257004519835
-6.036820961214484	-2.9214483192121534
12.60565426829876	-12.094225883524611
-5.244716332378179	-14.248807156371985
17.34285042212252	1.004994442055776
13.587185534002971	10.96929964400851
-12.857962146176838	8.105515895862068
-0.3306100317586896	-10.720683903323128
-15.921533831781998	3.875105635543068
-11.837790528234194	8.839528355858036
1.3861967174653493	-11.240071624830748
-1.59045955035618	-2.2272126193999258
12.853438475036937	13.254005371205002
-2.364881728471237	9.191436276360331
21.33917819164674	-4.331080661604243
-15.200045517043192	3.3725037345302034
1.2506381023713284	-5.8482788841837605
20.738646330772703	-7.092128764608632
2.7687413533507588	22.51790586759233
-7.0237559047764595	-3.0897857178598045
-11.962917970963028	6.320920252209285
20.882437728029757	11.246109292189939
-6.605727023444381	10.800581770561003
21.243219890118453	-3.852933316851777
2.2507614513872776	-3.6181436155414057
4.8292692902754855	-6.205989623659673
-4.946096033930007	-2.1060471855784435
14.919227672446974	-3.3624687541762737
21.54270058498384	-4.033827744623989
2.8364183803629146	-2.3479790222093264
-6.5504616781636	-4.009027179823214
-1.4988521285331144	8.18610320214447
-11.12220282106032	-6.842580573961803
3.1525597379343058	-9.825561064978178
0.45947992720686515	-9.910424737065021
-1.3781747075736237	-11.200111519183482
-11.07480777158122	13.18518410586078
8.470395245590927	-1.4344260119926548
20.33166181290911	-1.911282292877072
-2.619475668299967	-4.052682153291654
0.5867089316845459	-9.438561616971912
19.02702145203777	-9.510815674354305
-12.827863043829081	9.391736629981446
0.6170964286038778	22.3686269226122
-5.987112373089317	8.705576278950376
-14.578090626903347	12.587051792958295
-7.923759107742516	-2.331551115181293
-3.468646714036933	23.968293084974274
-0.7830331314331349	-5.689846542806337
-3.081615352704037	-3.8794731460932774
-14.055576562544102	13.509841902561538
19.394448178324268	-6.419515499154782
-1.985313539036792	6.339302606868489
14.088063399014466	12.335401359756078
-5.935103880014375	-18.419293687390045
3.5055013526845022	-7.945567414522409
-7.932247510493912	9.983476293866419
0.1399607424123642	22.01053018330182
-0.23711020439992056	-3.934110887741504
-5.010454828623098	-7.529808530399936
-19.233195059034827	6.389779347890215
11.810945890533082	-7.617595006646834
-10.15582661576409	14.46787648138088
12.627549419004247	14.644044505262034
-7.222668596367569	-22.207438999039717
3.829308268211911	-2.8063226910051355
-8.69321551638599	14.00250706179651
-6.593999465820718	18.25612790322488
1.687359181018998	-6.536600010741216
-8.116052006540126	-3.0230393492261056
-12.048739445305936	2.2922283488305872
22.364883606126956	-1.4048167450025144
-13.664465813135333	10.882784765688308
13.124766757316518	17.289127662942946
-2.334144445972068	-16.021390433876096
-3.8903216863188868	-2.2112661466905763
-13.70481342407697	9.360509963384038
0.21242279448108778	22.120577869264714
-6.100704159434826	-4.788833288472242
-11.932838711792401	2.2094366449728344
-11.349353749827225	14.35635278890086
13.99307658829842	11.678405459367257
-11.65568403059127	11.78334365559738
-6.259954478728019	23.236045911805526
-19.422839299013564	12.627105122551532
5.9671736061414355	-1.6506063813224212
-8.384578996818615	6.17891576992845
0.25636991148165955	-5.713965922094893
19.136319873693207	-2.8371176813728387
7.371757456388144	-3.681238682298078
3.8198010778612415	-16.622812288151184
-4.314757065143605	-20.213180868530657
-17.924345527668905	5.715309767155826
-13.332456581081576	12.156456758572089
11.949985760435377	-2.819280536220299
-2.513159322691121	24.667248077917453
-4.971627410891959	29.25585590633487
-10.259376465688918	-8.198855780429259
-4.932629448003398	-5.253992614270591
-5.740702192280434	-16.6637754611715
3.1875126260893216	0.2683104930791936
-12.64403199985439	-5.476186962192822
3.6250038113369327	21.241134942398308
9.693181047828446	-2.891936019892959
-6.3721653784998	-5.7301978680971875
12.972458634693025	8.126443708995241
-15.087501789493913	7.933145650542723
-19.64441479187732	10.28827125083759
-1.4411390955562493	-19.276907626462616
-11.00273602324328	7.741110240578658
-11.756333118475922	6.757010322949514
24.68459866521449	-2.5415500891012446
12.691257055377232	15.146372135727601
18.343083844756936	12.403575305022054
12.512389658618192	16.06623983253637
14.648286468675462	-9.152338023967445
-13.981514114301511	14.009409975713828
12.117042404214178	-1.1287530080992365
-8.328494870320439	7.5512744320124465
1.7984033360266438	18.8079081197504
-19.224123241346675	10.193566660586653
-7.958944897787112	13.574372789273495
-10.573371924682528	-4.105388400454256
1.0595407863136084	-1.2382550011220967
-12.92598337672711	-2.8879974956804557
-8.644997266644221	18.038277787039465
-1.7503041897690392	20.169231597141664
8.156195619031113	-5.313250688147708
-5.546087113634535	-20.8234544862615
14.403231954770023	12.4138866387862
-14.161024016674661	5.868566274805438
-3.1321781322881836	-0.11714025168034878
4.976954860723697	-4.7883319463116205
-2.119491122474445	-20.869165973961522
16.893685194307743	-6.556843079415596
17.743727916013388	6.125555785417503
-9.340923688894874	1.2013075394722212
9.015227237784686	-1.7391277277187238
-8.320704880201495	4.560842555751068
-10.218682857018397	14.680298357721243
0.42175092558463545	-9.348506065540896
2.727506246116672	-19.330996162975207
16.39608783786584	14.351909074538419
2.3053945326616843	-6.282152255143449
18.487003130762563	-2.028386669817653
-19.50620369026881	4.330429460516005
8.0265237543763	-11.516419974658834
19.86868529933343	-3.4964691591176225
-8.77821630425471	19.095938546609823
-11.485219450985845	17.06826935166347
-16.87133320712083	6.414376079024901
17.559647470538344	12.654712436393378
-9.129607451739231	11.282915126476393
14.57417601634717	13.937920375350911
-0.17532265106776562	-6.277917440442268
-4.640386261220337	-20.355265235025712
-10.62947508714426	6.58625487218345
15.68738269014967	0.28828964422017905
24.338190273462285	-0.8542833380997821
-2.829449726516517	-17.493572278071802
-7.572169535544047	-8.798825913921974
6.573011023191828	-2.3370839973654
-18.95601024440751	-9.273587479640861
-7.362964175278784	-5.089439139276303
-1.841700455918705	2.6234881206936294
-6.340396430800129	-22.166412296113684
-20.87164327558809	12.282668291106134
-12.282876026157645	13.202436574613383
12.431647609020025	-6.25280089484066
2.1245886269949947	-1.5685099704916
3.685711078377075	-10.404815348473852
15.046891013943796	-4.387294874783149
-18.400650976847555	16.399336228609847
-2.957609167626727	24.657512372213752
2.405198565500494	-6.75570101902744
-13.784355890175242	11.39552755223755
5.683104169712815	-6.503351057650109
3.1760387091128828	23.41998169599826
10.30976296583117	-26.10171736726268
-11.25137149654362	-5.588054699189235
-15.751753680951092	-1.478297279847963
23.20191173838377	-10.455461861495868
4.44473878383503	1.6435642718086185
16.761543134282604	12.650773817941207
-1.619035481846564	-17.681251287730635
-5.884931337782711	1.228912773304351
2.3544479642074747	2.5935391484714043
-0.9215272730205304	11.572519788473953
13.655986911563607	-15.984382753179938
-10.548853377992813	-3.0213428467448074
-18.627595895150606	7.775035018053737
27.11616504609641	-9.252690854956612
2.4995065441131894	0.3247357970898153
19.307086031047596	13.881105961674209
2.0788389953550253	-18.947938653888972
-1.3425825922196033	3.8249553291858485
7.523716371852232	1.5973553843195258
7.600628383597747	21.15747116706204
18.106755503305127	-11.126223128853987
-14.423609247728052	-2.7570765369859727
-14.657907135971627	-3.22384843923501
17.01709664971216	-3.710539226756007
0.7553129771984515	-2.5787710479227415
17.397340128276426	13.785742582902184
4.060279169820264	-12.910660778755075
-3.172952749295852	3.462624241124309
1.756218613141207	7.200167370262332
4.921444713715481	19.348991211465705
10.334816462907902	3.0962121530327247
18.22195771493378	3.0857821111371346
6.254020329539987	-13.66328965996162
20.24599729656536	18.067565918222506
8.38497322128688	-8.147824347710479
0.061345332502624694	25.056207495114265
0.9448675652225142	-4.432445490479131
-3.603703599617293	-2.576797419774816
8.577279482130391	1.377219868587086
-3.6575606733338315	0.08231238179335978
18.291617182877676	-10.606894813224693
10.249092692478031	-22.231709146037456
14.640652907405228	-7.278435789367989
7.900960748683168	-8.374369284659764
-11.72275929996359	6.710962803203087
4.494667931956015	-9.626403952295911
10.415565529582986	-19.547031437881238
7.741910075646316	22.445871432090197
0.029172918513382294	13.207041062000059
-15.130557860774264	-5.847998911966024
-10.959777977270658	-8.121515454377903
4.09260772091228	-16.23980871168217
-0.568641926647743	-6.282475562040178
-10.055470597446126	-8.408554782748647
14.541378069558812	9.403394122792273
0.5446165007085746	-24.313803215783192
-9.724345323742973	-3.050001688134594
11.799545910213913	18.21603042504075
-24.389349387818957	6.502979316541236
-21.8983539725659	0.006182500775504571
0.6260455140900473	-17.065218261321565
-24.35347361135653	6.415272169958936
-23.412572975016296	-4.0635007704584725
15.818186183515358	-5.886471392098237
15.37791426631426	14.771851979516605
17.54786340820479	8.711755139779484
15.255359698634049	15.807049952931175
22.328924359083565	-6.735246964734913
5.288106446967526	-0.2703955560244856
15.105938652066493	-14.132243173686124
9.716282023852742	6.011685019568054
8.434717497188783	20.06603704058272
5.22818683255302	-3.058448144374649
11.526003228048053	1.7141326423293666
-13.612847770917652	-9.91468458667141
-3.3915864218984897	1.8106685943065277
-6.068170818668263	-5.739119841011229
5.757900323882756	17.83089975828399
3.9956537199349453	23.071943746247964
0.6594196204441835	-26.36588236832113
3.7038681520111045	-13.559973562102895
17.928007714652338	15.66572585749058
-20.95446216321554	2.120326171147509
-9.802086461157623	1.3657656504559927
8.00819530083394	-14.986099243826798
9.830886545755279	-9.89589589580301
25.09236051785583	-6.7394013577100775
19.944708401768874	8.85744982978024
-21.27380587373373	4.701356701149335
9.923548763982138	-16.81914356094743
-5.16059165674772	-3.6120354495052087
1.0851155408419604	2.5233789816433587
13.885934835447308	-18.494801296226598
7.666310887824409	-14.611957372913457
15.176852311528853	16.93834133085074
0.34846330309041307	-8.63981142052564
19.64558262947434	-5.591355913630511
-9.687839994197926	-0.13523314423458038
14.82499879724296	-17.569347697371807
7.694378715608008	-11.787364343209886
4.227288904714174	22.637661771889796
-3.6960438145172367	6.7878561082453714
-16.809141344275414	-8.946395099524468
23.08382901668569	10.608451266947167
9.76690443092134	-2.7844396643096743
18.192131877326357	8.17452640911894
10.794586641347466	-22.199928210002255
5.73816870459509	-12.372082941520766
1.0530265964848489	-11.111615608000236
14.91920432138966	-0.6570488124908733
16.049300964738197	-9.840325266673059
12.736579867285483	-8.275352875214146
-13.830477109265557	-9.828933118543201
10.214068089382772	-9.449597838302994
-13.404776961303716	-7.425034975091627
-12.386577175985051	-8.612792104381311
7.915318459388317	-8.373496784177172
-2.3764013892107676	-19.909307903889466
9.253059414156478	-0.30337874648730745
3.8973456363124193	-0.07117380594542354
23.416869932148625	2.5661304276980728
-2.6164580631707435	4.760522509663795
7.202597142604362	-4.686740251100599
13.804159132183324	-11.3282831620587
1.604896912967478	3.6120656765399164
3.3801858846587787	17.281284597473817
-0.9488324381536977	4.727477653049868
8.41562755291179	-11.18212603101003
3.5898655428756348	-3.634507119049916
-3.2070646749929717	19.735266532738866
2.6503902368219956	-26.75598523151719
-11.472136849237533	-8.653684754821782
-5.406699274493699	2.038865176856858
28.271171357420013	3.0510617032559533
-3.8014404612091277	-19.84442407795747
9.14036106836282	21.014301733731454
-2.2551179972486772	-16.191743234860436
4.353670966447115	0.9739802089664226
-19.535266667810923	13.980419466433364
-4.115904014626987	26.49115227745559
-2.581146658904964	-20.421284464216253
-13.609033384301812	-9.734549232931377
-21.044135139894987	-1.622021026289283
29.793732126762315	-4.12637065596877
-1.459925000007067	-8.150188651390456
7.973050690618127	19.735304064025932
-2.8561978868454347	-21.325733241238893
8.30562618584525	-3.9002382426466786
-8.983605320513528	14.852671523361714
4.197281640316852	18.063129001262773
4.262057917026957	-26.26218545513814
-9.910890487393583	-4.837972871265975
-22.1068394892385	1.7571019567338577
25.76099327994037	2.4353430423598077
-1.3700859301068564	-10.5659590511001
14.5733260805737	11.360160816579663
-6.88121177813747	-22.83372710997709
10.244616310305396	-7.95140680611013
-11.308088749276708	13.566548341489547
3.8813145051945863	25.319824799762216
-16.49881184089119	15.522615909192483
-7.8244066178607685	-21.766573388857914
8.25370481003343	-12.332492890742843
11.13768759630705	18.426566271999963
-4.473075703174298	-21.47072809152064
3.510682295102266	23.583942536718332
-11.104137211356278	9.05670799913239
-5.730401256775639	1.4316577266904964
-17.634179495667457	14.61537970108005
-5.48464757422696	3.289386125647079
28.863220111307626	3.205058627029661
12.357624100348389	-9.529310650761584
-8.075587566893905	-18.10755060714059
-3.1340739300545915	-17.044808392197606
-20.601031665664948	0.24261373658988714
-1.3183752009826006	-16.439848845593552
7.554109396740833	-19.027863175070706
1.7955763796063826	17.795090397016338
5.359502191542796	17.30002408794062
-12.564784714169944	-11.90600529811002
-0.20864009652209334	5.905379039819173
2.8226900852078436	-16.410310528592007
0.8994713413784475	5.101508026853484
-9.339696509165012	-6.749644890683182
3.7294996508401854	21.666220373957742
0.027881597986355373	-3.0290094566021404
-7.374075085972434	-8.852118948988585
20.536382016791492	6.380004096330641
-13.859291150931444	-6.586159435696734
-12.306286796623512	-5.7192035235509655
-7.387540613727061	-20.589100046438084
-18.72101798994763	-1.6013894435116949
-16.251936388224426	-6.994246468140066
26.9734840034908	-0.9820927087570831
19.65939218491226	12.758911180527079
13.854597074730803	15.06436149063351
11.198243522887424	17.18882467056277
28.868473916542495	-0.7516249177245633
-16.517042502660576	16.614962049423745
0.7548240174742	-21.523686451741398
-2.989005540303919	-13.426646955204228
6.704448379500194	22.403199653085323
-12.490691302559178	11.128916810447354
-3.772793874168108	-17.096050346657808
-3.712354821026367	-3.8624217698812555
-6.16314568546771	-6.758652560258667
-3.25550363694163	-2.060474128858628
11.662039015370267	13.159642687321961
-5.165854310909741	21.253699541647144
10.99803152758677	-12.790702919630679
-5.165801754615239	-18.7137483229781
19.006582357141724	18.450801430055396
-21.371078794068467	-0.5458547171868785
-11.835799590935517	-12.367070408010091
9.269166622748218	-19.77054712476547
0.7280135867978259	-17.413088685423652
25.354641439322947	13.613091064849426
11.122782363909662	17.444360084012676
-19.228789798991475	-0.8752120101875689
10.312165069218867	-25.331571941024873
-21.393271169126304	1.252155409700632
-12.554714387599851	8.293461465965967
9.004696144237158	-22.50731593197716
-1.1485614987601398	-21.318136364859193
13.259490526392003	16.974765565889133
2.025923729128723	-3.6562475490559914
25.356041890644132	2.391122277812447
-13.875750894071079	1.5760956290672243
5.771211557214999	-26.004967197194517
25.642512779978855	4.3926265476398365
-2.9414856243165133	22.706207348916063
-4.298681175680093	-14.596045922729362
-17.543349982388442	-1.8302623851464177
18.86540898868837	2.3620005143722387
-16.91959450149903	12.712822965282733
17.433719021688056	16.256665019224535
6.130546964817942	-26.192116445781895
0.026138512293919003	-18.604301729360053
1.7432612070227929	-11.99022610590677
27.2436208348588	-0.5772945440811563
28.817801102296404	-0.4068282164199575
-2.3818411142637963	-19.19707272504266
-4.006658697956482	-2.686235047653877
-1.6093810198611613	-5.462215270885849
-7.369695161824667	-6.8816142732048595
-13.434497037008812	-5.274289990802591
-9.326869672583564	-15.023042832918996
-7.881377757480094	-20.22227177204832
-14.775682661380241	13.85766809724143
-2.1903559717780814	-12.878925022912574
29.54736627308441	3.982115068309893
-1.7828945633086712	-3.5898402790662685
0.12110845984540877	7.720052351078661
26.425197238739294	9.571603571394954
-11.384494268127625	15.97349925576014
6.855021560538461	20.91270972582131
0.9854621770372506	-4.362277777451857
-20.897699972365135	12.100002906965468
10.335560665288764	-6.863617958674303
2.8881881625303176	-5.858513866398649
-12.311484469581002	-11.269073141204105
-19.255015948828103	8.95655488095509
28.227957687237183	9.635233357310907
-9.494288278385332	3.48738604061779
12.550503366589776	17.764448767430522
5.144348633023127	-8.565354594175949
-8.902481753981835	5.042690974253571
-19.513974950131868	10.899667044340001
-3.641206293495362	24.927639248124475
-1.8667199429445347	-7.054673210406716
-7.021168477686691	1.0605342453727815
-18.00249848809875	7.842154606907057
28.738423955828342	7.012788897589108
-13.132680850640257	13.572956044048688
15.746596009344069	17.277910200072075
-3.1274406134715167	-13.980102633548041
-9.541888247388549	0.8968343245310214
-20.165707105776406	13.926131896376384
-4.443446926284185	22.789148468193204
7.8482958481959635	-5.22402262595402
-15.978711977228674	-11.120553441023764
-20.295771450273772	6.120889535799504
20.433437851784383	5.542682136732624
-13.10789928690782	13.668052957213236
10.331786503257165	15.967070690256072
0.3749088594824086	-13.188266919206503
-7.194434437990456	3.9846402833496395
-21.7799709554753	8.761366189358938
0.6613643679872295	24.3577714294092
-24.85246082578673	13.207963178984826
-15.02874656982887	16.853878827914926
-13.738876951188525	12.686808928353907
15.294014293593856	16.446555797082116
-15.848409854917403	15.03706295108529
-6.365942420420303	22.77891941759718
-17.70325166628924	14.98106833071755
-11.501442001228552	5.16823842568409
-21.316428591273546	14.206020985608472
-6.479958796890613	-1.6920360429805015
22.69748985909559	3.6009523839328708
-7.847053417764856	0.8153076414272572
3.517567606200959	-14.745922744140506
2.813599947230555	-12.823613547923738
-14.30793673846354	6.518748412517941
-14.666460974898671	17.870754607151955
-5.191563273493558	2.515863090807221
-14.141385203060489	-13.5630636157381
2.442191943763356	-12.653533245408198
-11.615992745571969	3.9061597887294144
-13.045625292137489	-6.021803029826404
-4.512002672163091	22.91695104710113
-0.25398383037385197	-0.08983444134684794
-11.333890693362182	-10.863203148116344
9.70686081638107	17.164398700866702
-20.048964128970987	4.5705144705583605
-19.6609709421482	8.105854218818994
0.49933082874837964	-14.060114107129676
-13.947885036193112	10.774241944497717
-17.115869554644412	12.552710890107996
16.770254678288442	6.683750644802751
17.36605770589335	16.054484398859532
14.056597090784594	15.703794408322562
13.200682787278907	15.117018958215247
19.884839668256085	-0.15900322474396006
-18.287898628957098	10.591790351187996
-5.029057468530768	-3.442019952215256
-14.398087552472903	11.351297278138766
-10.266175381253461	24.02957552453936
-21.103854193895593	10.019794218662803
-14.86822425754706	14.505458902990942
-16.31446699000492	-3.5998814386954057
-8.68488440053109	6.138165483837579
-12.105157225666705	-10.468070045546119
-6.968252401384969	19.798957111703167
-7.2033092584271365	23.895002078419576
-2.536277506261789	-2.3601993089756244
-2.538923192818415	-17.68774568511906
10.67932409120856	16.55579588279188
-7.850969714878337	14.105150019156264
-12.011466519834347	-11.243589582118833
3.731915596397078	-4.573984469509708
21.73287001095655	14.064309158657471
19.943697545904207	8.219411419823482
-21.622095795792827	8.547299086303315
-1.8995521415825332	-5.548923738750439
-12.770854243577539	10.277226828032482
-13.656113260416468	14.215323606446278
-2.212697710095913	-5.765277236324023
5.36134720126681	-14.166282945658164
16.58768499866875	11.729598235422019
-6.388492481010927	4.95046020407498
13.666068165197112	6.662149434992664
-17.17756986743626	4.171295837102571
-3.888164428492379	-1.3929567305292245
22.414158418912145	-1.5039270025656852
-4.084596941478556	22.939341780266528
-12.290176130653897	3.7144728443546318
-17.38832311294122	12.114359923584585
15.639689134182353	16.20008738148816
-22.793320348824345	14.502177609015902
15.963127968444782	16.505229529174468
-0.3727045930481613	-0.8113675183429914
3.2168129150510447	-12.313966222171734
-13.694433429205956	16.448739242562237
27.24369283783489	3.1435264077194476
20.52898948164072	4.854168291784759
-1.451961798592505	-15.045261426824398
-12.248540727879911	-5.9287653455888005
-7.83896016245818	7.309686350733457
-11.273840088927424	-7.357622303956346
-13.584813640362256	-11.250751915746665
-12.541071694080562	18.589666220230672
1.3111973986596357	-14.206094127495794
-17.68829838901772	16.17631377203216
-16.857226125527056	12.806770349350359
13.554792231444841	-4.012334632861205
24.457788781053775	-2.7961819296507318
-10.866519659055456	7.101931810558071
-12.304139064220577	20.0528430516736
-9.179758379822134	0.9707290920682574
-21.132880143469745	10.516074308591262
-11.76966177209727	4.720026932959828
0.9822321456551614	21.094742901888253
6.527537956527182	-15.920458716320454
-11.524458155495811	-4.2892896067048865
-23.05823771587852	5.4121030394136636
16.978787412964532	-1.897388385996155
1.7518478934236654	-12.010619880615312
12.727462799244979	16.640025822032822
-5.421623900652889	-18.26053057988989
1.530760698975521	-3.9408017517498934
-12.913533481665615	-0.9975484895761294
3.7189599972020257	26.315602923004427
8.830562629419036	-17.019668525545708
-8.755752291094757	-7.684252519882883
-23.33048076746007	5.339902504731702
14.445670996156553	1.1393202411241108
-4.5955991589188505	-10.609126662200895
11.020581583481773	19.345983304822962
-0.0620186006706488	-16.095379100986897
-11.20318364657953	-15.344537793829364
-10.766089482588804	7.643776718646694
2.2088560202373397	22.851500013347408
8.67721465560626	-24.726142020180767
-15.171871995076074	-3.069010345682352
-24.574126300259056	3.108574395823324
21.28398088827096	0.9287418395691069
-3.98586882840943	6.256607767611373
17.18013465648933	12.406205898486734
-1.2374266794703748	-14.34274934647452
-8.270477759116282	0.7376605510093562
-12.359841445117256	7.351907869569005
-2.9248140666673534	23.92880467925327
-7.910911362714772	-0.15913737804339703
3.3978995961837293	-4.672596910379554
1.2238885357842209	-7.618636518454847
18.88068614162948	6.148747857420661
9.16153629421951	-10.844276811171307
7.200288066903065	25.692393078259382
-12.96795251321361	6.939059892044921
-4.534811675142082	-0.5582096338456689
-8.539761875611848	4.960715419917445
-3.845637199018758	-6.461839097089685
16.48293643875917	6.625577819241168
9.102927422791423	-19.674245654824638
-4.8906416624681475	-15.196264301460923
-3.0310996695667525	-14.668651064050131
-24.126788582939657	2.643011898665903
-6.595867977059541	-0.9933567874953506
12.666258481761634	-22.257965965640818
4.777312983624992	18.28489504916063
0.34712570920579616	20.02993117736085
-5.525821435474013	-15.206143164163931
-9.417734751609434	-17.436553498481157
-15.530952903239525	-8.053711921895221
-5.087660864540435	27.349404653655906
17.137122616477715	-11.699197351006736
-14.336780887660302	-5.138482297738789
16.706668222964254	7.118605058874154
-31.144204710076288	8.299429218262826
-28.369530175509873	3.144350150244519
-3.810567681238764	-19.739029187241112
-28.87413796797132	7.4373720379993795
-28.852159012022685	4.414338667846837
18.0768620499522	0.10191442433695924
15.314235146126833	12.427144706536765
17.264852317854995	8.057084514813907
19.81571674795989	11.146327218771523
5.156499343930848	-7.782214190804216
-9.590669609772878	10.34140008544181
6.902191088494286	-25.198296036053428
3.7198065420433704	0.8155986812311977
-3.3217322119186	22.161616757293146
-11.309694210359934	-4.446916524018333
2.3693470362257694	-12.75202916410241
-13.034687050375847	-3.7458243461634573
-10.194985429309344	-2.5150809769369222
-19.116517502437638	-0.8818958880139617
1.3775220397438308	28.008806731080206
-0.7477508744109951	30.107719388452516
13.182830142437663	-19.25970370802038
-4.477503292896075	-16.006979128353215
23.823638350885656	7.59140369719182
-24.874494890970393	4.749082766801207
-16.766798390846358	-7.657145287180112
5.232102488496179	-23.74476913186077
2.27901551903513	-15.363284756652991
17.28491092690444	-1.5264432580545966
17.75619023215935	11.934582471174894
-27.876123923955042	4.232249997326706
1.2709750278915646	-22.33777440680924
-3.2279995171371585	-13.130844475867777
-7.7770148515740525	4.76809582389929
7.977276155444025	-23.2444600926755
1.5071603055343374	-15.746786094718107
13.57696382384833	12.116280726725053
-6.437089036729324	-3.7375451029210502
20.184408740977098	-6.2302383852226075
-27.172263893307978	5.986125211647878
14.3433557999267	-15.548774833828258
23.36677598613052	2.805611653425324
-0.7659421050943673	21.879847589210023
1.3727457217914554	-2.170613038204047
-27.437958433266726	4.6982474696620296
19.37219528200776	8.069592483454356
-19.527188397248196	9.271420612677662
15.037676895607547	15.85708991752632
11.632566464171166	-21.661626658532544
-7.735667080793781	-19.570320675495662
3.423066720339658	11.485361903057278
25.98500637008719	9.070154143913943
14.323673082956228	3.123580038620771
-2.1725370718764445	-15.042940906563409
-15.232781691455552	-6.470512894489379
-5.259338736458924	-10.02737987944969
-6.080264396226765	-9.70486209008284
-9.149855196503001	-3.9922713232217553
1.9295587002103338	-9.471069616643232
-7.45783091157334	-18.131535913766104
-17.209217781115562	0.6992647219970266
9.352608009171371	2.5428925001958103
23.732008211985715	3.2905196245217754
-5.952286087703554	-5.556816545586494
-8.462781646731427	-5.199349922355747
17.696082546097628	-7.252786801259066
-2.2650100305874856	2.380130814963437
-0.3852358666996543	26.18238607105499
-0.36208742217004936	-11.81839029415425
-17.367812438599646	-1.266073722784269
-4.411133261900391	-6.980747503322505
0.39545154828737805	22.660041780040853
5.666503411621635	-14.547499264038958
-12.223711843486782	-6.605668252252341
-26.12758803585077	6.140736845050708
26.777621805048526	1.9076091759500624
-0.7877924859007384	14.161422039357145
5.386470486967529	19.590375153882917
-7.0380007162460165	-19.01946189888931
-12.0482818285044	2.354605106130016
-14.581108810191186	16.419552803756932
2.3525578844751034	18.177668630323502
6.28857443160091	-10.859816171099876
-16.381180181087437	-12.359293095935968
-25.32487925884107	1.7885301509741791
27.22439453531119	9.052749785148515
-5.664608816783215	10.99650709524718
17.916255965067176	13.465397158796284
-1.3337779098220262	-17.014327353664758
-0.006652002258132776	-8.941772119574404
-17.137316132936547	10.152802542306862
2.402901906146015	17.587663152501907
8.33009476908697	-15.5062402598765
-18.05317367873502	-13.418915881310204
-25.845801417238288	10.743891749308872
21.020565555637827	1.0761599591456137
-3.823471921397533	-10.768273238516606
17.852469009291667	12.403845860938214
-0.6041794588371888	-15.9744857934181
-3.2977854610653328	-16.109640063279457
-6.514450841382454	12.587893616355926
-1.0359131504372696	12.159413788220556
-17.993338026465928	13.725565797331106
-6.653436151197142	4.841449449731283
-9.184088492314295	-10.32884295912888
17.611655075617477	12.606988366828679
-5.906683582320534	-17.393944902552423
2.897029817077429	22.606938925686347
-16.481141131237727	12.21501241263786
-4.394112319593461	-7.89004773388802
-17.969585002916848	11.457955506366073
-3.1568269906653983	-10.297999979711859
27.990752418013834	10.1565059459424
5.286531355188713	-22.41724338954349
-5.91990402148175	-16.806995457173038
-6.114950227780264	-20.077836601022515
-11.628831401562715	-26.04001875510099
8.195145445039426	8.71196380292129
4.901275475202648	-16.659792980979276
-0.8019675605312843	22.9435006119235
-0.377066410895713	19.429880341130602
-18.934122987757316	-11.319466345398618
-15.343862596346696	-11.070567601928817
-1.6987536354318673	-20.62104749827093
-2.2935669660287186	-13.434598332518643
-13.019665331644097	-7.24610502451499
0.5666059582662499	16.513582045821448
6.9687873389908335	-26.41920587496835
-18.918556069648115	-9.18904325516713
13.840197986487595	14.118686893602598
-26.392720110824648	12.16968702202872
-23.81046544269295	-5.5505075878685
-4.314195958026638	-19.04512515450129
-23.390313722327978	-2.8423890411822974
-28.39146592497767	6.467855001782472
26.06871332522793	12.658239572450718
15.573372694114695	11.41682955505312
19.00859304705136	12.102227613567953
19.327347128061138	10.99520792321469
27.392891777190084	3.795652681031726
-17.23440526298615	11.3131229864864
10.053497211430518	-17.33897667945011
8.036042750475692	-7.160239342811239
2.760309832753038	13.643430994095135
-14.476557729324222	8.46968178819288
-6.185349370374623	7.808197660258702
-19.924507003738633	-11.616887205386734
-8.887307769811327	-16.296115724867146
-17.049157677938144	-9.146665782370025
-3.8140567399141765	11.780885058382825
-3.457804719871491	17.149036547156218
5.377955168546472	-26.877163518871523
-8.001641445677306	-17.093366378769574
13.495183485613893	12.735846835499004
-23.647126829139996	-10.857984426437316
-19.786524683106798	-7.3239963081063415
0.11003646211073564	-20.3265577613759
-2.669061500070217	-16.939367342222518
28.955393900328286	1.280879849089787
15.203080705614344	11.10645079251107
-22.87576627343703	-1.3665414163685379
10.784997942393867	-22.508519723163424
-22.09484485534932	-0.24400719334538343
-19.45743120031114	11.238079935433078
12.434172863925555	-19.401892518462322
-2.193147925491896	-18.74428371788513
17.125989435037418	9.534555720487393
-10.475388394084767	-14.80156589518382
27.697066729858907	6.5321794070065895
-23.18728361703119	0.9090642702714107
14.611255188063398	-7.809702314493156
29.52101483074801	6.902862693529943
2.574941795237114	19.360008800457596
-3.3902354250428206	-9.694792226028614
-23.27614238864258	-12.869955654077614
15.31608895785305	13.912567751128588
-22.215746354887493	11.019301167046786
16.477304804184133	11.67165382991608
13.435055169820215	-3.4446944771672428
-8.843426301151219	-17.125138901083407
-0.538269631663033	-8.147934980963923
23.85949694976925	6.134882667285038
29.95315457543265	7.988658745421106
-0.7733415427067066	-18.736981724760003
-9.240767833137285	-0.3825787575167612
-1.308149153097999	-5.571730225945396
-15.92508718122903	-6.135529122465186
-21.89186385895845	-10.724143277526546
4.80063050983865	-1.660459512630638
-7.5743299343571096	-21.23697934545809
-18.635895273404614	7.623156907889801
-3.6034880247735304	-8.984357073537673
28.00804393319592	9.830714227383876
0.93561057509616	-17.335052291460023
-4.221862731950628	-12.806811494846155
16.34225861954622	1.7045833649714441
-23.411831178504087	13.5492740910101
-2.5839764336087327	7.385152540910363
-5.23288524906983	-17.595647102029666
-12.152963231739998	8.769801175915005
-4.482985046978684	-13.044059873513993
3.038891273970399	24.15543995368571
-1.6889259636920597	1.9610040846266212
-10.899876475789927	-5.319846220627168
-30.183061939238996	0.14314858807243105
23.516322617420155	11.2206054867921
-9.581567302292367	16.10522601896452
9.409108146959941	0.9540761864575059
-4.641291815138213	-18.510399638076457
2.7356446536423644	-9.93680033426038
-20.620005127369833	14.004114435616236
8.25711879357053	24.403635588836075
6.7565098229918075	-17.087041392198564
-8.61611332115712	0.15455035740184106
-25.89349422428215	5.932840119455732
20.5620718677834	17.887753116236098
-12.60731854778326	6.19298883408795
10.86360360704854	2.776790556523646
-8.848756892414901	-17.26167169281963
1.7044123936581872	-13.348448265307132
-21.44613107176247	11.628759079701116
5.214136411622341	27.860012259156168
-2.510189432747297	7.18004615094498
-10.043979730298988	-5.512528354287155
-21.211146745726044	6.190348148757951
18.38426804587729	7.291459923596319
2.0158256288140755	4.504004600551764
11.0820124186055	8.716915719510066
-12.6691998510711	-18.411957387638196
2.8664605880084677	-13.758709232376173
-20.115634945060933	13.43621698798432
-2.82814596848125	29.082752576514462
-19.310223570883057	13.094961406103343
-4.9475323948893255	5.085271567627041
1.3943122519852087	3.9560912827310424
12.043189988198066	8.976310556501168
-6.072489067639957	-4.423354146712082
9.32023254238158	13.627697694592062
-14.084696171285733	11.202228777178053
-1.4930613422615364	-14.981489182337533
-11.75602501363576	11.075588323699513
2.8314607135239607	-14.084696965036079
24.58010180929062	12.463160131310538
10.358573452361126	-23.521486744564527
-9.109379093290736	-13.091070914630734
-12.707908505574126	-16.1197979465579
-26.621977870499368	4.972561029850087
-4.119908697741797	6.498642508469516
5.689423899832515	-26.91769259404361
6.4546289521583144	26.107353766333613
6.4714063510927735	25.265138054711837
-17.735422248314734	-0.38574653266568315
-15.119772755446059	8.435810671040375
-9.960607015141509	-19.1520003541579
-0.7083524198695509	-13.263722269083534
-12.32639263266076	1.0408916066275462
-0.6295829557206419	24.568488182332448
1.986690307393818	1.6654616202647614
-15.155966106875033	1.6815838963888117
16.83238421026105	11.822624121879889
-18.171880791508343	-2.9234359180716334
-24.24451191473099	6.260498191167437
-6.363987494891419	-18.9827481440978
-25.48350292222486	9.079225878525866
-28.33045386996912	12.095410273058532
23.277484575826538	10.695859287668354
13.142146846661115	11.162651546731198
13.663805382053688	11.264848957894689
14.901857902594957	11.250332968159432
29.499095798622843	6.6770518311077955
-14.745387329527121	10.945331319031501
4.181428877141692	-24.389317866826236
-0.3951847105914931	13.533036565354006
4.989115212356469	20.27399318341439
-19.457654498084477	13.370723758349122
8.865308177828174	7.5172268525652415
-17.693095585263432	-7.647542050017625
2.981558779340835	-6.682201643595461
-12.622280134688477	10.853732202787743
-1.4773074059411422	22.08729146069623
-0.9304544253047042	22.72283492298706
4.390892254536148	-7.811253134716864
-8.26836337125466	-20.49211579724949
13.879580273555606	4.33223878950361
-25.126932462316468	2.242338431529524
-10.250133242819023	-5.148481537106692
1.3630285096575656	-19.95698660756454
-1.4762871105207493	-18.470962493321
24.749191820611582	10.328734335382268
16.687103636877914	4.784751762792576
-21.855742748415665	-8.93710576835781
2.5569952500996282	-25.255309868277134
-23.63923128074835	3.4403641869053248
-19.61835115462208	13.869821658147162
7.7468603334978665	-23.158098946897194
0.034662647825929184	-15.401097832693324
11.860917160051208	1.8166251916800458
-6.691418288367148	-16.432486870747525
21.10654908529182	13.298359253434146
-22.50436368841833	9.309455092338816
10.729693852260631	-21.979269433910968
28.823169683501547	2.0042968136792063
5.268074250536139	26.75830956311451
10.450616206430672	-3.434234249360764
-26.42808013803962	1.3459695162371428
11.509169664201188	7.593843577432631
-18.107076741812445	10.910770167624298
10.376769829341255	14.57605908746286
11.246625292679035	-17.814883116909513
-2.8275801400275506	-17.51894509866085
-1.945708041590816	-7.291943308601621
25.183319126755464	11.322058459705895
26.421252282404083	11.330507650248215
0.6342086978084671	-14.898480116689301
-13.689864777109674	5.5737410155209615
-7.883159193727486	-12.714851457315703
-14.080005112993296	-2.6227964937612986
-14.662299545172207	-2.797369016601696
-0.9613990035008051	13.622868616889539
-6.710066734650715	-18.33544814682791
-18.914285304341625	7.506434862305229
-11.347235955998556	-2.412270641838613
25.42653809378052	9.039360729346864
4.909104756296199	-18.08140061641362
3.612101352780286	-10.813632562715998
28.6978947905083	9.760660919310306
-10.222723100999591	10.760584685812322
9.169232310292212	16.612614228875344
-3.47362897213045	-11.640236366259577
-7.290768791270384	20.049284467638323
-4.844139557634989	-1.4087007897473882
-9.795474054648443	-4.779293687102073
-17.646647492864645	5.261868320518936
17.985292290045745	-2.9903214820141635
-12.673819239243093	7.097758896665125
11.676515856172209	18.61376887567823
5.848137651973531	-10.793016467724753
-12.369723640177078	4.101633721870734
-21.36873552713558	10.347133729782097
-3.6047549979482643	19.246094335719928
-5.515611534539286	4.634052119632884
-6.438242614829207	-4.668618375795437
-21.332948834947853	7.435780068115625
25.773635818155142	-0.5357377640322873
-13.048687457856614	12.903533947912424
9.762628252132325	19.82719851180923
1.723233714496219	-10.330246161460963
-8.024557830872256	-0.24987597792702643
-23.031892777275775	10.749528410196753
-1.3803070822101358	18.177503792412836
-3.0761481873079863	-0.8566650235817973
-13.35443152710233	-7.4029448599169285
-18.525403709981653	0.990903366686612
25.039969365446094	-3.751640323940673
-8.563431803537528	15.260102908946784
11.25772286119859	19.76484278506018
2.477176181432959	-12.929178133999255
-8.448686492643272	0.7039971767135527
-22.25980860336227	10.827508677020473
-0.537175165446295	20.79126667691428
-24.510642132884687	13.494250905053025
-13.90144532564562	13.527825413295396
-13.897761330568596	11.849617254683066
13.235202618547303	15.75351625479071
-8.023062983288339	12.139911706681675
-1.715364610949474	21.661107213499985
-20.64016491791269	11.86305943458739
-4.022476234381887	4.614379638407256
-22.45431541793456	13.256828854497993
-7.1089722920280245	2.518642475416362
26.755180585667787	0.740895375273485
-5.0400864134497905	10.323481109580742
-3.0386508430916463	-14.73800558241148
5.4870920768846645	-9.550023817818664
-21.519027738221542	3.3391804024708382
-16.71135961224455	14.06317630371933
-6.692298008889063	10.709280417779727
-1.7306158939670424	22.721325654664245
-3.898638737202506	20.35240798934638
-15.291211382597737	-12.330959688013458
-12.950548828438956	-8.259341597281383
6.330624640085037	-11.276561457948869
4.153886647091577	5.21357760702908
-13.421486146415571	-9.52378848595845
-5.387807541292938	28.674460119365587
-7.728746927537686	10.586749239429073
-11.33485683299127	-11.094102756546508
10.575369118731508	24.792574182858743
-18.37710777107448	3.0655939496535747
-20.088068454002492	6.58760825476137
-0.8998665256754252	-16.714313480615306
-23.194192259213647	5.108177566209007
-27.845642739127232	5.652260099039606
23.603471179568984	-2.2743141379824596
16.300448710601398	16.14866228017753
10.653168721238263	20.14223393899787
17.12597350428435	15.506789288897052
25.750777550803576	-2.459728134613325
-21.656564397634106	13.271851162328716
-7.382491603884797	10.38893813610546
-6.58265681407741	11.763724293426039
-5.802022035975314	24.18850613129065
-24.905491238668912	10.997950711967976
-3.7977139962880497	11.02394167662786
-11.654536951161097	-10.715299346502206
-7.0990223495083065	0.21310631383149742
-14.398514295890095	-9.69097148030209
-6.591130440289201	26.92306738140186
-0.9695590596734446	20.706977037187887
-7.701234733119666	14.120947349661977
-4.579503909940982	-11.20522327284712
14.379905280751778	20.660804090724156
-20.49195578721857	3.3242441456583127
-6.488721901248458	-1.135702626676241
-8.59946602380463	-0.33497695383907194
-1.5087669392528738	-13.601743756694269
26.791768653724944	1.0099554924639225
14.186528517894915	18.07227741321459
-21.970846178482688	0.9761093700778568
-2.9439138701356447	0.1766652387939921
-21.28186598176986	6.45248728626641
-19.085324704307467	13.228734111783783
-7.315430632019865	6.192072355461756
-2.416747406459392	-11.715070561259862
14.677458292706193	18.66595127507489
-5.662643162070468	-0.9965830610938893
25.00877283945976	-4.130097212627826
-19.418226120930285	7.832560703953352
-5.34571042865385	14.167303671731734
24.398958415153132	-5.047820017174482
-2.511229805142941	22.970363686850305
-14.538743236815346	10.871978590019735
-21.652306603467302	0.444872227891944
17.00941223126181	17.19878140921104
-24.28764331305349	10.629638956790432
18.401019689285167	13.46101932086901
-7.6186814977232205	4.320223989743723
1.7844444482626696	-8.333858321337862
-14.768960240179572	12.183209455433378
26.67702458003175	0.059620918836073636
18.569523124691848	-7.31654696726875
-0.46163152930332957	-12.94445282174852
-16.82362535327171	-11.135061904934
-0.8137031835497863	2.0325478844086726
-18.461220499859596	-8.389869546950203
-11.129119266478014	-10.608434025369464
-5.311752174232582	11.792243638541537
2.394593189673936	-10.50938687631511
-22.905949843582885	13.244626532256914
-8.697313619400727	4.62809912213541
27.043260938032816	-2.2637374288865986
1.3789253847410525	-1.5235364636889877
-3.338947009517387	-8.75469856403941
27.52697088243062	-5.501170247599642
-16.648240763792554	4.577655195842829
-3.360474846013943	19.417943326160312
2.977270516093565	-7.551679909892769
-20.10351910140069	9.363313323846851
-0.05842784993591457	-3.7426924019252596
6.643834405877533	23.715432126971425
9.914945109174633	-23.663254740710773
-4.913715369020164	-6.296442745285953
-16.686053513722815	-6.706609940901725
22.20923361009752	-1.3493020988953706
3.3512835976990343	-8.666677831617026
6.551300625620068	-4.465961779604138
-7.241466966628442	-18.774010548294427
9.895371038180244	-5.574674621762317
0.49233980340122513	3.3188696509736695
6.571663514050449	23.507314628876927
9.356614071879013	-18.750262663488705
-3.850556638333642	2.7974714299789576
-17.51184796969421	-5.446423980282627
24.114376820061306	-0.4749996474363207
12.396371348895542	-7.5491623450013545
15.294038227120796	4.3957207276577135
-8.75389708772105	-5.3339001747004895
7.639363611402849	19.043273168722262
17.338399422926464	-14.141548090849993
-4.566434416072186	-6.6940951146351395
-23.214752132265907	-6.492301528685196
20.482434733927274	-2.094331371675205
-0.015116302745019416	-11.027256649879684
19.047407638683126	-4.618943310471587
-8.016339431824289	-21.412425662895235
2.5340414981560655	-5.419846789753237
-5.731245665204579	-1.0584937074205747
20.086385206766582	4.597713372642527
-4.059052752891364	0.7611915863380346
-3.1318128568368424	-19.942683244432942
0.7942401442891922	-7.693790528019834
17.278616085327876	7.240625178711583
7.768990478305638	-10.158455017712235
3.979529361322667	25.115194125569047
0.8189028419549464	-11.610709467251878
15.163717060297273	-6.4890179202319676
-7.340636557664167	-18.929900067843406
3.9127412887295163	0.3530448773376714
27.291610463903407	1.1385430745909302
6.028569652002559	-25.544615980251127
0.16401035070516293	-17.915340052767917
-3.2025016409474656	-14.618849448047527
-16.504233562352745	-25.317371430118136
1.4546018000203425	0.3494544166260723
9.149606949136865	-23.05069412218214
15.776246628355837	13.031130752362156
0.46790876125518305	13.795178896509187
-7.062196075039361	11.346985970169495
-16.657815815699546	-10.977980698091628
6.402690319338719	-8.057067894597516
2.683245724126519	-9.622284060417492
-4.694817180509551	3.000701614720371
10.696452625093496	19.73183905559321
16.22272646824433	-20.1102501126375
-10.230990519241663	-4.926289568484854
15.905486696476014	2.3248955339117283
-12.002646397644448	-21.55122659063132
-13.535198478407008	-27.45339300410112
-7.08040350589869	-16.792004870158404
-7.423559137731026	-20.73712396083703
-13.909756908659203	-19.284353935955604
16.07035787238161	-6.269693455339475
21.360487434023888	7.060597065954328
21.921935540231804	1.5320097064460092
17.29279492886792	6.804621607354892
-7.080684597908231	-18.014141559031156
-0.964053487586682	-2.164807795786501
14.373769922245026	-22.48701848128665
1.7752493820038635	-12.977817061181252
17.33365107999691	15.189854986205457
-18.158959781048654	11.958600691515972
7.898014527226209	-5.665064663322008
-8.91766334357081	-0.9745912108621663
2.5805376343190094	-7.879835204697244
2.2782673598097247	28.743459545814748
10.382870970013318	-22.732024721963715
0.008034849314552762	-17.85522741833817
15.638210869116275	6.329726113318098
-22.65782343882318	-9.348811552978972
-9.185152872673935	-9.192312136742922
4.787780961634072	-22.54186409659017
1.5638706770534707	-14.102808469398783
-1.1340457712126628	-17.044449991672078
14.369429843382603	1.8682768143821313
-16.8644111855522	-2.51985340768535
7.421522786998473	-26.326401370993008
-13.576807531702755	-5.032346991122673
0.3353344533010144	-13.393430546396479
8.851043360498876	-25.793934744450137
-9.154983911124056	-15.994683159542062
19.23296641758044	6.848629084044575
7.789168217273617	-0.8493402964477519
28.250504613646385	4.284315368466632
-20.65536552227641	-5.383672918829502
6.231205893872945	-26.51910754050581
26.26139882803225	-3.010231361477462
11.167224738575074	20.72756474041986
4.490202438545714	-11.560794445182228
-19.73116717086964	-0.047531417041296486
17.86987386808908	-1.8541318514252967
-18.938460158265794	12.727470290161694
21.20022819982278	-1.8710187031524799
5.108759566957452	-24.17429230746394
8.499948701778871	-18.281339840689146
-0.5345056428771916	-16.52092844621854
23.831864509695475	0.08835882852153018
16.52066286806498	-9.837427368098142
4.486822616486123	-19.176412770358898
-2.73335784491677	-6.888375506310394
-14.566865875726185	-2.582040912284746
9.898692596764997	-6.092668273156565
-2.187857502185158	-13.353329995830205
-12.42165090449819	0.7898482354326153
8.909778756037035	-11.466604228253242
-7.772586407840428	-14.016363466890974
26.61141707087386	0.7626880829008538
-1.8207949273105575	-15.461359885780134
2.683704703477021	20.92196733005444
8.77891586418945	-9.183158199791826
0.5121283654054061	-15.722132098347604
9.601429817868194	-11.50237953523879
-2.4273159534931694	21.31661600927276
10.94865448920578	-9.150997711902994
-12.835231086797263	-8.255188085045877
-6.540901530867418	2.174804112414591
14.084542978886791	-2.862069727283226
-5.78900396371406	8.76627172329755
20.368810407254227	11.242091180359152
-3.070922046852146	-21.7054475932277
-10.337282544807424	-3.2676953629012098
-22.22191385885852	12.463152421251273
-0.017726858589883068	23.502294003260598
16.162578120840056	-17.10525262166479
-0.9702303205710993	-10.6251068143828
-8.28533130647935	-13.931840054729937
29.106373136620416	4.378262813294056
1.2239062670395844	3.2105073871035446
15.967253459552731	15.250320863494046
8.728722786262814	-13.312290280127499
-0.7250685230514164	-9.731118674886327
-19.554320019209072	12.55322848302132
2.4048344941475603	20.79692504033562
11.6743041108434	-10.23060600647206
-7.921104566118358	-10.916672192110214
-4.719171974842403	-4.624464761561009
27.772192878357057	5.262301652574279
8.036403133149031	8.693876876041259
21.562908232823133	12.529245582437657
0.031828060543092965	-23.08930308479445
-5.203483311436373	-0.8004099096356223
-16.737033901275744	12.251893390636672
-0.08931137936856906	23.800418688517425
-16.601587635200293	11.971840925557203
2.9258317536216096	1.722180345144425
1.1095005680530243	1.3186067632191243
16.024751879985384	16.048960885692527
-2.5860960963293538	-2.595619278866962
10.310053237847429	20.25925537184053
-21.63487760180373	7.978101123231672
0.4659441337569547	5.287855714903813
-23.02604843456595	12.773408507024312
-0.6213860387702044	-9.161716450002695
27.09396005287197	2.2044070738413124
8.99591172965749	-12.317804181457708
4.666505745477498	-14.435575676319084
3.7864349728382507	-16.023868286354983
-3.769127054411267	-21.41150856652898
2.166211810506918	4.757032095166287
10.70514025127109	-20.282672904284084
1.0638335468338238	18.54634221343109
3.5309379465325677	23.100734658785093
-5.928634549869936	3.214809922623342
-11.148393353218388	-9.809409718991343
4.545734878862822	-18.148898895219535
-6.768066019779738	-11.727477331895498
-7.0934632880352195	-2.685665993392044
9.719615296343067	10.548765748261383
10.270419182683181	-16.024927023088903
-4.293830314987584	-2.712376416821332
19.661615948809313	13.14880655110296
-8.844510681245026	-11.90760963074141
-4.9136426441919285	-15.44335845463855
4.203485308497004	-17.37763129217283
-0.03605241642473077	7.84808988121015
-8.014965509699119	-15.302723606319153
29.076261779254406	-0.2505082689582723
20.82771783381033	7.620131944292196
17.5849328246335	11.878897649769273
13.061837467195206	21.760710784914327
25.121057199255052	0.2632566410202236
-18.04000799910286	15.427915039002698
10.243293426189807	-18.50663561048159
-3.689275102642296	5.264915365691686
1.8602236165176496	16.950977989480112
-19.97724223406593	10.223632015799195
6.743369479258403	12.03645751425074
-10.18917851168075	-13.1345992656726
-0.14170015371159758	-1.5031236096443474
-14.639361216402653	-9.895040931150241
4.070823394558496	18.394538631645375
-1.4983966277012715	17.995010267204208
12.816004836908276	-11.259014495250668
11.065961129802343	-15.76161871410615
22.80546421420437	10.06862439336205
-15.458254947608884	-15.98120234295741
-9.614063593550757	-8.59316282216646
1.859914961935268	-18.383166605069214
12.600063377266245	-18.977595998184498
23.56991679884028	6.077107720151122
24.134198754579955	6.051738048113415
-19.810200357792095	-7.873643924037066
4.515445551147556	-22.649357687552957
-10.971737766325099	-1.0024720757605767
-19.130427898070128	12.746561019377994
17.186597905837978	-14.837371927407712
-0.6736269097136908	-20.893152417724142
17.59048873735955	14.493483509755764
0.13937096333527088	-12.006346912608153
28.411993583472768	12.21549930104405
-1.4211926872038785	-3.5865193908532764
12.462367331369828	-13.177989826545193
23.61217580300836	3.3778523897660784
10.07248171388041	17.009417985618693
-8.388751710897738	12.723702781138384
-18.728685778153668	-3.7071583921600917
24.42668852415228	0.6495320832065364
-19.206937226062927	5.165534850815562
15.896180952630097	16.967299967950755
10.56120936114957	-14.092128457192032
-2.97700057867347	-23.678421860601198
-0.9266634475532308	10.05334779639358
20.26949151318864	2.3851057860552323
26.835062901449692	2.2478914825943925
3.334073734427604	-19.346705019976397
-10.181959792483868	-9.9713094002145
0.3481201336716099	-0.47933928501957346
-6.8428695813665	-11.81701558264806
-7.9513643992492335	-7.6042063007456155
1.6278586630371308	11.388172307329953
3.8724176898791276	-18.830566720819803
-16.61030027869992	7.921669188337551
-3.9934718129211086	14.045423395115957
28.14354518561356	7.729582402107872
3.5467102897480918	-17.91028444670031
0.11422751148767686	-18.652845285205704
31.63903545181656	2.739302664854931
-14.641121470598206	13.424071863475936
6.460235478021313	20.59897096423899
10.838767686573142	-6.879117321450328
-4.942121934551828	12.43344210442573
-0.2572049430408441	6.390062914371411
-1.3209221634466533	21.291436078086605
7.9487598930747225	-20.714414925774356
6.9977335781267405	-9.932918879124319
-16.006439301944123	3.3679619702613963
23.29422219734849	4.235539541331096
-14.091914493551005	7.9575498112553245
21.390345232873795	5.283330340204742
-2.9580477149980418	-21.191543289276364
-5.237841380029	1.125759108662227
-5.546435216216911	8.0924408996924
11.214454812506284	16.97398712799321
3.001319297917281	-11.99477087808955
-2.4591530867921834	-4.85031072800312
-23.13072232339679	-1.8749448886426077
24.5443857508356	2.659960086052407
-1.3876089544158399	-15.78748948192511
17.23408610407152	-2.454012170692861
5.585416710609935	-12.914472526858752
-2.849211570141948	-14.334501682429249
-13.81776060578567	8.849685611350825
6.505646722327131	19.47827787873351
0.04675853090211918	-10.334403414374618
-8.084827443762553	-8.830503656748824
-19.15415183544332	-4.535429805330968
17.595312023299986	4.664061983866875
6.101206991065252	-5.371270112733071
21.32561640555177	8.089442659088574
4.855294699457977	-5.140681200262905
0.5212609621123551	-7.366040511972537
-14.463843265954738	9.42288761157343
0.2684384271859621	26.569227579656484
-13.621971059573067	7.259386508461883
-5.003847598239621	-3.6380803887748323
-6.051400178076069	-11.218935940540629
18.003731214485736	3.529076854352925
-3.2254829507796017	-9.591282839074044
6.041904121598055	15.979567666281996
-13.427895952785954	9.984635009009287
0.022088934185456776	-11.610976632836374
-20.750738985043103	12.856144532001625
-4.4248577105835265	-10.767134571585053
25.056261144641006	0.8199044604876968
2.8758686138223064	-9.274829473754718
5.658008265948819	-10.365059948509007
-3.5748432419680403	-18.92014491268607
-20.73773029819138	3.049827826077653
3.073274934855799	-11.43452693173167
1.7052442563409924	-10.804481705839542
4.993840088724515	20.800366741345513
3.9915588365848444	20.91986930719177
1.0721361428346863	-6.753786039798218
6.275306491293385	-7.246404208292572
6.8715681803285085	-13.311328876319626
1.6103325813293037	-9.999723855961882
10.717325491623013	-9.212113989430009
10.271317905560872	13.907198144388207
3.2896546891606477	-9.565669996257022
6.650073043979737	-11.690383798085342
22.401288576962266	10.551005991056945
-19.426119955849064	-8.123221767024768
-23.475147995813906	3.57295296972302
4.854120084282447	-11.746147935970452
-23.863896702384295	0.5442162759730118
-21.538984826798554	-8.775369661742284
28.223141216602944	7.363947192461147
21.33443463288468	11.1629890287836
21.4352792453728	8.257852157064624
14.768130499342274	17.132794434179765
19.553548900178303	-4.4172907672451585
-7.792223969451308	-19.166240539852083
7.913892194523905	-10.86077605111808
-6.146134964020671	-5.697759835706728
6.3078158145322325	20.090732150431272
-18.37222869775754	11.857011572801483
-1.2271151874255826	0.9470223620173138
3.0127820178029427	-9.211997102002725
2.7536236456528465	-11.283731105526195
6.478579100680552	-13.873459321066363
-3.4216138590381835	22.909740854610554
-1.3061783974324803	23.772782576332624
0.28627260400679194	-15.501533567513487
1.3488688491077474	-19.661712384064494
21.631948189099514	7.1894036220689665
-20.252493334369376	-5.359575291570563
-3.7268844860071653	-2.391822800930412
7.516382920899902	-20.89340878230382
6.6458107579539245	-3.6931482561445073
18.206106251797006	-13.12528758839374
22.09059399613569	2.1693099241965834
-24.158497227219804	-1.8128850292669008
3.1008679237234302	-14.15938353981099
-20.65468586510503	-14.913156506757964
-20.207040545422334	11.958907960388505
12.59053068287623	-20.288321035546055
-0.19013095520698367	-17.465775400805878
20.241136231645637	-4.576764400742535
3.1888090379388956	-10.436022765147762
22.61461254935298	0.6272397957494218
-24.724448700858748	-5.212898971388334
19.93354096702084	-19.215602168542496
22.787858545658274	5.026983370036679
8.543456980412518	23.54771947740071
0.04696547695014147	-3.847643696361093
-14.361695025833574	-22.992724403860954
24.514834524995276	1.196752537357287
-16.422765135404223	11.414753168430467
18.007160691567577	-1.3384615833896023
-0.8357390465347068	-9.235816190082469
3.665714213103354	-11.401001819882625
0.8811231747539845	-7.0509270122706065
16.838354270855135	-1.3188123940462644
18.684072151981233	2.6031128967271107
2.415209565516786	-17.759523424559852
-1.9849387150085447	-10.556999962601735
3.540862944879847	-11.307018403840553
2.7717315320383777	-7.507548770699863
-4.901166876601936	-4.5356410065985315
-3.175320331709397	-16.140610241818095
0.26670698840496776	-15.968534116719717
-11.9865010531103	11.578013747316263
-3.3627397352050883	-3.577973462680826
16.66709978815075	-12.190958115456043
0.09228690686571467	-18.78386439237751
-3.650697983737231	-15.007840053985369
24.477922943144378	1.1492536561101767
-16.156899709631865	-0.5447317997834555
7.647474531409811	21.084503672456783
1.786375977075365	-10.744500955947288
-15.32205798599477	13.922273931742751
4.372011069224751	-15.582151793014207
2.0601215446059196	24.146572557314524
-3.8634752962180543	3.8531803407294447
-8.36706656131941	-7.547384411045909
-19.64826741791993	-11.989745979649998
18.4267448336488	-14.87775223796931
-0.9968137300997824	-13.1493427394483
14.523035692758032	17.153455465272362
1.070453676908317	-17.99984710163049
1.2233861672822541	-5.304396287233739
-18.355805123563073	13.953194714608932
3.5911383669743	21.577152188518227
2.8353661105233776	-7.302539471086746
-9.998427533826645	-11.61095329857993
-26.934540881140023	0.8441499713306635
22.3744587788259	-10.792645226414573
-4.288700986132668	-17.55981770353906
17.9719169758851	10.412206177202753
4.8352189322407595	-20.410927098960347
4.214057855529891	-0.22709746200762612
-18.421631210162957	11.91417046999391
7.976521239333804	22.238827004659818
-2.251433962946235	-2.5216348739712293
-12.027154574332329	-14.18202274336905
-16.92627449313759	-8.032918172306896
19.6206589521497	-12.425739027255778
6.309336812694079	-2.302085672910479
19.93277720021726	6.781825052139916
3.8572825193787947	-19.512620693130238
7.15212080989008	-12.283735350267365
-16.210115075202086	11.617659433159204
6.021890361591593	20.79152490442923
-12.940814919945746	8.228507441600577
1.4789120479815465	-15.383305620634987
5.082826622993774	-10.939024967628612
18.324526482196642	15.508266156956996
2.407281247423307	-10.269829368089642
4.195980299067721	22.65548102399287
-14.466548533138065	12.361056619623161
3.6625085301904337	-6.8202823633632645
-16.98496962559569	12.663474929474726
4.070834161263994	-12.463476672159103
25.366297458773662	-12.595603298333266
-2.337604149929328	-3.369662675736866
0.13235277294710912	-19.981264954629815
-2.2528122311803798	-19.651686702122625
-21.54208835770183	-8.647879548498993
-2.4679099076303403	-9.578478378886812
-1.9724781334144823	3.713152325284988
2.7623619543003426	24.18759863820605
10.80130278138915	16.18215776952907
-9.534610546444663	-9.74392833149599
-9.753291702223267	-12.622153284946725
0.7549265118035888	-22.185672847697848
-5.14212229351322	-0.9727211986616966
0.15677724635860235	-4.65672382349033
10.721069158981797	21.455263621746095
2.06376369768455	-7.497817377045539
-3.151717806040427	-8.860483389992845
15.766783903604685	13.285098667842787
-25.942090484600843	3.5657953939591933
-19.150005756341113	-2.186403335571667
8.835211247387852	-21.147209596767595
-21.92259717901746	2.2477326920324425
-23.055428151103076	-2.416957870612957
20.353202612558988	-10.432313220393318
23.627609201880077	5.400670990507116
18.407537512907584	13.408757421804985
18.89146567045973	16.623812551311122
21.078142860893443	-12.84645925191615
-10.235671024991321	10.468780159756207
7.256680497676074	-9.84912312003276
-0.11927310284347958	-12.419348862915943
5.748354004975151	24.443418706184993
-15.049719341715758	5.387501567217408
2.8884521300745645	-4.072440083002005
-8.911076014214359	-12.301968106169383
-0.1806342530664699	-14.807578292128456
-5.3414147441849344	-12.523980050196945
14.828977249993887	16.196689471887456
11.396239349546375	20.7019574619436
1.458963175443774	-5.409488231075285
1.1404930628499352	-23.58692657622817
17.38514806292924	15.833301569472809
-20.42142894332737	-6.669227528358904
-5.3344183984659	-9.410894827209297
1.0735410577612796	-10.666837453655098
5.7166168067505465	-19.71885863904716
-18.200633887765473	-9.552173682764469
-1.6577897208977566	-0.2960316201583011
-19.790622170580505	-8.907705910611432
-14.060609373396488	5.2082284537267975
7.555143247028746	-10.972446267263663
-1.6381587994222588	-21.718158559175688
19.537298548880194	2.236393680163623
1.7951503237071338	3.0406536553863512
26.322725285319777	-11.813314223209245
-17.896882560660234	-9.172453977308226
3.94129321310284	-11.00327651613954
24.911006080871992	-13.186003307294447
0.16751612458264659	25.08842618552271
-0.29020054993529826	-10.954298765982015
-13.589566919944254	-9.04116142191245
17.494788018642048	13.805828083351418
-13.972197433002652	9.450691968583978
9.980065706444838	21.58528357145531
9.480330510043586	-9.805284150232351
-0.22780272310834657	-20.816824861422408
7.738692548044147	-8.678502768346327
20.77275335452241	-12.912723277903472
22.350387735563977	-16.061332062863865
5.5382093129154315	-20.49997146045695
1.4998889012084495	1.3482821785258334
5.432738961865431	-15.761821080195386
-1.311617192981091	-0.6320365656457944
-4.261148651887441	-12.123291015214745
4.423473809689632	-10.941629836754299
3.1344396646015187	-12.746287998338303
17.5526113064879	-8.22566869802776
1.4074167113965794	-7.554662767087116
-0.42223383818422017	-8.040984942123266
22.716609956197445	-13.256665827525973
-8.957999694833218	12.731464369581618
7.878954233462458	23.21774684836644
-1.6718588864869415	-2.8651289894804406
-4.118254869618255	8.41247694911756
5.245759109074054	-5.279737177916858
5.500684906478573	18.805141679711134
10.937141019712021	-21.324275390518945
-10.581555875692601	-4.238285043621147
-19.50481406386366	3.3513439458419767
20.915787214483558	-1.5475739121328558
-11.565910350776557	11.251978796192223
14.56804499384949	15.583779173154895
-5.697043043020335	-22.4575409676297
-6.6958448898804415	1.6690989303341204
-8.044493701889188	-8.678941991163295
3.159405426616519	20.838288558798066
8.740974668535287	-18.485593079919866
-10.771129294252939	-6.706333954782247
-15.583096976972188	-1.1711701945911388
26.55489999870491	-3.9081495999134077
-6.2264521962930806	-17.481770220767576
18.41978204737065	15.176301976296251
0.9821546252009089	-17.743737797346302
1.7159549639140947	-9.20816217564347
-4.384917772640287	-17.094121645778454
0.756266400119881	20.839568322222405
13.439366086336817	-17.977749980273057
-13.293191970864669	-5.19296405780208
-22.516070292146452	0.873816055728141
23.386956427948316	-0.9768806934993057
-8.887667014642851	1.5862780602504003
14.919956098163189	15.303998956316473
7.527261099441033	-14.470738970630729
7.014196002235308	-7.708468929727021
-23.43989089502864	8.733512290534955
5.840501409430114	18.54975471269176
-17.37895165120868	10.695969153342105
-7.556336617007872	5.1919579012127475
-7.094671727922103	12.789931093389722
17.734691585236344	10.085445514968535
-8.40115908360101	14.345066967978571
-3.3016230411811684	18.886991194856915
-15.167440616321464	6.704767586948283
-2.6521659868042713	-1.7652193562818808
-16.083858598773183	13.821832538773874
-1.025755274375388	-1.6355981334023475
27.53020384781761	4.100263875772617
14.227923805832665	-18.79407166809041
-4.21442723829489	-17.70187287769184
1.3195325449230086	-13.749081031817362
-20.57635321683188	0.007380799606697436
-7.0311792572503355	1.3983323271954315
9.691313293395346	-16.839495828989698
3.6282558748921074	20.566454991225427
-0.5829072233999882	24.954942547949454
-12.369408096505476	-1.5845504192857283
-10.081314569182355	-5.328601971915265
-5.234912026676355	-19.59057196805257
-8.175531174709663	4.396835984903462
-13.261036126522342	-8.862301513857156
1.1400565684038415	21.498838010719886
5.644817670239753	-11.649301192801875
-12.343318230942309	-3.607188120307025
5.48403380532227	13.577185244983593
-16.27752071815774	-3.332362339759886
-20.80531226678399	-1.9431364151778485
1.9315181606967338	-16.72834558608379
-25.41749330553844	0.513099077363498
-20.524417353838164	-1.6837849437085728
28.983875341619566	2.7439843794537264
14.190501984220836	16.934679760034218
14.673513847074199	14.951642572718075
19.18519602140504	11.124038231998187
26.04606089892983	2.6148666446367517
-3.2484330427720365	-11.316262470544737
11.435653063071745	-20.488636514479637
5.257331714659465	1.144385384021357
1.9858743776666326	20.764434717632202
-6.946175106277291	-13.566690420156375
-5.517810901453003	2.7268625054208666
-15.600830897514497	-7.787067145095652
-4.816368062969197	4.527702164701546
-15.050860568771691	-3.7943804211057834
3.482389181724847	24.581890466656315
0.456091578488758	18.016649530605353
8.403661719076574	-25.300200238127474
2.601970680301017	-14.294645259867972
20.546821567311138	5.347760778161194
-20.432622152565717	-0.5330732860502067
-16.06581856372859	-6.293273454836563
6.834752700347918	-20.62695386200603
1.0119530952727331	-14.233223769634675
26.306730920392685	-4.12519658934502
14.013216545408632	16.89659472096167
-25.21884398113683	-2.7092250945333256
10.98005840203309	-23.01575286682946
-16.04791091491695	-2.831234628411313
-7.226925697698	-6.013146641806714
10.11404638112437	-20.801568675585685
-1.9552751787496907	-17.45136570536096
17.32530425433639	11.286734400668253
1.9156607348579346	-4.5590130243794595
30.457688773032253	7.753142344369694
-10.367783543908732	1.0000516987010768
3.5217081570108744	-25.205224390757003
20.720286667459334	-6.413853145327534
1.2014721108353763	20.32436950454287
-10.220957802112677	11.587637694483687
-22.332641372751443	3.843307033373452
17.158958742915765	17.590895907999595
-7.934379053249376	-13.31183967863932
14.955194453478029	15.691045991345224
15.191886575279929	-12.578886855458563
4.362737660693681	-16.964483719864138
-7.829516191927535	-1.2902006449003718
29.46669997197299	9.458687217737141
28.101467896928963	-0.6965714440433208
0.1315590849506249	-16.071638435053078
-13.630027198741267	-5.06068548188208
-7.045361001889346	1.1434212335947043
-11.385876282095705	-6.7223998587986475
-12.915455722052641	-11.054757238828861
-13.496517321296702	11.447154911332296
5.147227230914916	-11.857119688816223
0.7556218102925002	-0.9578709302297445
-2.2222527910366296	-14.00568778894408
28.89862079433864	1.7955395008561459
-6.814315700294934	8.254907023059797
-4.952547174131778	1.7224671258551731
26.838303211738527	-1.2613669242247634
2.2562828753026616	7.605661403559257
2.506781220484111	24.062025145151768
3.432212076355081	-11.966938753099308
-0.11352207717585872	-8.203769246762526
-23.645872639328047	-1.7721187239420197
-5.18946248028277	25.048682816992923
-6.072986114901061	2.4240474737423363
-7.59728972071675	-11.266297437714629
-21.36583730516949	1.862557753352566
17.800281338286982	-3.741797758175666
-10.223156229625975	-2.899790237604635
20.83177553678934	10.897615754575078
2.5592259935591026	-8.451138586274496
0.05395547310614986	-1.0516187630870701
-19.376145820440254	9.696762355043269
-0.7392358944570646	25.0022000492986
2.5051027121846237	-10.505194962964465
-7.135852633425626	-1.9131333925092553
-17.446852502931062	8.380363716364744
22.0174941458533	-9.790537443636035
-1.5942152401937508	-8.03868890684395
14.062683619863764	8.077738107927253
3.383618548068838	-5.488160704727858
-3.640923642591777	-8.20064182888286
-13.73338416620033	11.04489294849429
4.500091800915464	24.061149457340445
4.438599463709044	-8.495508423731167
-6.062359554273155	-5.872457909393333
-9.39020048562971	13.772129103414283
22.07875537900123	-8.175931111912643
-0.3996876971041828	-6.006609603721749
16.111109513605477	10.10254835243172
6.337254541210959	-4.711424912555856
5.0872735754374805	6.841949385084105
-14.642452821514848	11.459591982160196
7.575090134887618	16.944723166282454
-10.61856608946696	10.778301239146844
-15.289303331382097	1.1851271345627574
-3.5067978670562687	0.46212753255781314
10.007824494239989	11.148020820752572
-12.404295289878702	5.217080222637345
-2.6060640453874164	22.57285435009215
-13.314023334368631	10.209625604838802
-4.840044587399878	1.479883811900173
-20.789847796115854	11.797880836953258
-5.518112179114117	-1.844718632743439
19.26543581133565	-6.365718382016538
-1.208505184609059	-3.3815809558421766
7.1996042618172424	-1.921939846332665
-4.3811028387246544	-16.563057575896433
-20.625450023603506	6.637442591648971
-1.588501576856736	-4.356662570468367
1.5545235981106957	-7.820938470144133
2.8476705324826943	26.544027013673784
5.337231684482937	21.44185042821561
-10.400131160686344	-6.165194047857457
-11.718790249759348	-8.486174254455806
2.5540817614012217	-7.063588400985017
-7.039126033300307	2.588852567446501
-12.426204701008924	-5.128398923791085
-5.469145953778448	26.236646138963774
-0.23950856122012826	-3.293674717708338
-11.818648738341475	-2.004169848204399
11.102726964339332	7.272734488227838
-14.188559005368546	4.5418819443965415
-11.34770388930362	9.761063159669604
6.076507900109218	-0.6461759675288796
-13.846538301554927	9.747184734729112
-12.84894561741491	9.200458523771522
22.513454405064934	-4.808965347164784
19.315459630473633	12.829455772155635
16.842748709204525	7.960610944443358
17.598926818786826	11.92689259276337
20.221495649723515	-6.099189964178869
-21.079683157142696	10.854081626767332
-0.4295760093634745	-8.0383125811171
-5.2773796337912735	6.170161537508367
2.1600888195372723	18.807070568417636
-11.961859202096424	7.133049019025454
-5.818421551863494	0.15322269894976215
-5.548233455859831	-9.961599311270398
-6.887172447885601	-3.5621277685244848
-8.837207510841884	-8.372046795810826
-0.9463498783988508	23.865534355319536
0.06504092017202284	26.97164309008519
6.486746766198592	-12.697865201160546
8.84023340052101	0.6158643073073756
21.04414824166838	9.394938748618957
-13.632335403094048	8.290246551248252
-6.00285160438521	-2.9217550356423896
12.658340035119371	-12.090899015022869
-5.2120839472509255	-14.163596490459666
17.30847967952406	0.982671243242991
13.600043730648567	10.91569912130072
-12.829723309205217	8.015948043544471
-0.26512501840535996	-10.567229434584588
-15.932329089759556	3.838707987388533
-11.760058813854702	8.84626863468198
1.4647936284423377	-11.253711229522859
-1.564124051857757	-2.2918678003905404
12.800162244281001	13.21692961207326
-2.3057791022037124	9.241558188358391
21.2080595056147	-4.394357065556426
-15.195004690444792	3.5473581310823112
1.4267673372882372	-5.814105303742361
20.768124850234052	-7.1212001433555505
2.8145340902712186	22.38084430790226
-7.055551430695738	-3.1733601797939093
-11.966175115370957	6.435204685801368
20.977029897009523	11.257483332676909
-6.5416554989182805	10.75743050424723
21.073069073921374	-3.906936483998616
2.2459822138232064	-3.6222819944792826
4.841590151976108	-6.2855064317673115
-4.930256312437108	-2.0274496090395173
14.857533595916422	-3.373227320816055
21.60497396639637	-4.102867616636816
2.9815387423941075	-2.235884941745987
-6.578193496550738	-4.103172674460355
-1.5243506431894462	8.175975428077516
-11.061382523142772	-6.822882106242939
2.9671899818451233	-9.898561546085023
0.5038179566413153	-9.840019628981846
-1.2688526343404578	-11.205749047137157
-11.099253364124104	13.161144529922744
8.453868130860796	-1.3979089702022596
20.247928603824597	-1.8218247427295757
-2.5649244982853157	-3.959458437277812
0.6148783677723956	-9.390651230798245
19.025085972252025	-9.430854934010728
-12.90064880427832	9.41064920875147
0.5753376012528556	22.204987856927996
-5.916815235256145	8.812020663088502
-14.767505060677898	12.539110237331707
-8.026752740557175	-2.237078709843636
-3.473908012004783	23.98578567698122
-0.8461966027069892	-5.65438167067381
-3.1702481574516512	-3.7862029014338963
-13.993782707559205	13.450583817584018
19.44420135770682	-6.429896886697542
-1.9898322476085826	6.323578967335131
13.97393447579168	12.245502107575827
-5.876459104867839	-18.4888881567976
3.5340695538386595	-8.022657756322891
-7.900862774774285	9.917802414052252
0.09065574385058225	21.96708814714285
-0.14955647914700132	-4.004048310734118
-5.071101383810967	-7.459484971641992
-19.317031287737862	6.453737878045029
11.781296684172748	-7.632628465896798
-10.033683892640953	14.46259854679341
12.62658322565968	14.521728830328504
-7.174362879020106	-22.24444729944927
3.8013563884563877	-2.8424625017619283
-8.649173949012264	14.032409612147479
-6.476217934398333	18.330648389454133
1.6266504072377657	-6.45817779875078
-8.237039187240548	-2.9380684141632076
-12.126249944527325	2.1976101006342526
22.303772996514564	-1.340142400188905
-13.600660566328385	10.823143250596466
13.074486067181578	17.25031002250085
-2.453189759937273	-16.036339992550047
-3.847783660251094	-2.2447910187272857
-13.62439860636392	9.396363253326536
0.23953157952255363	22.215324481451134
-6.031728900780036	-4.79530260567472
-11.913296842322689	2.4391600077969002
-11.248218798861286	14.38714553184159
14.131444851598733	11.647589763655349
-11.526374164048002	11.692265495249277
-6.211567105022144	23.171668133742113
-19.457949924221538	12.53706093922913
6.088322762124562	-1.665439042482116
-8.425908110902961	6.152860057416003
0.208486335139933	-5.782026718386938
19.194938584234777	-2.824490267887971
7.480328911314955	-3.6499484792090495
3.789981664864807	-16.548630976877213
-4.373944716628035	-20.214167549844117
-17.81645273490926	5.685476716700711
-13.333143474974609	12.137255626328194
11.9494466274547	-2.850853398851946
-2.551060503541642	24.705367745591474
-5.020612105218926	29.18104717803765
-10.278134974111838	-8.193101671005858
-4.975539637447179	-5.268819606525324
-5.712753105582698	-16.583505443677073
3.184710704265697	0.28959753257956644
-12.781050704869196	-5.399215176079917
3.766010427055965	21.133187240160897
9.74557837666487	-2.987517605258293
-6.353355700656606	-5.781088922558686
12.979478081489694	8.32201308447105
-15.11612042939618	7.976504655220741
-19.66403213214436	10.350869706131812
-1.3142691446066395	-19.26748526667108
-10.899659076179061	7.758558184848005
-11.729700554991696	6.85485673657084
24.670998289653706	-2.4842165282675377
12.630907503563856	15.222642780216768
18.400918632040234	12.30075165525894
12.540614884957686	16.0827454673723
14.722783553507496	-9.148960232651872
-14.035547652397316	13.954674773163543
12.078386956204898	-1.049656885783282
-8.431310294611968	7.447045257682879
1.7190601066362736	18.86946328022288
-19.134284486287296	10.247345643201601
-8.02956386674286	13.667265944513387
-10.487811260527227	-4.105273506773605
1.0666052380821882	-1.1496164419385257
-13.005807526559988	-2.861947317998055
-8.668202061416387	18.03116866650387
-1.6767291999180527	20.1752394991253
8.369924948507247	-5.324976627494312
-5.369697228737155	-20.91676781639402
14.402484063022355	12.35995279513845
-14.24755129872277	5.822474931935978
-3.3505539086887555	-0.12143154399093581
4.92283435693753	-4.665540082561786
-2.056050817705168	-20.89438869469731
16.816787862493495	-6.476840411997196
17.732687266831267	6.034736358057807
-9.321476354012125	1.1937138252953174
9.011906290931027	-1.7483953452682006
-8.287227333869415	4.4057237124911985
-10.217245775952113	14.705435789401315
0.3512075560095258	-9.301816894568862
2.6876521180171227	-19.398467586705344
16.339429930231457	14.442773981279597
2.3170273581637115	-6.330344396472559
18.587689377471136	-2.054310510962002
-19.56432164054667	4.334830411666536
7.849308211951519	-11.56993515107498
19.827837145465217	-3.526369307005869
-8.731133156567964	19.212174954042457
-11.460501460774687	17.13996327436047
-17.043599939853742	6.544386488168958
17.517060326737468	12.63779875573779
-9.232535942863864	11.29114952860392
14.435628299746837	13.89373165162525
-0.21833643227408056	-6.355326809185682
-4.608340575256722	-20.386210836949186
-10.675351710690506	6.664391359288544
15.685810339732459	0.16902789605247143
24.452900204896224	-0.8279886472996184
-2.9389327974961597	-17.521443584465825
-7.632723080785003	-8.821738173551845
6.5552912710108915	-2.4050866599897396
-18.887073310665507	-9.23993155501802
-7.4263926527812965	-5.184674728377034
-1.8239222062506946	2.6021312904127134
-6.310198840734282	-22.13889974610361
-20.864820534493962	12.305432012127454
-12.113897644622403	13.200220949403317
12.445831017638742	-6.109588880108684
2.050506553917938	-1.5418843988659623
3.681483934460976	-10.32803919532992
15.062209710919392	-4.339508238760355
-18.41686239327991	16.336308722833408
-3.000235639651995	24.708334100464327
2.392767122358683	-6.71456268763158
-13.793263432605542	11.37923793087732
5.687505230688523	-6.594340570827446
3.114206427522463	23.476937424559143
10.295470192083915	-26.12080125595899
-11.271214994254493	-5.577373956615735
-15.877266744401963	-1.3921460029667843
23.25862727258422	-10.464070611008927
4.4066278466948505	1.580661589464517
16.83652520378583	12.770691257573661
-1.476371687300459	-17.68780948230021
-5.96401281158032	1.2459135662770862
2.409615233435024	2.5033335332378717
-0.8266981470751618	11.510223428736351
13.734726136825104	-16.00050935425781
-10.649446983621154	-2.8992137358899965
-18.577109189689953	7.734767919170327
27.17028156281001	-9.278618625602633
2.4501398977100997	0.26527948128430456
19.23687416627809	13.891041411560055
2.1796761605858914	-18.93325550956983
-1.3303422930904332	3.7577594082245795
7.617882251762425	1.6800958768122474
7.592143014422993	21.04354014542539
18.12503812412869	-11.033008606652722
-14.567557531721024	-2.766779887269045
-14.541337077047178	-3.282386480654656
17.051949500105234	-3.711031649371212
0.7610755420069171	-2.7043561300676995
17.294990101092743	13.877028485291115
3.9763959778612197	-12.934554234512976
-3.193478278133578	3.4544646987711105
1.6360982850078498	7.230750974059848
4.900521260266046	19.411533533610243
10.393361229871328	3.1173286848082413
18.162278500711576	3.093768339158319
6.424045893221364	-13.67259360847534
20.228480606136152	18.25483844477597
8.401421820871457	-8.11798651800357
-0.07419781808432324	25.07011790444005
1.0146602438147234	-4.3380960722397335
-3.5772317514555927	-2.530593032751849
8.546921018632755	1.25798148601944
-3.733612945423784	0.06105410515607806
18.311908318403212	-10.617537717379335
10.205012553260653	-22.307298541390338
14.708518016826323	-7.213266509978243
7.9965302074774325	-8.323512200517037
-11.791566276706119	6.75109311386336
4.368809582432692	-9.682615621317739
10.372404325852088	-19.440286864677258
7.694727402179449	22.40133009859121
-0.059080382234921326	13.218460291459259
-14.986070196583489	-5.945378992295229
-10.953425896566724	-8.183192332638011
4.183673766149286	-16.191305269127454
-0.49537493576174085	-6.229449870778781
-10.040463652910743	-8.520582419538705
14.536838124700395	9.44297287783398
0.5920568386502646	-24.160950604679304
-9.785996218295248	-3.1504265457677776
11.815517405147501	18.09499667138803
-24.348631725721166	6.568694286932498
-21.91291648009969	-0.09207518993215616
0.6715683930953069	-16.972952745621754
-24.361747613970373	6.391823188670389
-23.42380032681356	-4.102362940219027
15.668550437943372	-5.8349033373358585
15.409617079853177	14.773715795829977
17.458842300778254	8.682676264050233
15.12066989838212	15.73634806979722
22.361520952838767	-6.728976562653351
5.216270634630238	-0.22861102515276505
15.147400196604748	-14.08279690963922
9.641226690447473	6.10013835007674
8.448126628078612	19.980222364659888
5.180610866694715	-3.0578936175129106
11.490361081720012	1.8127951897790848
-13.629799990427328	-9.870785506622818
-3.3872683765860305	1.8022678638404366
-6.1667833710364794	-5.645781765285332
5.796437172865744	17.90328162755402
3.9215055510325825	23.129657652221386
0.7164320201120178	-26.3291588761267
3.8349980142015436	-13.50733132639702
17.940498181406756	15.605452408285355
-20.9825165027664	2.1321326409798655
-9.727204358317831	1.3934318319895673
8.004517945850477	-15.027751747639835
9.796724805252426	-9.938207342231063
25.09251451673847	-6.802428405839046
19.94874527284446	8.820686731601956
-21.26677442895477	4.7549164504967045
9.924033803659661	-16.93988017366541
-5.173489631282236	-3.6841516434865555
1.1252205889977709	2.5676795861562223
13.821360586518402	-18.581310906613396
7.7247400172141445	-14.592443279152251
15.210076675797954	16.88750185048555
0.3540594120226747	-8.652487362766939
19.502471748487984	-5.613777068340216
-9.609463761339594	-0.24563331448539927
14.811105105307057	-17.544843052448737
7.840934405777991	-11.920022348954879
4.295867513165591	22.493727766880536
-3.6761225598565663	6.810183438377867
-16.83902784866047	-8.981367854297647
23.159513162302012	10.49792076167884
9.85347197058961	-2.66859678989754
18.288537355544808	8.124626764256144
10.754078560171319	-22.18019840002958
5.632793609734255	-12.430080975657837
0.957315700161318	-11.085687513646288
15.038665199553526	-0.7050092920458124
16.049230956906943	-9.840013000352052
12.726656069290534	-8.172492091564386
-13.830715983862545	-9.841248098544517
10.08910079553491	-9.488524501091955
-13.40534567896996	-7.42860171412155
-12.344791109184268	-8.509795147824835
7.941810893445127	-8.391494106833361
-2.370922610604403	-19.873713599514716
9.260730717032207	-0.24885977956890815
3.9560047730162426	-0.14058912090059153
23.33772619585189	2.5917268708578405
-2.6658300528223036	4.860680545053222
7.3216597392330405	-4.675469986479707
13.762674994508536	-11.41207790330276
1.6603774534262474	3.538859449939312
3.3951235898850514	17.290543076671167
-0.9971495491931258	4.79204198033661
8.393462706684538	-11.019350750915558
3.484600002243904	-3.5931830074199564
-3.2982849305707767	19.68616629566205
2.504932442648201	-26.788717075233304
-11.61135767679034	-8.655031451923309
-5.36932526493488	1.9436051615964813
28.248099281718854	3.1715939489291185
-3.858900921869862	-19.819742205608893
9.122727159886088	20.97271530897097
-2.3279986550124914	-16.20259300259021
4.241722487267611	0.9787169876152313
-19.53597099847458	13.914892454738705
-4.07420023050914	26.589645216585946
-2.4816053414447357	-20.427457092060735
-13.473943084841169	-9.714449446695145
-21.064677815400426	-1.594120099297596
29.75346828168402	-4.213202052585479
-1.4676493485490112	-8.137683698723228
8.024929218583384	19.832120298689333
-2.931128834830937	-21.24551096779723
8.331712067342147	-3.798362589188443
-8.92472895875407	14.933819299341591
4.275277377821576	18.109396227934425
4.191619553080609	-26.330085517372925
-9.867283261518413	-4.912576451653154
-22.188742152164455	1.7217485552808345
25.714340141759724	2.410467853106046
-1.3661444071888482	-10.514335904006092
14.610069312631943	11.427191377089366
-6.843770446817021	-22.783262729899707
10.339908960142393	-8.0232077591359
-11.363329865911696	13.636534188025923
3.8229708550732098	25.281180762773445
-16.452243826688058	15.56782494476482
-7.772641404733634	-21.737354150779343
8.249050920478743	-12.433824359594546
11.141187869441733	18.489279989216264
-4.515023478727081	-21.564035645845415
3.5464947849393162	23.554534703061005
-11.057293809577395	9.1921276458556
-5.772364320895448	1.3872603311924472
-17.629881088346504	14.573047309325485
-5.621334590434169	3.396811748003735
28.907175815282788	3.1203881027120413
12.426637899343836	-9.400685656730143
-8.153915029400755	-18.08385156996346
-3.203731927946665	-17.11465793884347
-20.54229826980264	0.18784077047126532
-1.3007743130327913	-16.317962569763296
7.530962109533847	-19.02285312287355
1.8386850401568753	17.779878086697654
5.34524722278183	17.28217205178702
-12.501535464777978	-11.782451544315828
-0.14254447002922155	5.8822817492646475
2.8035326288064923	-16.430185541168136
0.9590499333407371	4.96844669058654
-9.375432271138521	-6.6483952199243195
3.665982727692136	21.709073428197218
-0.014150490079312628	-3.008833083908342
-7.418171550654121	-8.868757288334521
20.472602011274308	6.244227685858001
-13.874982940589511	-6.526481018963596
-12.33167865672662	-5.769084769980083
-7.455062792292788	-20.60360238089972
-18.761774898076677	-1.5235191739224694
-16.298639386611534	-7.073091138695407
27.022379870185283	-0.8951614237160515
19.66100918060377	12.753369597130655
13.762851033774318	14.965480765029163
11.346409406840058	17.365275235241707
28.893844437841363	-0.6962450508624146
-16.55424901876305	16.578024751972485
0.8235497918790964	-21.55115509074337
-3.0765419331947834	-13.450929270459461
6.719503594422011	22.398785214817853
-12.561567912662591	11.038947142523835
-3.7738787586075047	-17.040632565596137
-3.7596890115557446	-3.8587555691649325
-6.096969741233301	-6.81031463121813
-3.3258324345172103	-1.963016531276274
11.654185226668401	13.122769546383239
-5.113892038258265	21.267201353479635
10.996812469989177	-12.746534972093684
-5.215546309847587	-18.694343540767825
18.971544793142876	18.460533483881605
-21.451741376442662	-0.5467567569155847
-11.88166991005818	-12.33122466744153
9.311907885047702	-19.618146969259524
0.8467016250351413	-17.34366638620742
25.3207375705567	13.704954412881515
11.098290401517778	17.439186883836246
-19.063195790909564	-0.931702107177997
10.371022532744325	-25.376200274410724
-21.49656679419076	1.2471718706976311
-12.538959412221237	8.238924685329803
8.98639800106585	-22.460941341112488
-1.2219443221056536	-21.258009055340484
13.274174421084863	16.969081346248757
1.998833718030133	-3.629513077678008
25.47047203450328	2.385648545733936
-13.899612559800667	1.5463644548411497
5.696285250938883	-25.977777752561167
25.67217177473547	4.45184209787866
-2.818131619309556	22.742614167203662
-4.22461705704124	-14.610089947770877
-17.39632052254918	-1.6840627398617187
18.842792499548636	2.345770829565785
-17.021231232396907	12.709430712313647
17.4769295342315	16.118422895201196
6.170011909423911	-26.121513200785603
-0.11726222140432156	-18.516517221072316
1.5580827055686204	-11.999935680154652
27.274401307277945	-0.5617252754327906
28.771152973133006	-0.36573641314616284
-2.4031385276136574	-19.20890929114916
-4.065945693781776	-2.6845839625313292
-1.5959549314944865	-5.426684689202631
-7.350283724300952	-6.903627646464319
-13.368804423577473	-5.274129924509285
-9.257995313736474	-15.062936416035695
-7.886445379285589	-20.109301086401402
-14.845730517650695	13.919284179193077
-2.156850024543271	-12.980858808492146
29.634429798238504	3.9918346885140585
-1.7398298042668006	-3.520931321157537
0.12126758616507655	7.698860599109415
26.296132972180057	9.479989140444697
-11.528540006320663	16.072473924184543
6.758203648512514	20.92116880607602
0.9284746768227357	-4.357180495405554
-20.868558184872175	12.101933177971997
10.458125837412771	-6.823524202981322
2.9513671844403695	-5.727677847141391
-12.25577016259352	-11.29373382478948
-19.28994857950785	9.03274680335643
28.218302604692717	9.660606381325355
-9.42786681142561	3.432241647603488
12.58874481210435	17.712383917548884
5.095929936499762	-8.48466108453694
-9.002712088761804	5.004641888571579
-19.579225890516625	10.917224734185663
-3.5753734089211013	24.88043673021463
-1.9047904318527396	-7.056397263794717
-7.072795795491399	1.1695145966778542
-17.893244650423814	7.828342431696771
28.683538382854444	6.9721471260678465
-13.104933047243613	13.531992901032986
15.812226336234817	17.111637261038176
-3.0914485453126876	-13.90885366775226
-9.52411702272677	0.8703913572584111
-20.091217473736464	13.951415992662193
-4.428366101188942	22.794701993321045
7.790345944522307	-5.304646259024601
-15.937312785470978	-11.065852426624824
-20.19349368762458	6.092263303778408
20.47102567729851	5.444200145860704
-13.236578300239241	13.66823195035912
10.44592581132156	15.897442549043163
0.30702788452342117	-13.048506832652969
-7.238239748223479	3.9130884789826856
-21.74061234582694	8.979787493498478
0.6067333368609098	24.545415914674432
-24.98908511863271	13.198492465076614
-15.123183904346938	16.818211690162695
-13.735515438357252	12.592726643442008
15.371543837457969	16.498478796064134
-15.796967943853586	14.997972250585079
-6.41043911994592	22.834029691512573
-17.756593513764724	15.01712570364505
-11.425382628634573	5.185085209781487
-21.32560959186025	14.35749040274294
-6.488808822859316	-1.7442872643785958
22.706049005043972	3.6997005375364713
-7.87237291124614	0.9634626825771408
3.4913222904627443	-14.800592416812838
2.910724422776112	-12.72612894352421
-14.39564290659888	6.4509736553210075
-14.69632298992928	17.813202968694196
-5.287503473975745	2.458934842257614
-14.072226109250092	-13.59687350697751
2.3598177895218306	-12.64923466574464
-11.520048205356124	3.797966585774166
-13.109095897352791	-6.050895820466464
-4.540512972167971	22.88252230686072
-0.3256006378471164	-0.0665601111456969
-11.25506758256281	-10.808226723378967
9.668978472235423	17.055192750985075
-20.17294353812962	4.557509241037828
-19.56090740859228	8.074925985801064
0.5449136139917247	-13.986639004719706
-13.976495497140283	10.818185685318443
-17.09580103735939	12.51961582101551
16.796291584094256	6.653524724916288
17.390284439466683	15.982160827457422
13.95646679579873	15.650110333881647
13.258842512824726	15.164148310482162
19.943490750325843	-0.11686794832541647
-18.248645010990487	10.650015958439628
-5.147233977337822	-3.4527565906202327
-14.38422891579709	11.218280627890298
-10.340377375565268	24.146771588223807
-21.10249588735875	10.099481165386017
-14.930031614000773	14.461217904720955
-16.350907300625938	-3.673643339494027
-8.779571360144635	6.221950807491831
-12.176730081514929	-10.536045228365623
-7.047878711348535	19.776399153922416
-7.182996022163253	23.885621793422246
-2.493934323870155	-2.398639726302455
-2.530723910737225	-17.674764494881675
10.570292154487303	16.579257403637918
-7.905058181208136	14.10664565521833
-12.045698275693352	-11.302587301753546
3.7900850930366006	-4.562764311365754
21.679335383621368	13.976830344135356
19.856638154178505	8.17429061749967
-21.745454757701353	8.553708525565833
-1.9787115377880378	-5.486847880473464
-12.641125867094395	10.253714932613484
-13.716600151607972	14.233424706415247
-2.1304809248347008	-5.782599884859112
5.384884385239137	-14.077590349594523
16.555376751105527	11.854189106755651
-6.436300237498931	4.934244095119408
13.742689912857356	6.647079390806415
-17.111599884695828	4.159534599046751
-4.008183246878701	-1.4141854971274306
22.431633767006527	-1.524760176677476
-4.198113288808882	23.131974907173554
-12.23300064777338	3.640676353259461
-17.367029827351807	12.165773776163753
15.63104328908693	16.128899009065723
-22.75319971201907	14.462101389750245
15.979532783822929	16.532635256701724
-0.3698349324989967	-0.9342950816342639
3.2811930643707656	-12.363947014812942
-13.780450563238189	16.52310551540223
27.24842272292383	3.141026834706991
20.571887121642828	4.875308753442727
-1.4938515345710521	-14.978740989137629
-12.205457662769348	-5.83232316097908
-7.930525790490952	7.396627265369117
-11.112742013469788	-7.253549731353241
-13.54469726213641	-11.211898620830768
-12.557996394923045	18.608306883019484
1.2674537763081404	-14.20581058756052
-17.702416848291936	16.202748392934023
-16.882345754712674	12.789679675362226
13.632622883295943	-3.912195438961954
24.447729098102595	-2.882300936653437
-10.79924578452532	6.985609126339555
-12.355510893162675	20.043789006831872
-9.09125520215604	0.9522992957260508
-21.092000182643247	10.484441408299848
-11.756622229503753	4.721961859722969
1.0513955957727537	21.10111664085422
6.500132804938412	-15.91722947293946
-11.53652749109624	-4.304775496801507
-23.11092757384964	5.462729976374953
17.01601780801573	-1.9363632478405175
1.7887726935416834	-11.971244093160033
12.735887131305986	16.71204760438202
-5.374952534069833	-18.284194693674472
1.4803459724937957	-3.9601100166968193
-12.85105214116046	-0.9247320449173213
3.7370052822493487	26.268154179851695
8.833682676553147	-16.953033259244073
-8.766559106345738	-7.687994656286134
-23.415198405585816	5.337577084109567
14.50729682866826	1.1536952433548555
-4.604088246375246	-10.540384406890949
11.057647275960953	19.3071194932834
-0.03430126473525293	-16.044192665274696
-11.19925658459943	-15.396503290836986
-10.87010051058699	7.578453172407308
2.173849328453758	22.766813989307234
8.790545726290832	-24.72585009881785
-15.238314634271685	-3.0090229984074672
-24.661267784695585	3.1554933610854734
21.24445968101403	0.9464091811017046
-4.0524071426186286	6.255031502692527
17.250607819895848	12.408120253000117
-1.306145484079485	-14.510146765101455
-8.168389091013086	0.6556708084100398
-12.257771469634076	7.422472211247845
-2.8327728396743135	24.01466853533425
-7.898580825225342	-0.10886427887747599
3.387671182109021	-4.845579218795989
1.2256271360933384	-7.7362922036327095
18.90809974439673	6.127447059792397
9.1183711182282	-10.947287436314218
7.096678481527182	25.63250004808978
-13.015995257027358	6.913300917455009
-4.515613287798581	-0.5751746601953955
-8.48329094965177	4.99739660003265
-3.9660058886215563	-6.556017550542916
16.431183257125646	6.683942553912029
9.205717354566502	-19.769094856459983
-4.849787305846389	-15.240564785053
-2.9706765506695203	-14.710562471992175
-24.235235106370048	2.584956192798785
-6.6257311737466305	-0.9484169673033126
12.570499130608265	-22.272450893152897
4.69425715631156	18.328400584384877
0.225167191653167	20.063008940062073
-5.628774826483861	-15.1751373193926
-9.470658773039183	-17.440205806237664
-15.534571150920804	-8.018816162968335
-5.098242537249806	27.33282802566646
17.185016119754767	-11.613687092851913
-14.205484966103734	-5.0938371943552045
16.592425632544735	7.148771146883926
-31.14282094050473	8.225451270418208
-28.32410238236865	3.1636261696127628
-3.807199459319567	-19.74323681163446
-28.78257804462946	7.454366155026641
-28.84115111482223	4.480023514812277
18.024605540652974	0.2209380861253205
15.29254304698165	12.468101337360025
17.310856063644078	8.048994668607271
19.80141424435336	11.150911363422356
5.0887364192634825	-7.791727489322428
-9.688718013662362	10.368169101018395
6.810688314327667	-25.290171013998044
3.8185359888551345	0.7536992746274178
-3.319250139752049	22.186303686039004
-11.159115046005805	-4.42470829694717
2.2887007649871154	-12.629864889779094
-13.008280696721178	-3.574475269297113
-10.234422940223258	-2.337658401491436
-19.13132004914305	-0.763805572037067
1.3822993531529444	28.032184491206564
-0.6067379608472969	30.051495709001586
13.192811814063651	-19.159093465410994
-4.510333108078057	-15.973723718636586
23.66789561029403	7.648739956467997
-24.78843205301841	4.730723586936492
-16.816840308503266	-7.629406875956559
5.217011634444148	-23.786584410100186
2.2098549557746074	-15.273895344202995
17.354795935533332	-1.5539264571005236
17.78311466318175	11.894472267797518
-27.865617307259797	4.206827869304646
1.2926946125491106	-22.27990366493021
-3.196232687190317	-13.086269797899295
-7.7206873982673185	4.816699293341769
7.9330876840034374	-23.32895051142644
1.4893763795373347	-15.790602565358112
13.684562297954493	12.0847579503625
-6.368573779668222	-3.8910050556467803
20.093314425379205	-6.309219018369787
-27.12124266125129	5.963415921491449
14.428015085490562	-15.691783303638998
23.240317186221912	2.928383407022753
-0.750980370231069	21.860836407905747
1.3649314872703253	-2.2473579559873897
-27.513992614339184	4.708533282568075
19.41919463645767	7.985214911608709
-19.52550967065936	9.292503475056025
15.004870138149222	15.846144805101455
11.688678307144897	-21.618545950276218
-7.778485177132677	-19.597433063938077
3.371983005801718	11.455545923064847
26.07222984293956	9.209751453922868
14.37725994168288	3.1615905524956847
-2.180328462348752	-14.940175017422177
-15.265037483862294	-6.331935680327975
-5.171667785318784	-9.942529135894446
-6.117623167045286	-9.687823704993118
-9.075233307152763	-3.987598278173131
2.01433796355231	-9.487773040503521
-7.435103593832255	-18.12987722146259
-17.11726659410122	0.7216464236118593
9.370198386283032	2.581127316899516
23.77308775959204	3.2400319057570948
-6.010019894103027	-5.379073311734784
-8.52336164757492	-5.213804329898838
17.60763775306946	-7.232339596999967
-2.2568605009615	2.3629628990810123
-0.42201878239708385	26.121079919373898
-0.41083934006819356	-11.80946888202733
-17.40146828812132	-1.2624425454203834
-4.313313110296588	-6.9236611624075906
0.4715913850047646	22.689758743478315
5.804216667251279	-14.626782534846184
-12.1649173659235	-6.581520094396242
-26.14486639949789	6.107079920792195
26.7200517963031	1.7890552097582084
-0.8280476651308386	14.180277556847415
5.391090911908367	19.53730521725985
-7.040741187084986	-19.01961971084253
-11.967636482113228	2.417811430942661
-14.591542844101838	16.49216095103916
2.3007643975943655	18.18714864327559
6.217628269856575	-10.903865435127345
-16.481400342052243	-12.415439515048636
-25.417422285458642	1.7767593101729804
27.37015347402105	9.001754758838866
-5.5613832340414096	11.02742063822596
17.769684345224178	13.535251740147368
-1.498874636906158	-17.105141632695673
-0.03308858996328079	-8.766967576370682
-17.024714250586864	10.08890020344116
2.3011160260118837	17.63138206597004
8.400654721974368	-15.564037456446005
-18.08362106192196	-13.42090420947995
-25.883347999252972	10.84517249176059
21.008004455586455	1.0612398200513964
-3.89960316782903	-10.70274821529509
17.790869925776995	12.405497764917955
-0.6250580115708342	-16.02974046964962
-3.189906106034556	-16.125114182770922
-6.505611635218271	12.71551489087909
-1.0180760237112947	12.16924975587768
-18.084931216795518	13.755657784779327
-6.598345661795633	4.879863549824754
-9.228897290413821	-10.388200419673012
17.573798381279968	12.610933501139593
-5.982192245283443	-17.47659384163008
2.893154646027386	22.70281259337183
-16.312448675948012	12.194285808093472
-4.343467427106878	-8.00180063359431
-17.906335868828545	11.559690563888067
-3.1587394198615284	-10.375145640612901
27.990459525133094	10.210226716141255
5.319514686726829	-22.483111016743507
-5.849977819967864	-16.714387354932413
-5.990598907710696	-19.96739388612413
-11.56315584262456	-26.079464757282818
8.090663259230594	8.675220925304771
4.9047125551753235	-16.696578917415604
-0.7846880824869387	22.898321660805138
-0.29276705411457343	19.41334133661351
-18.74145682852165	-11.228091474357425
-15.379321919765054	-10.901871280214552
-1.7768363630772344	-20.705561861781423
-2.2636678933923453	-13.492017192967673
-12.937364395738854	-7.209390452013489
0.5966164361159643	16.601968776660605
6.9476145679829475	-26.404317817968263
-18.820590808231938	-9.139505934545582
13.784982069381691	14.122096753585957
-26.454750090918253	12.152638096052353
-23.81751267961933	-5.608676482982938
-4.336774894675063	-19.06687097702069
-23.437271212826875	-2.8549093955914358
-28.416433827593245	6.454727664273494
26.143345259847223	12.641211635874749
15.642655651997408	11.44093742995168
18.99533610905117	12.066400814309338
19.439291841298814	10.904320930652522
27.35307837527347	3.782054669218491
-17.197516478751446	11.320299236172607
9.963757769644776	-17.38944539898624
8.003353345753897	-7.026537267409449
2.7795638594045253	13.758808682188311
-14.367605340202115	8.594154996037954
-6.221152095849854	7.674298634475827
-19.903865146337882	-11.691664136442904
-8.889056504634869	-16.241777880351385
-17.055140004612195	-9.15559274435475
-3.8745497869154444	11.754850814088266
-3.4527528111548578	17.191302683968967
5.446711184289008	-26.81234548310666
-7.977243835931679	-17.051860469068295
13.527273541626872	12.715109548472062
-23.674342482203386	-10.898278390978009
-19.739492436421433	-7.428442498605692
0.023531468896575355	-20.29620127600118
-2.655916233890344	-16.973356649737813
29.059564980932546	1.1520889428457632
15.300275306305162	11.06838842846232
-22.945776066084182	-1.4090506200320683
10.85426606163719	-22.609255730365977
-22.000582360526185	-0.21917372270087998
-19.388949678331272	11.229786475018557
12.35657987745083	-19.326732468579586
-2.265260095694813	-18.69960158066328
17.160474802538864	9.522619208983203
-10.470488420085985	-14.750655898081346
27.700739912068755	6.519293861830116
-23.169121290125876	0.9192897389047647
14.5805047869845	-7.769446453294591
29.531618816057716	6.838158737730937
2.5693418714189566	19.19029684507562
-3.3745678833072885	-9.737166462115509
-23.226634762526572	-12.900649613843694
15.422144715818249	13.882043827516405
-22.233200947036895	10.961681379526985
16.610758312828025	11.58838114671847
13.561232299044061	-3.368916625851276
-8.90374905241386	-17.074866391306074
-0.5627976411360457	-8.376161570014148
23.909388640911605	6.183164769019012
30.033582344447755	8.041275047502788
-0.7700767255264516	-18.69490644233136
-9.147119847040544	-0.34556733763853914
-1.3540666741381229	-5.512043489992613
-15.718316729197136	-6.015887748467485
-21.99205843270929	-10.767380355321299
4.883679942458125	-1.6214433687624104
-7.509317843798369	-21.328064164381246
-18.623666911815302	7.711658664361367
-3.5715456912323353	-9.030797717980265
28.101744890977848	10.03954398851873
1.0148644449762927	-17.359854551581332
-4.173903741755444	-12.850517297784966
16.390870054107005	1.8105976142477547
-23.346556010573412	13.44489998301965
-2.623811028034957	7.49096574352191
-5.253382734967357	-17.677785472509868
-12.087041134636753	8.84138396925362
-4.5924992023047215	-13.039435729848268
3.1080865644952103	24.082040933359345
-1.7016647559361777	1.9459290336339687
-11.001994153830662	-5.378599741173052
-30.382031418120256	0.11629243807044859
23.469442720868024	11.084931178474392
-9.546703267974761	16.100550849454365
9.223053308959367	0.8875211946072009
-4.7238691881214665	-18.44954909243177
2.6721892794731925	-10.049368162823658
-20.59563482215426	13.931627239243626
8.342898747361959	24.410671150658818
6.723189355682778	-17.12880392096766
-8.601805267150356	0.197647757579553
-25.826572977410514	5.8732460004594405
20.500340478493996	17.83869470289847
-12.615089862332159	6.1720498445571055
10.918196970457252	2.7276955860862206
-8.869361695115295	-17.10263273005621
1.6593759175975649	-13.28875227915129
-21.283857024628926	11.657631373250375
5.3668730520009635	27.945087724998945
-2.59973007013823	7.2148611133810165
-10.036663088391707	-5.571829795267124
-21.232834466261078	6.166823849581394
18.4155554678526	7.243959055473836
2.005031634352446	4.557400604717201
10.973833915448422	8.82011470992936
-12.574071393646083	-18.399174907351554
2.83016549100974	-13.775991308960961
-20.189720230074457	13.442313711963067
-2.797316979144396	28.934140049189867
-19.39054948794683	12.97242311769598
-4.901302290051209	5.01418960374485
1.2953205851682799	4.037067192946187
12.098699565591852	8.962272814386042
-6.097980634786294	-4.389998403503134
9.23275588426295	13.568012545452214
-14.095798435068884	11.187111466549162
-1.4860200892604216	-14.954905935904863
-11.742618010614366	11.085239549818512
2.9099334908167767	-13.984224777295752
24.54780093498778	12.39574752781971
10.333033660354642	-23.487692084551277
-9.114799819458502	-13.072445587109101
-12.621552565016444	-16.080238816778746
-26.62945935412551	4.910791548197286
-4.054408368358509	6.411279183263202
5.596202104538033	-26.85622928463942
6.483855089740262	26.053524445253345
6.446688965033395	25.273787179856114
-17.781207673442648	-0.4496758601958116
-15.187908273006482	8.4186308293909
-10.079355588572247	-19.1650631236935
-0.770465455762893	-13.248526114220379
-12.32484703087837	0.9917527304585706
-0.6415240297903709	24.61544730912703
1.8636408084198302	1.7656757027512928
-15.170447324259477	1.585493537771359
16.844132301580405	11.963510857143197
-18.091392612138883	-2.872174076918331
-24.33097739379502	6.194872269072984
-6.25891331687033	-19.168751854236717
-25.479015496430627	9.208912917553485
-28.35425725296501	11.940458507700066
23.479323375670898	10.79972078809256
13.14719094534472	11.175057782941646
13.695535476085716	11.27759555697467
14.883832005372009	11.239252824438225
29.48415477371212	6.725538771685003
-14.806757396076865	10.947249847220471
4.212364247107634	-24.41086990400314
-0.4899178041578803	13.490819935706277
4.997919781138995	20.279153143995117
-19.43426003799961	13.3410885871621
8.921415267787173	7.488855697930371
-17.687554685824203	-7.7151529831389025
3.001935448471284	-6.657195897935346
-12.67283104266963	10.862322553896695
-1.4981856580494006	22.244201220758747
-0.8832117222660103	22.601177043027704
4.410612007938978	-7.806341766791465
-8.409442733726289	-20.558618598984022
13.80163889333042	4.303445961709498
-25.109791318553818	2.204308040249381
-10.264663000007726	-5.244536339417682
1.35586409602977	-19.957940513063075
-1.4917151163067481	-18.466749436415416
24.779858057170046	10.325396893171932
16.76328371177541	4.701979357515874
-21.768961010055133	-9.003917343146371
2.5846993015505837	-25.419396753607572
-23.686383171650117	3.263657394755372
-19.571463733133996	13.848427754290242
7.717657269379517	-23.176275745253427
0.05602209157184893	-15.430034841802474
11.770252965248874	1.8058951889910098
-6.733171941548448	-16.400926679752533
21.095395759316734	13.240838672639436
-22.694130181350985	9.271984657527934
10.786771868557238	-22.068086040114324
28.8261707831021	2.0754401842218297
5.2356645548367595	26.811129589483645
10.471497640245437	-3.4522302253896977
-26.37343878593082	1.3909304633753188
11.515891966258502	7.618656228289207
-18.064250181324606	10.845279747924478
10.456993428349241	14.518290392435532
11.125250548694668	-17.84314166109599
-2.7196348068096756	-17.41623389696979
-1.7862380192065341	-7.413227016359823
25.27580369676327	11.228020053129073
26.401463622446595	11.244363009529184
0.7138032518663598	-14.989130345256005
-13.658357935275713	5.591032652958247
-7.873870182749782	-12.809096133370414
-14.091197619768362	-2.6870158840161475
-14.586730923703328	-2.8817799032265
-0.9685219471074294	13.665302215578361
-6.7185977409158175	-18.21475345461339
-18.941308531064454	7.421500049430754
-11.289376653543039	-2.4531988872789046
25.35971865597768	9.102260113934758
4.921714885728129	-18.099720597975274
3.6673533720594134	-10.875638238758322
28.642513529546132	9.720419223660175
-10.090315284778264	10.765099827509328
9.258436460220901	16.542116001356217
-3.3840909806171977	-11.600295068496823
-7.269375546778932	19.941211366615036
-4.891588551631252	-1.4014587311632791
-9.770764881763698	-4.88224975639069
-17.67004348717072	5.167735784952969
17.992792812135306	-2.929983179263815
-12.522531990825602	7.0553721029805425
11.57045605357547	18.521261472802205
5.9292048307695335	-10.920028184877195
-12.489568027041022	4.06055302161103
-21.423418131872715	10.317352246539397
-3.6897761956123385	19.119340408382136
-5.516327969271088	4.733682739217692
-6.548395251349401	-4.785989908261394
-21.38311873330863	7.379291338461951
25.814478175809118	-0.5307563282440703
-13.173426462047857	12.807820684395
9.77363437254951	19.789035724702753
1.629049705849931	-10.41803410690623
-7.9941546174019935	-0.1366258099597961
-22.952205197630178	10.73809649550231
-1.493135570466741	18.15661339747273
-3.0480962655288617	-0.8395444997727112
-13.276632880198171	-7.32004935745492
-18.484286250287305	1.0115952986280752
25.081031517327496	-3.716700537472341
-8.604310971599565	15.255287352113847
11.163451705798288	19.819197993196354
2.471526794600401	-12.850392387590004
-8.523469003888582	0.6943926422246546
-22.20240468899254	10.84824759035958
-0.5603510347125894	20.699367285590345
-24.554136620394548	13.536200399457266
-13.9254293008853	13.452909078404096
-13.951024451593758	11.855429070292944
13.26043785999413	15.688538847804326
-7.958155274912668	12.136694363713874
-1.864678551015026	21.447182573801808
-20.618513804543454	11.879119724060832
-4.0090964172540025	4.672201122465424
-22.395279766188175	13.255342299966177
-7.071779005084348	2.6030129270528786
26.683140107388866	0.6760201723134479
-5.181427537729878	10.294314547042019
-2.9870840815213997	-14.833156430499335
5.55042084142997	-9.492955175834018
-21.51839422694982	3.3025901710516465
-16.671097824062393	14.081350612801208
-6.792474285736383	10.700432426594123
-1.7270429557054163	22.74906146037881
-3.8577515385509207	20.29771055660084
-15.360208006561136	-12.382959912939329
-12.810565678990889	-8.210656636161113
6.296076450898413	-11.26898931509677
4.1981735703843235	5.116604580158688
-13.502749835664323	-9.552462988043116
-5.332751747919382	28.743849000344067
-7.564701154647778	10.490899766191218
-11.399313356573192	-11.016165194712249
10.581941085752566	24.747825107102944
-18.42931144286872	3.059649262744715
-20.050512472874072	6.638291989617122
-0.8850577188745308	-16.75829582244166
-23.310001385818985	5.086107949010744
-27.887531952556955	5.584854316819405
23.58349496678008	-2.22048555454846
16.14704087497916	16.111253665153605
10.731074337340186	20.34187633483318
17.156512743647934	15.510996891451867
25.716675689156173	-2.450891664080463
-21.698960114252518	13.333963956243286
-7.234679251054724	10.433481099618119
-6.375517771796185	11.68920127944946
-5.719144811386561	24.290876074624446
-24.869013910784336	11.052784589592152
-3.9426323581309557	10.956078510134107
-11.680703896121793	-10.725846981873032
-7.0227672365870495	0.16690437489076396
-14.358056339192862	-9.706835307734835
-6.623179005463521	26.99533300957726
-0.9767943070560048	20.72856188671988
-7.709195809242577	14.1991730209606
-4.57735294289444	-11.205826938324245
14.473768412690005	20.773922551424604
-20.51576874884288	3.221192598384111
-6.591029914400278	-1.0829162328380775
-8.543010421569862	-0.2891854802467282
-1.5375392668480041	-13.494377652324308
26.776578656924176	0.9962287809512765
14.094401135630527	17.925639084426532
-21.97798267111415	1.0333594681903238
-3.0051420827121653	0.11827592897007394
-21.400116604286435	6.325779632527813
-19.10464146154743	13.175320150412087
-7.349049143547533	6.103014084467499
-2.3633078727471237	-11.579840490797618
14.699708976991412	18.687330730877342
-5.713033887039709	-0.9087641508987485
25.169452710886816	-4.1283732249044425
-19.45237709813647	7.983454073386822
-5.246531515510398	14.227995298732186
24.297046603316346	-4.981747140067064
-2.4117826561440037	22.90451999309017
-14.578705158258114	10.894484324698507
-21.615171830185275	0.5813984598162429
17.18333845266343	17.185491570430607
-24.215893073945626	10.649202217670094
18.382687316586527	13.450003108488714
-7.703945536123981	4.4183283426923285
1.6935650585786617	-8.290381592290219
-14.923047493852083	12.153524482003549
26.70960576320128	0.006040789938601073
18.645720355837206	-7.412281033599184
-0.4684713345849911	-13.107483689710033
-16.913505558070412	-11.159561104249399
-0.8102502537100381	2.133569763172
-18.532064400059646	-8.405660331129155
-11.220335397971303	-10.643087137945217
-5.238089279347745	11.844760226731943
2.489066936442587	-10.477251193842188
-22.833944251519352	13.307866417776626
-8.664081166539008	4.539827117905778
26.940417042404253	-2.3212780556109553
1.3546052595447984	-1.5549312902335912
-3.423051988762471	-8.718037462058119
27.493515474419365	-5.501953636379996
-16.757642489770088	4.549370259618682
-3.3753592478098717	19.523912552586445
3.0231146030600637	-7.5850978958881194
-20.061274399463574	9.38154562696364
-0.34077929922984496	-3.739278414612903
6.591698413908555	23.73988867750944
9.878673395186707	-23.669674295859746
-4.848029982272795	-6.355527357194356
-16.639530803245155	-6.676222949029264
22.321409296127175	-1.3486731422215068
3.327123603304653	-8.73528201148861
6.647326049285855	-4.598995987242199
-7.236316053450966	-18.73050325362106
9.980291475709192	-5.5414173650951275
0.5861285165619791	3.3282076758510235
6.608561628610848	23.489572853743123
9.435942715509166	-18.796767485599865
-3.9620538015189104	2.894670596914368
-17.556750128366875	-5.350107111048342
24.11300258485218	-0.6001964762669089
12.462722549837704	-7.506211318224654
15.278741721199758	4.3484605356167085
-8.70730720261237	-5.361462910695491
7.6050136592352295	19.1031522553647
17.250889947241994	-14.155467212759401
-4.532193623516748	-6.704245733882726
-23.34697519156932	-6.509608474254736
20.563855870510714	-2.1047098766896633
0.04484746679006667	-11.0889851023945
19.10158975725705	-4.599109799467945
-8.122996251291424	-21.378408001756004
2.346334905246469	-5.316095941915593
-5.792025507320814	-1.1352603081582877
20.152115335574564	4.5957182776084435
-4.191273016512709	0.8588039767419297
-3.16276037481998	-19.975998467149825
0.6939724729356804	-7.641387838389355
17.290062535136272	7.327978887891504
7.7221534166105705	-10.235554374815502
4.0123602414996	25.067908210457148
0.9373938581613802	-11.717087039584108
15.18967715283391	-6.612293522710402
-7.241124888165339	-19.00570821387695
3.748079215554147	0.38872620433003285
27.273418391360675	1.1672093189701727
6.0916879147436624	-25.51092073066835
0.12495149977044531	-17.96965978731454
-3.2687638841423197	-14.847822892933996
-16.55635100905124	-25.18196704620958
1.5299677072560696	0.4652736221859339
9.205403509505173	-23.069293750589583
15.836780409534507	13.058769105020072
0.3984075757154285	13.818804064411628
-7.0078328511315515	11.274525820868586
-16.681324349263388	-10.977686664691483
6.360260598645425	-7.993837638699314
2.618330308994885	-9.674889573087343
-4.701556332831037	3.0552122512603557
10.559918687990377	19.715419051201593
16.24210701907447	-20.294833084966523
-10.176498628688655	-5.008158131737571
15.79051090110601	2.3686310817785525
-12.016176643157143	-21.467938251190812
-13.523308607662466	-27.483735334609424
-7.138476461517695	-16.93589584266177
-7.512117458058815	-20.699071056358125
-13.91757156493045	-19.231373034723227
16.025527925185855	-6.287917578453088
21.311732431794102	6.87383237574403
21.957655610898538	1.5365878895806782
17.31907917112054	6.853516437327208
-7.106960977592814	-17.967890526429187
-1.030499675876995	-2.2110502593569614
14.299739533834018	-22.48098618633458
1.6450871005083907	-12.849613694904695
17.379788057528533	15.200877435087339
-18.218190227414166	12.119471625353919
7.889689630019557	-5.844838285208696
-8.912867056823588	-1.0721605647746142
2.6265835937332356	-7.793600630850333
2.3701307609986086	28.72081320473485
10.426960805695561	-22.641022259874738
0.06348941405482131	-17.901918548754004
15.660394253479671	6.461579153102908
-22.71559035812354	-9.37498713224252
-9.14402425450768	-9.090902630612083
4.676193167669576	-22.403824192909596
1.539130321866504	-14.154023280154997
-1.2078280206275724	-16.958224213822263
14.275261375487414	1.8620118391607798
-16.9236409079188	-2.4202152970626396
7.328941064092847	-26.28925329838545
-13.652690393651842	-5.129512161474511
0.38858043145834925	-13.44226193749133
8.76559439027693	-25.81819855280286
-9.192452019573707	-15.852811005431432
19.189165443949246	6.8144889873890655
7.844376446594389	-0.9450799699470157
28.21018307936888	4.305385253988997
-20.67231191941907	-5.422969131179058
6.173457753171105	-26.547411219928808
26.271903306610966	-2.997621041071149
11.20849563809515	20.85726120773545
4.5578707052976615	-11.49723079306631
-19.701794679422743	-0.14053024438748773
17.840152155989298	-1.8766511986162304
-18.968323367959577	12.744146238555034
21.203667228798103	-1.785430819806842
5.063336602874434	-24.22217490414047
8.66565909797357	-18.248791943857494
-0.48277798205594397	-16.516188563083727
23.76302294040507	0.25569196247459774
16.47731881156783	-9.816363992106234
4.55306121120221	-19.20288383828503
-2.6974426582130033	-6.85949507751019
-14.60868845075072	-2.549423061071974
9.869553131552086	-6.044789754746157
-2.1730416447270167	-13.373370738511511
-12.460234611924024	0.8389038316969014
8.807384751372766	-11.363446776592331
-7.76837835011259	-14.04689829302847
26.630656353585877	0.7645440377533226
-1.8245233756483428	-15.54375239263849
2.7236498499551325	20.97880996786578
8.891951078918916	-9.318481924835352
0.5497555302064191	-15.769754566789848
9.623138511430636	-11.494881259006576
-2.470194740016498	21.255647380814835
10.925035188283132	-9.14840749034693
-12.951544028435272	-8.11296038411077
-6.472265093787372	2.2804726579344914
14.133825094295124	-2.8112027704075424
-5.7064757338149015	8.698798305037782
20.391245430844492	11.290205065069568
-3.1511629208998424	-21.799807767520832
-10.330458014619811	-3.2843970750174805
-22.235339573824184	12.534324945921426
-0.014192058655270155	23.44131516650585
16.129966975623283	-17.045590975242153
-1.0071444308304403	-10.698420013047777
-8.230124067883667	-13.907834909752376
29.08543909541799	4.506287816489984
1.2513327493204733	3.2640006890527427
15.92288306603756	15.286546802271555
8.618888110851	-13.31782184013773
-0.8042300611396022	-9.828019708286586
-19.60326395826923	12.548596537158549
2.3753357079594033	20.703631254929768
11.615015786741907	-10.314470313722033
-8.020855768017146	-10.892232753749031
-4.744688089863215	-4.625963520440276
27.752914446914367	5.393490497500414
8.09998005973595	8.618429934193276
21.59837404027212	12.527016176092465
-0.08288284321493286	-23.062384197282327
-5.278008076338519	-0.7686511103840546
-16.74926958475614	12.367411195296395
0.012494592047196433	23.798814470795385
-16.527076638261565	11.927671852880346
3.0134761847214464	1.761358186508764
1.1176000417718266	1.2618812840796656
16.06470943086982	16.088603961032597
-2.6847017864090055	-2.6439958537805563
10.29755927649552	20.22843892163427
-21.554632040734038	7.901258366655493
0.40489436729035283	5.355293674747469
-23.088657782366877	12.807259421710029
-0.5727532466581331	-9.146409873873601
27.17378608393625	2.1958669823954606
9.077713482817606	-12.30855319786968
4.7092046490244535	-14.459047039137525
3.7630447107626064	-15.792974602692874
-3.763950040483397	-21.46624329325649
2.1929101306434857	4.801672578059151
10.708978908444958	-20.327011080152705
1.016405308116928	18.50613401285548
3.4702441559839183	23.10847448216229
-5.885028078538148	3.1495459141026663
-11.21901848967338	-9.865441570609711
4.532098489859013	-18.079093812606843
-6.734562134290979	-11.71899821613391
-7.0375868406182285	-2.7242521916755145
9.475034618535148	10.664333708216898
10.382189629479615	-16.005064423847866
-4.27962469077033	-2.647746045792232
19.538463393093462	13.057547964435596
-8.873007090435303	-11.814142974549013
-4.995536362894674	-15.409817204259847
4.372947872183608	-17.26393013183057
-0.04796563743297386	7.812447181382236
-7.9646751734047605	-15.336182172749544
29.045029586585535	-0.2038605508594374
20.867679247157202	7.704907572130939
17.48540381680866	11.8911183290593
13.17304735221526	21.890145499973872
25.211594698510087	0.24250115919334375
-18.050646442815122	15.331849162947265
10.299027451254554	-18.552936387537436
-3.798696798483783	5.415108403985716
1.7405646837241775	16.816233776236892
-20.037596831505784	10.269082876228806
6.738040939458107	12.012798065962453
-10.20397505242911	-13.072785372343196
-0.21622620711482415	-1.441021059682051
-14.554539960688055	-9.799118690133549
4.1781790676747175	18.345149549898643
-1.4436397036612258	18.105152217443376
12.896727215025315	-11.29442690866326
11.02386386268583	-15.71804137034806
22.882909534232393	10.082302059033534
-15.46439325116434	-16.04601685644997
-9.553784380315175	-8.628108807717783
1.8743519327104863	-18.369590627401838
12.793909560886734	-18.95879925512105
23.589476833855993	6.08525654730684
24.167604533777133	6.007837494503023
-19.874183837500738	-7.939617310121009
4.519181910077754	-22.657185736319775
-10.937614326213769	-1.1103955220395945
-19.1366611542078	12.750093253660626
17.173083953657788	-14.904750587942772
-0.688450123708463	-20.822539834568218
17.53556158434243	14.464727749630512
0.1652013889978899	-12.046229911962334
28.35649297777388	12.234614509824034
-1.5094363953944125	-3.7017070197051245
12.57165031916605	-13.100898148966166
23.65209270136396	3.411053669252491
9.992418160973287	17.01468206522717
-8.287543455225496	12.806220951613355
-18.679216676191984	-3.669705568750524
24.459952172702963	0.5395595721335674
-19.216518417164792	5.101790862728845
15.844426130134892	17.020545901406745
10.382722397435485	-14.190976665948602
-3.1188722843279795	-23.775968894735975
-0.8766025622748624	10.007058836565529
20.175542761660267	2.5234701750103037
26.838423645585575	2.1916993426621554
3.3158016220843978	-19.392068721827897
-10.194383885633034	-10.089602487184797
0.29856679266043684	-0.5504805609462535
-6.805944928377729	-11.837475975600109
-7.872495410485442	-7.555772525606984
1.5481081001322348	11.511452318319543
4.010990045652239	-18.738617435999704
-16.692106811588005	7.890031244736805
-3.939492319307303	13.957344165891364
28.16603463577999	7.771053352888369
3.5772295815283752	-17.916211310488332
0.14081183008341575	-18.6607338648894
31.67154036456309	2.811050530141034
-14.641815371075888	13.294839595022973
6.56512960937625	20.54057370768529
10.77955187934542	-7.0516038906414495
-4.884874702670188	12.464283725110484
-0.3458822711580224	6.358746651736979
